campaign_id,channel,cost,conversions,date
1,Google,3504.08,217,2023-09-20
2,TikTok,2510.89,381,2024-10-04
3,TikTok,1520.5,401,2023-09-11
4,Instagram,1432.05,428,2024-03-05
5,Email,162.01,267,2023-12-15
6,Facebook,3080.93,360,2024-04-03
7,TikTok,2649.7,474,2024-01-21
8,TikTok,1327.94,51,2023-12-24
9,Email,1238.8,318,2023-04-22
10,TikTok,1034.81,188,2023-03-17
11,Facebook,1039.29,372,2023-04-30
12,Instagram,3530.87,480,2024-07-12
13,Google,1975.12,10,2024-06-04
14,Instagram,428.71,219,2024-02-24
15,TikTok,107.65,324,2024-09-28
16,Email,2150.89,109,2024-08-25
17,Google,3346.68,220,2023-03-29
18,Instagram,2614.09,438,2023-10-06
19,Email,4421.39,181,2024-10-11
20,Email,2499.43,305,2024-02-07
21,Instagram,992.2,61,2024-08-29
22,TikTok,1295.23,122,2023-11-22
23,Google,2706.57,128,2023-06-06
24,Google,1797.97,24,2023-08-08
25,Facebook,988.53,276,2024-03-10
26,TikTok,2393.75,155,2023-10-23
27,TikTok,145.11,235,2023-11-14
28,Email,4008.88,319,2023-01-27
29,Google,1934.4,352,2024-08-27
30,Facebook,713.56,126,2024-03-20
31,Instagram,166.74,193,2024-05-07
32,Instagram,2013.87,214,2024-04-16
33,Facebook,4911.59,235,2024-09-21
34,Email,3506.58,142,2024-06-08
35,Instagram,1816.64,159,2023-06-04
36,Google,1227.71,476,2023-02-10
37,Instagram,3762.96,233,2023-04-26
38,Facebook,4925.17,465,2023-02-16
39,Google,2455.89,318,2024-04-21
40,Google,2094.6,76,2023-05-06
41,Google,741.76,152,2023-08-02
42,TikTok,828.3,48,2023-07-08
43,Facebook,1011.83,346,2024-10-03
44,TikTok,4355.25,46,2023-09-30
45,Instagram,2726.62,445,2024-06-18
46,Google,2702.79,260,2023-03-18
47,Instagram,229.17,471,2023-12-18
48,Google,3671.86,150,2023-03-28
49,Instagram,1669.24,47,2024-08-07
50,TikTok,700.11,336,2024-10-14
51,Facebook,765.56,400,2023-10-13
52,Email,4136.17,206,2024-11-27
53,Facebook,2426.15,236,2024-10-09
54,Instagram,431.06,0,2024-01-23
55,Facebook,691.87,302,2024-03-21
56,Google,4262.91,373,2024-04-30
57,Email,2356.32,62,2023-10-18
58,Google,4012.8,413,2023-04-18
59,Instagram,1518.73,35,2023-12-06
60,Instagram,873.24,34,2024-10-31
61,Instagram,3845.18,89,2023-02-23
62,TikTok,198.2,124,2024-07-09
63,TikTok,2021.16,330,2023-06-17
64,Facebook,2672.33,1,2024-09-26
65,Instagram,4870.71,403,2024-09-11
66,Google,917.11,43,2023-11-20
67,Facebook,958.19,280,2023-06-05
68,TikTok,4033.84,365,2024-01-05
69,Instagram,4648.91,378,2024-07-02
70,Google,2101.41,84,2024-11-09
71,Instagram,3659.61,447,2023-06-17
72,Instagram,508.05,301,2023-09-15
73,Facebook,1803.25,480,2024-04-01
74,Email,4177.68,494,2023-10-01
75,Google,523.36,54,2024-01-20
76,Email,2374.25,330,2024-08-06
77,Instagram,4427.38,382,2024-01-25
78,Email,347.74,474,2024-05-14
79,TikTok,4332.2,309,2024-02-09
80,TikTok,2735.98,278,2023-05-05
81,Instagram,2042.15,422,2023-04-23
82,Google,674.33,302,2024-10-23
83,TikTok,2799.16,264,2023-07-08
84,Google,4780.32,105,2024-01-17
85,Instagram,4180.37,276,2024-11-04
86,Facebook,3868.3,453,2024-05-26
87,Email,2310.69,340,2023-06-25
88,TikTok,2658.31,353,2023-08-31
89,Google,4648.44,218,2024-08-23
90,Facebook,3444.4,146,2023-06-22
91,Email,89.1,376,2023-09-09
92,Email,4132.66,497,2024-09-06
93,Google,4951.51,31,2023-06-28
94,Google,133.27,150,2023-09-21
95,Facebook,3648.21,66,2024-01-28
96,Instagram,2769.77,28,2024-04-04
97,Google,2164.79,97,2023-12-27
98,Facebook,126.06,9,2023-02-18
99,TikTok,1260.38,435,2023-05-29
100,Google,356.78,493,2023-04-17
101,Instagram,2039.53,42,2024-01-21
102,Facebook,1592.6,57,2024-09-04
103,Instagram,3672.59,47,2023-05-26
104,Email,4888.81,79,2024-05-23
105,Email,1501.87,221,2024-08-09
106,Instagram,1376.68,243,2024-10-23
107,TikTok,1674.35,219,2024-02-08
108,TikTok,2800.09,345,2023-05-01
109,Instagram,69.17,227,2023-05-20
110,Instagram,4424.13,92,2023-02-10
111,TikTok,989.17,252,2023-03-27
112,Email,1227.39,252,2023-01-20
113,TikTok,3419.66,45,2024-07-12
114,Email,3729.37,253,2023-07-02
115,TikTok,4718.99,446,2024-01-01
116,TikTok,2960.22,203,2024-11-21
117,Instagram,976.61,63,2024-01-19
118,Email,883.19,261,2024-01-20
119,Email,110.28,252,2024-06-27
120,Facebook,2613.78,235,2023-05-25
121,Instagram,4506.59,189,2024-09-22
122,Facebook,4821.6,22,2023-03-19
123,Email,3917.94,376,2024-04-12
124,Facebook,3247.78,414,2023-02-17
125,Facebook,2491.59,306,2023-06-30
126,Facebook,2312.55,154,2024-08-22
127,TikTok,1788.05,452,2023-05-06
128,Instagram,3473.67,397,2024-10-29
129,TikTok,3741.37,108,2023-04-30
130,Google,1745.95,434,2024-08-03
131,Instagram,1341.71,131,2024-10-08
132,Email,1149.83,476,2024-11-18
133,Facebook,2005.3,354,2023-09-07
134,Instagram,2915.35,342,2023-08-13
135,Facebook,4237.22,412,2023-06-16
136,TikTok,3208.33,11,2023-11-15
137,Email,2917.84,174,2024-07-20
138,Email,2533.79,176,2023-05-11
139,Instagram,1034.58,149,2023-08-20
140,Email,4799.54,380,2023-01-02
141,Email,2498.59,116,2023-01-26
142,Google,2114.73,162,2023-08-26
143,Google,2774.59,145,2023-07-31
144,Google,1351.65,49,2024-04-06
145,TikTok,4561.68,4,2023-12-16
146,TikTok,3110.38,496,2023-01-25
147,Instagram,802.28,301,2024-05-30
148,TikTok,3161.84,340,2024-10-05
149,Google,2953.74,18,2024-09-07
150,Facebook,1837.08,35,2024-04-06
151,Instagram,4647.89,99,2023-09-05
152,TikTok,4735.0,160,2024-05-10
153,Google,3840.45,81,2024-06-01
154,TikTok,213.3,135,2024-04-08
155,Facebook,3603.46,122,2023-12-21
156,Facebook,3225.27,306,2023-07-09
157,Instagram,3937.88,213,2024-11-16
158,Facebook,2523.33,251,2023-03-05
159,Email,294.03,441,2024-08-16
160,Email,4615.65,126,2024-03-01
161,TikTok,4430.4,303,2023-10-28
162,TikTok,4339.75,30,2023-09-29
163,TikTok,323.84,213,2023-11-09
164,Facebook,4850.42,433,2024-02-17
165,Google,111.83,477,2023-06-05
166,Email,4676.06,233,2023-11-15
167,Instagram,878.05,158,2024-09-14
168,Facebook,2237.49,392,2024-08-28
169,Email,590.42,325,2024-03-12
170,Google,3225.42,432,2024-09-02
171,Email,3478.98,9,2024-03-14
172,Facebook,3714.42,287,2024-05-12
173,Email,4102.25,460,2024-01-09
174,Facebook,4943.06,369,2024-08-27
175,Google,1953.21,222,2024-11-02
176,Google,767.06,214,2024-02-11
177,Facebook,3671.0,375,2024-09-05
178,Email,263.35,450,2024-10-07
179,Instagram,1479.85,13,2023-01-03
180,TikTok,3925.41,115,2023-11-25
181,Email,963.46,301,2023-02-26
182,Instagram,675.95,193,2023-08-01
183,Facebook,532.01,250,2024-10-19
184,Google,3379.55,421,2024-10-13
185,Instagram,4715.32,0,2024-10-07
186,TikTok,841.95,151,2023-12-03
187,Google,3367.93,94,2023-06-29
188,Facebook,3337.52,497,2023-07-27
189,Google,816.7,498,2023-04-15
190,Facebook,4689.6,261,2023-02-28
191,Instagram,4752.4,318,2024-09-18
192,Instagram,1615.28,476,2024-03-16
193,Instagram,520.25,467,2024-09-27
194,Facebook,181.96,121,2023-07-15
195,Google,2524.4,131,2023-07-22
196,Google,1919.27,416,2024-05-08
197,Facebook,3775.83,383,2023-11-22
198,Email,1809.11,139,2023-07-16
199,Instagram,3168.83,363,2023-10-02
200,Instagram,2290.3,315,2024-09-12
201,TikTok,1813.19,306,2024-08-27
202,Email,516.35,334,2024-05-15
203,Email,969.56,229,2023-04-24
204,Email,3468.62,274,2023-03-03
205,Google,3749.92,168,2024-09-29
206,Google,2712.83,419,2024-09-03
207,Google,1580.32,45,2024-02-06
208,TikTok,2370.66,188,2023-12-01
209,Facebook,1091.11,173,2023-07-27
210,Facebook,4138.67,293,2024-02-06
211,TikTok,1613.02,188,2024-11-09
212,TikTok,4788.06,220,2023-01-19
213,Facebook,3981.41,186,2024-06-25
214,Email,1408.46,273,2023-03-24
215,Google,119.32,326,2023-02-27
216,TikTok,673.64,150,2024-08-17
217,Instagram,2977.46,86,2024-11-17
218,Instagram,4471.21,489,2023-04-21
219,Facebook,4417.97,373,2023-05-31
220,TikTok,2113.43,463,2023-08-11
221,TikTok,4263.24,136,2024-03-10
222,TikTok,3756.48,446,2023-03-15
223,Email,4857.95,259,2023-08-28
224,Facebook,1676.69,170,2024-02-13
225,TikTok,1505.9,104,2024-07-07
226,Facebook,3443.42,150,2023-09-16
227,Instagram,1890.47,216,2023-10-24
228,Facebook,4183.96,125,2023-06-07
229,Facebook,4228.86,107,2023-05-20
230,Facebook,3174.89,196,2023-01-08
231,TikTok,2579.17,212,2023-07-21
232,Instagram,2723.5,191,2023-06-11
233,Instagram,1096.56,76,2024-03-12
234,TikTok,3844.62,305,2023-04-02
235,Email,3248.99,262,2023-10-19
236,Google,1293.26,446,2023-10-05
237,Instagram,2863.75,371,2023-11-02
238,Facebook,4782.89,45,2023-06-26
239,TikTok,3033.38,54,2023-07-18
240,TikTok,1516.4,388,2023-08-11
241,Instagram,1664.23,143,2023-09-24
242,Facebook,1262.01,367,2023-03-12
243,Facebook,4618.33,444,2023-05-07
244,TikTok,3027.17,266,2024-10-10
245,Google,2771.27,135,2023-11-07
246,Email,3933.7,269,2024-02-05
247,Email,2205.79,280,2024-01-11
248,Email,4657.69,75,2023-09-08
249,Instagram,3988.34,269,2023-05-29
250,Email,721.15,56,2024-07-21
251,TikTok,2053.97,337,2023-05-13
252,Facebook,1844.54,201,2024-08-28
253,Google,3192.86,270,2023-10-04
254,Email,1184.94,368,2024-03-18
255,Facebook,3118.96,11,2024-02-08
256,Email,771.37,267,2023-03-08
257,Google,4274.12,468,2023-01-10
258,TikTok,2093.03,273,2023-06-11
259,Instagram,2032.79,310,2023-09-07
260,Google,4143.63,5,2024-10-06
261,Email,3209.85,454,2023-12-15
262,Facebook,2415.2,268,2023-08-05
263,Google,2551.0,268,2024-06-01
264,TikTok,3449.56,469,2023-10-25
265,Email,1099.59,491,2024-07-01
266,Facebook,90.33,32,2024-02-20
267,Instagram,1286.08,15,2023-10-06
268,Facebook,1496.59,294,2023-01-11
269,Google,2429.82,432,2023-04-21
270,Facebook,3796.97,374,2023-12-03
271,Google,2671.3,251,2023-10-18
272,Email,927.02,92,2024-06-07
273,Instagram,4209.1,338,2023-10-22
274,TikTok,2137.32,488,2024-05-05
275,TikTok,4985.17,205,2023-03-13
276,Google,2711.7,456,2023-07-01
277,Google,2539.07,111,2023-04-28
278,Google,1675.4,328,2023-10-30
279,Instagram,2376.78,213,2023-11-19
280,Facebook,179.73,84,2024-08-14
281,Email,2763.66,64,2023-03-11
282,TikTok,4602.08,447,2023-11-21
283,Google,3986.74,280,2023-12-28
284,Instagram,2820.4,491,2024-06-07
285,Google,2998.77,485,2024-05-05
286,Instagram,1302.54,129,2024-05-22
287,TikTok,4141.31,204,2023-09-24
288,Facebook,3459.03,46,2024-05-08
289,Instagram,1503.67,195,2024-04-09
290,Email,875.54,119,2023-05-14
291,Google,2361.69,303,2024-10-20
292,TikTok,4436.08,334,2023-04-22
293,Email,2541.34,147,2023-09-10
294,Instagram,2466.8,428,2023-02-15
295,Email,4637.81,129,2023-06-23
296,TikTok,4664.12,252,2023-02-23
297,Facebook,1880.05,249,2023-04-23
298,Email,304.1,84,2023-02-27
299,Instagram,277.96,238,2024-05-31
300,TikTok,589.28,374,2023-10-02
301,Facebook,4149.42,323,2023-12-13
302,Instagram,1426.29,255,2024-02-26
303,Instagram,3363.2,137,2023-09-20
304,Email,2663.0,497,2024-09-20
305,Instagram,2136.59,456,2023-07-27
306,TikTok,2463.14,88,2023-03-03
307,Google,1290.1,35,2024-01-11
308,Email,4675.87,10,2024-11-22
309,Google,4803.24,193,2023-08-24
310,Email,2462.03,220,2023-11-18
311,Instagram,2466.77,102,2023-03-12
312,TikTok,4132.44,266,2024-02-16
313,Google,4831.18,299,2023-08-17
314,Google,649.46,336,2023-12-13
315,Instagram,888.2,236,2024-11-17
316,Facebook,2700.26,450,2024-02-03
317,Google,343.87,397,2023-05-02
318,Facebook,4076.32,470,2024-07-26
319,Email,1937.99,137,2023-07-16
320,Facebook,3328.25,16,2023-04-02
321,Email,1083.82,166,2024-08-16
322,TikTok,4829.19,376,2023-05-30
323,Email,3622.77,47,2024-10-08
324,Email,3541.36,394,2023-01-04
325,Google,3129.95,365,2024-04-08
326,Facebook,2875.04,266,2023-12-24
327,Google,3413.5,2,2024-05-05
328,TikTok,3198.56,36,2023-11-11
329,Instagram,3423.22,131,2023-09-11
330,Facebook,2352.24,289,2023-01-09
331,Google,372.29,212,2024-01-11
332,Google,1411.85,201,2024-01-25
333,TikTok,4390.87,5,2024-06-28
334,Google,4755.86,364,2024-09-29
335,Facebook,4756.63,289,2024-06-15
336,Google,1815.57,88,2024-02-03
337,TikTok,3176.93,111,2023-12-06
338,Google,3849.09,162,2023-11-09
339,Google,4408.0,354,2024-11-11
340,Google,2415.85,312,2024-08-24
341,Facebook,1517.52,306,2023-02-01
342,Google,2096.99,247,2024-03-03
343,Facebook,3948.47,126,2023-02-04
344,Instagram,343.89,272,2024-11-14
345,Facebook,1161.24,218,2023-02-24
346,Google,2107.43,49,2024-09-01
347,Instagram,3596.61,484,2023-05-30
348,Google,2269.39,328,2023-02-18
349,Instagram,3889.94,111,2024-11-03
350,Google,3522.27,446,2023-05-20
351,Instagram,1094.15,220,2023-07-03
352,Instagram,3763.34,451,2023-12-27
353,Email,3461.05,43,2023-07-27
354,TikTok,2879.56,94,2023-11-12
355,Google,3251.94,307,2024-03-24
356,Facebook,480.61,362,2023-09-06
357,TikTok,376.6,155,2023-02-09
358,TikTok,2515.24,263,2023-02-12
359,Google,4805.84,63,2023-11-09
360,Google,3884.87,108,2024-03-30
361,Google,1709.05,499,2023-04-19
362,Facebook,260.48,53,2023-01-19
363,Facebook,4912.04,225,2023-11-05
364,Facebook,2023.33,262,2024-09-06
365,Instagram,2493.56,9,2023-01-23
366,Email,4203.03,49,2023-07-04
367,Google,4556.14,190,2023-12-06
368,Google,4684.16,257,2024-07-19
369,Instagram,150.5,86,2024-07-26
370,Google,3404.83,215,2024-05-29
371,TikTok,1293.11,128,2024-05-31
372,TikTok,3901.5,238,2024-03-23
373,Email,3155.71,5,2023-05-20
374,Email,638.03,9,2024-09-24
375,Facebook,1707.78,132,2024-08-16
376,Google,4753.04,72,2024-11-10
377,TikTok,2366.33,336,2024-10-09
378,TikTok,3364.15,70,2023-12-04
379,Facebook,821.01,495,2024-09-11
380,Instagram,1038.97,447,2023-09-01
381,Google,4080.86,219,2024-07-01
382,Instagram,2470.01,335,2023-08-06
383,TikTok,4387.02,138,2023-06-07
384,Email,2547.68,78,2024-10-13
385,Facebook,4299.29,366,2023-11-19
386,Google,3224.41,454,2024-08-22
387,Google,2391.09,180,2023-09-06
388,Instagram,2335.67,404,2024-01-30
389,Instagram,1879.3,495,2024-11-09
390,Facebook,2853.12,21,2023-07-02
391,Google,181.54,17,2024-01-20
392,Google,422.28,9,2024-08-27
393,Google,1625.78,7,2024-06-04
394,TikTok,2515.47,11,2023-09-25
395,Facebook,1698.72,267,2023-06-09
396,Email,3442.49,339,2023-09-27
397,Email,2843.95,182,2023-11-12
398,TikTok,3364.28,411,2023-02-13
399,Facebook,4342.13,157,2024-04-12
400,Email,4632.17,419,2023-06-27
401,Google,3549.52,172,2023-01-31
402,Email,4962.32,33,2023-04-16
403,Instagram,67.26,336,2023-06-08
404,Google,4876.71,173,2023-08-17
405,Instagram,4102.06,251,2023-04-09
406,Facebook,1076.33,43,2023-09-05
407,Email,1056.98,408,2023-03-13
408,Email,993.58,188,2023-10-17
409,Email,3498.05,393,2024-09-10
410,Facebook,269.54,199,2024-03-16
411,Email,3060.76,190,2024-09-05
412,Facebook,3762.6,231,2024-09-24
413,Email,1280.26,390,2024-03-19
414,TikTok,2818.06,332,2024-04-24
415,Instagram,4098.44,156,2024-04-10
416,Facebook,4512.22,270,2023-05-31
417,Facebook,3562.84,248,2024-10-17
418,Facebook,4950.11,429,2024-11-12
419,TikTok,4356.3,137,2024-04-01
420,Facebook,4367.36,1,2023-02-26
421,Google,1037.18,20,2024-04-05
422,Google,3537.93,223,2023-02-28
423,TikTok,1028.89,493,2024-07-27
424,Facebook,4973.74,474,2024-03-01
425,Google,3857.25,207,2023-12-07
426,Google,2663.93,326,2024-10-16
427,Email,4996.78,349,2024-07-07
428,TikTok,4215.39,9,2024-09-19
429,TikTok,4764.31,408,2024-02-04
430,TikTok,4255.07,240,2024-10-26
431,Email,140.04,173,2024-10-22
432,Instagram,3109.86,167,2024-11-08
433,Facebook,4925.28,130,2023-12-25
434,Email,2867.15,211,2023-12-14
435,Google,3320.09,288,2024-06-17
436,Facebook,3729.3,168,2024-04-29
437,Facebook,2626.45,460,2023-07-24
438,Facebook,2459.02,123,2024-02-07
439,Email,3230.8,397,2023-06-27
440,Facebook,2539.55,323,2023-11-03
441,Email,3889.56,66,2024-01-24
442,Google,2347.66,495,2023-07-01
443,Facebook,791.46,103,2024-07-01
444,TikTok,470.08,284,2023-06-14
445,Email,4728.51,73,2023-06-29
446,Facebook,4331.19,309,2024-09-12
447,Facebook,4951.82,435,2024-07-26
448,TikTok,2016.91,399,2023-04-20
449,Instagram,1122.52,125,2023-10-18
450,Instagram,516.07,16,2024-05-23
451,Facebook,1904.75,130,2023-11-24
452,Facebook,802.65,0,2024-05-13
453,TikTok,2779.51,287,2024-07-19
454,Google,532.01,372,2024-06-03
455,TikTok,3396.51,33,2023-10-02
456,Facebook,3126.23,431,2024-03-12
457,Facebook,1198.56,16,2024-03-03
458,Google,4067.48,304,2023-09-06
459,Google,2835.85,178,2023-09-25
460,Google,2499.74,114,2024-10-20
461,Facebook,3002.99,278,2023-09-17
462,Google,3349.06,194,2023-05-31
463,TikTok,3107.53,333,2023-02-23
464,Email,2031.89,146,2024-07-25
465,TikTok,4370.62,180,2024-05-16
466,Google,1980.13,111,2023-12-20
467,Instagram,340.86,83,2024-08-06
468,TikTok,1819.8,495,2023-01-21
469,Google,3261.67,184,2023-04-14
470,Google,1959.72,261,2023-07-21
471,Google,3707.31,441,2023-10-22
472,Google,2313.17,299,2023-08-05
473,TikTok,4735.87,341,2024-09-08
474,Instagram,2278.67,367,2024-02-29
475,Google,1500.35,64,2023-02-03
476,Email,190.94,162,2024-09-28
477,TikTok,3375.17,384,2023-10-12
478,Google,1959.99,443,2024-02-12
479,Email,1732.09,391,2024-10-02
480,Facebook,1486.42,140,2023-06-10
481,TikTok,92.05,293,2023-11-12
482,Instagram,1677.74,161,2023-10-08
483,Google,2360.32,90,2024-10-04
484,TikTok,3961.34,446,2024-09-18
485,TikTok,4098.45,100,2023-12-18
486,Email,4851.88,116,2023-07-13
487,Email,2478.7,69,2023-06-02
488,TikTok,3399.84,482,2023-12-23
489,Instagram,1725.28,472,2024-11-15
490,TikTok,576.59,209,2024-04-07
491,Instagram,1777.4,14,2023-03-08
492,Instagram,550.44,416,2023-05-29
493,TikTok,4692.18,73,2024-11-07
494,Google,1420.87,287,2024-11-01
495,Facebook,1429.53,390,2024-11-28
496,Instagram,3314.14,405,2024-11-02
497,Facebook,3159.68,69,2024-11-22
498,TikTok,4396.36,329,2024-03-26
499,TikTok,239.23,399,2023-12-04
500,Instagram,966.62,108,2023-04-01
501,TikTok,3129.95,160,2024-05-19
502,Email,1572.59,375,2024-10-16
503,Facebook,3222.39,134,2024-07-21
504,Instagram,2519.04,457,2024-02-18
505,Instagram,4772.26,277,2024-02-25
506,Google,657.53,393,2024-05-28
507,Facebook,3481.56,236,2023-02-26
508,Google,2260.07,391,2024-10-12
509,Google,1113.88,400,2024-01-21
510,Google,4770.49,208,2024-10-24
511,Email,3490.22,171,2023-07-06
512,Google,4933.89,305,2024-07-13
513,Facebook,118.61,28,2023-05-22
514,TikTok,2127.87,435,2024-10-11
515,TikTok,187.99,264,2024-08-07
516,Email,240.66,475,2023-06-21
517,Google,193.36,399,2024-06-30
518,Facebook,3205.21,479,2024-05-16
519,Instagram,1159.59,176,2023-02-22
520,Email,2964.58,380,2023-07-06
521,Google,1545.26,193,2023-09-19
522,Instagram,177.81,402,2024-03-21
523,TikTok,3432.1,168,2023-12-16
524,Facebook,1158.19,328,2024-06-13
525,TikTok,1932.79,55,2023-04-06
526,TikTok,4025.23,15,2024-08-28
527,Email,732.66,334,2023-04-27
528,Facebook,2639.95,491,2024-08-19
529,TikTok,779.56,195,2023-08-08
530,Instagram,1155.76,32,2023-11-04
531,Google,2781.78,481,2024-11-24
532,Email,4488.0,244,2024-02-21
533,Facebook,3789.64,358,2023-11-15
534,Email,1797.61,133,2023-06-17
535,TikTok,2466.38,487,2024-05-30
536,Google,3282.58,469,2023-05-24
537,TikTok,3479.6,347,2023-07-09
538,Facebook,337.94,416,2023-05-18
539,Google,4095.92,257,2023-02-10
540,Google,883.86,365,2024-03-17
541,Google,786.97,67,2024-07-12
542,Facebook,4958.44,278,2024-03-17
543,Email,3020.03,27,2024-09-25
544,Facebook,1152.28,77,2023-04-03
545,Instagram,185.03,230,2023-01-11
546,TikTok,3645.56,90,2024-11-21
547,Instagram,276.84,373,2024-10-15
548,Email,3160.6,160,2024-03-10
549,TikTok,4693.92,260,2024-08-04
550,Facebook,3655.66,268,2024-03-21
551,TikTok,1432.57,399,2024-02-21
552,Email,1837.62,464,2023-03-27
553,Google,1025.37,401,2024-03-25
554,Facebook,3541.71,170,2023-09-12
555,Instagram,4602.4,224,2023-07-13
556,Instagram,1379.72,242,2024-04-05
557,TikTok,4406.06,443,2024-02-28
558,Google,482.78,37,2024-10-21
559,Instagram,2725.02,431,2023-10-30
560,Email,404.97,432,2023-02-09
561,Email,3391.42,157,2024-07-18
562,Facebook,2696.41,491,2023-01-31
563,Email,149.45,333,2023-07-27
564,Google,1048.37,270,2023-04-15
565,Email,3549.16,184,2023-01-17
566,Email,1946.76,60,2024-02-23
567,Facebook,289.13,271,2023-12-01
568,Facebook,3725.8,315,2024-11-02
569,Instagram,3721.89,264,2024-03-06
570,Facebook,3400.77,230,2023-10-30
571,Google,1841.16,469,2024-10-18
572,Facebook,4165.51,59,2024-10-31
573,Google,1376.7,125,2023-06-23
574,Instagram,4475.91,85,2024-06-05
575,TikTok,4030.82,381,2024-09-11
576,TikTok,3127.04,9,2023-05-17
577,Email,2067.88,106,2023-06-01
578,Facebook,622.86,333,2024-10-27
579,Email,1100.2,278,2023-01-30
580,Google,455.91,113,2023-06-11
581,TikTok,1548.66,169,2024-05-24
582,TikTok,1401.62,309,2023-11-28
583,TikTok,1427.23,241,2023-09-10
584,TikTok,4286.09,266,2023-03-19
585,Email,1080.14,177,2023-11-06
586,TikTok,4013.05,384,2024-07-16
587,TikTok,3258.2,65,2024-10-17
588,Instagram,960.17,486,2024-11-13
589,TikTok,3719.06,112,2024-08-02
590,Facebook,2233.16,183,2024-10-06
591,Instagram,3988.55,402,2024-05-14
592,Facebook,2726.9,185,2023-04-06
593,Facebook,966.37,81,2024-04-04
594,Instagram,2964.75,332,2024-02-25
595,Google,1414.69,156,2023-05-23
596,Facebook,1108.14,384,2024-06-03
597,TikTok,1142.53,98,2023-08-15
598,Facebook,769.47,75,2023-03-07
599,Facebook,4134.37,100,2024-02-25
600,Facebook,573.19,132,2023-07-12
601,TikTok,4716.86,96,2023-05-02
602,TikTok,3381.36,405,2023-10-11
603,Google,2574.7,309,2023-05-13
604,Facebook,2826.77,380,2023-05-25
605,Facebook,2753.34,321,2024-03-20
606,Instagram,3676.63,397,2023-05-19
607,Instagram,2201.19,213,2024-08-26
608,Instagram,3931.33,165,2024-11-27
609,Email,1374.54,105,2024-10-24
610,Google,1972.52,217,2023-10-15
611,TikTok,1528.65,203,2023-11-30
612,TikTok,2783.86,44,2024-01-26
613,Email,2533.26,423,2023-10-16
614,Instagram,4961.69,403,2023-05-20
615,Instagram,4198.69,174,2024-01-10
616,Instagram,1008.33,218,2024-05-10
617,Instagram,3419.24,8,2024-01-07
618,Facebook,4198.84,1,2024-01-10
619,Instagram,530.49,177,2023-08-04
620,Email,3871.59,440,2023-08-31
621,TikTok,1719.45,303,2024-10-15
622,Email,231.55,90,2024-01-14
623,Email,4896.86,440,2023-07-10
624,Facebook,732.36,108,2023-02-17
625,Facebook,2977.1,464,2023-10-25
626,Facebook,2599.94,226,2024-03-14
627,Email,1163.59,387,2023-10-19
628,Instagram,4565.4,298,2024-02-01
629,Instagram,1162.06,234,2023-01-30
630,Google,662.74,169,2023-03-17
631,Google,244.63,132,2023-07-26
632,Facebook,892.01,64,2023-07-01
633,Instagram,1727.88,21,2024-07-15
634,Instagram,4859.24,407,2023-07-23
635,Email,4387.58,99,2023-09-13
636,Google,3768.37,478,2024-09-01
637,Instagram,3792.08,218,2024-04-14
638,Instagram,1115.95,273,2023-10-28
639,Email,2699.85,83,2023-02-06
640,Google,1866.52,242,2024-05-27
641,Instagram,1625.47,198,2023-12-26
642,Instagram,305.34,48,2023-04-06
643,Email,2397.51,136,2023-09-11
644,Facebook,1105.15,274,2023-02-03
645,Email,4268.04,189,2023-12-21
646,Instagram,653.09,318,2024-08-25
647,Facebook,2796.71,421,2023-09-21
648,Email,2400.26,169,2023-04-18
649,Facebook,4837.69,406,2023-04-09
650,Email,1341.35,84,2024-07-10
651,Facebook,4453.56,272,2024-07-10
652,TikTok,3469.07,262,2024-07-16
653,Facebook,1260.96,346,2024-06-08
654,Email,2579.18,378,2024-05-27
655,Facebook,3471.92,477,2023-12-21
656,Email,4901.11,219,2024-06-02
657,Google,3459.19,457,2023-08-14
658,Instagram,2296.58,339,2024-10-27
659,Instagram,4599.92,144,2023-03-12
660,Google,1724.84,277,2023-05-16
661,Instagram,2830.77,54,2024-08-30
662,Facebook,3490.66,462,2023-06-20
663,TikTok,2681.86,422,2024-03-10
664,Instagram,1878.69,187,2023-10-26
665,Email,3587.68,266,2024-11-08
666,TikTok,3825.32,19,2024-04-09
667,Facebook,4632.27,112,2023-03-20
668,TikTok,2901.18,293,2024-05-08
669,Google,4050.4,79,2023-06-26
670,Instagram,1147.39,488,2023-03-22
671,Google,4620.34,87,2023-10-10
672,TikTok,299.16,169,2023-05-13
673,Google,3415.98,50,2023-09-20
674,Google,4672.73,220,2023-10-23
675,Email,3460.28,161,2023-12-18
676,Facebook,651.75,441,2024-02-22
677,Facebook,1979.56,230,2024-10-07
678,Instagram,717.21,238,2024-09-22
679,Email,1080.55,439,2024-01-18
680,Email,3840.69,269,2024-09-22
681,Email,1179.75,387,2023-02-06
682,TikTok,677.14,402,2023-02-21
683,Email,2185.01,153,2024-02-18
684,Facebook,1700.16,34,2023-11-06
685,TikTok,1681.46,337,2024-03-06
686,Email,4766.05,481,2024-02-08
687,Email,2893.35,72,2023-07-06
688,TikTok,4399.47,169,2023-12-24
689,TikTok,448.18,117,2024-03-10
690,Instagram,3161.52,181,2023-08-31
691,Google,78.28,74,2024-03-10
692,Instagram,4728.19,366,2024-08-05
693,Email,2756.53,394,2024-01-11
694,TikTok,515.64,147,2024-08-04
695,TikTok,2886.82,450,2023-01-09
696,Instagram,1532.32,245,2024-01-20
697,Google,4132.46,225,2023-01-11
698,Instagram,2445.72,83,2023-07-14
699,TikTok,3062.68,437,2023-03-24
700,Google,2360.93,481,2023-07-16
701,TikTok,927.0,491,2024-04-08
702,Instagram,4119.92,334,2024-10-06
703,TikTok,2735.04,177,2023-07-29
704,Instagram,4299.31,118,2023-10-04
705,Email,1086.82,300,2023-02-06
706,Google,2827.74,115,2024-02-26
707,Facebook,1796.69,185,2024-09-15
708,TikTok,1521.51,425,2024-11-01
709,TikTok,3574.73,243,2024-03-04
710,Email,3304.82,260,2024-07-31
711,Instagram,3442.22,170,2024-08-02
712,Email,677.15,44,2023-06-23
713,Email,4546.45,60,2023-07-30
714,TikTok,963.17,383,2024-09-19
715,Facebook,3710.74,462,2024-08-22
716,Facebook,2647.52,372,2023-09-03
717,Instagram,1974.14,232,2023-10-16
718,TikTok,4706.66,318,2024-11-25
719,Facebook,4299.35,24,2024-11-26
720,Google,1545.19,424,2023-07-22
721,Instagram,665.88,206,2023-07-15
722,Facebook,4212.99,192,2023-05-01
723,Google,3471.44,218,2023-06-19
724,Instagram,3447.98,92,2023-03-20
725,Facebook,1430.33,286,2024-02-22
726,Google,3224.19,228,2024-06-05
727,Instagram,4632.57,56,2023-08-13
728,Email,2109.5,274,2023-12-12
729,Instagram,3470.9,465,2023-08-25
730,TikTok,1057.22,34,2023-09-15
731,TikTok,1125.74,385,2023-02-01
732,Facebook,2985.69,82,2023-02-16
733,TikTok,4508.03,113,2024-09-19
734,Facebook,3915.01,53,2023-09-17
735,Email,4136.58,185,2024-04-18
736,TikTok,1127.52,209,2023-07-28
737,Facebook,3367.19,327,2024-06-13
738,Facebook,1715.18,250,2023-02-21
739,Facebook,3197.96,304,2024-11-29
740,Facebook,1997.33,474,2024-05-01
741,TikTok,4440.5,468,2024-08-30
742,Facebook,4178.78,192,2024-04-18
743,Instagram,4174.34,318,2024-11-28
744,Instagram,4251.82,216,2023-02-08
745,Facebook,1293.74,44,2024-07-11
746,Google,446.0,265,2024-03-02
747,Facebook,476.23,72,2024-06-04
748,TikTok,4753.41,115,2024-02-28
749,Email,3209.85,315,2023-02-05
750,TikTok,555.99,292,2024-08-16
751,Email,4374.62,225,2024-09-14
752,Google,1300.15,494,2023-10-16
753,Facebook,2842.35,421,2023-10-06
754,TikTok,672.33,376,2023-07-28
755,TikTok,351.37,438,2024-08-30
756,Facebook,3143.31,124,2024-02-23
757,Google,1578.34,387,2024-07-29
758,Facebook,1611.12,101,2024-03-26
759,Facebook,3354.82,284,2024-06-16
760,Instagram,3491.91,81,2023-06-25
761,TikTok,3364.69,38,2023-11-13
762,Email,107.66,488,2024-08-03
763,TikTok,3076.11,274,2024-04-10
764,Google,1831.0,27,2024-04-11
765,Instagram,676.4,477,2024-11-27
766,Instagram,4740.64,185,2023-03-31
767,Facebook,2916.47,278,2024-11-14
768,Instagram,2214.59,176,2024-09-11
769,Facebook,1509.38,494,2024-08-14
770,TikTok,1989.8,336,2023-09-16
771,Google,3964.7,35,2023-09-02
772,Email,3213.39,210,2023-08-06
773,Google,2111.2,134,2023-05-24
774,Facebook,323.74,80,2023-10-13
775,Google,2190.25,249,2023-08-30
776,Email,4120.24,168,2024-05-14
777,Email,2283.79,319,2023-09-27
778,Instagram,3325.59,372,2024-01-31
779,Instagram,3932.22,182,2024-01-23
780,Facebook,3479.04,255,2023-11-09
781,Instagram,847.27,304,2023-04-11
782,Instagram,3285.49,482,2023-08-09
783,Email,265.76,204,2023-05-26
784,Google,3059.33,152,2023-12-21
785,Facebook,1699.43,265,2024-02-04
786,Email,2528.53,346,2023-10-04
787,Email,4567.09,372,2024-10-10
788,Google,278.22,308,2024-04-05
789,Facebook,2311.39,25,2023-08-22
790,Instagram,3350.27,185,2023-12-21
791,Facebook,2053.36,137,2023-03-18
792,Facebook,4165.67,119,2023-04-27
793,Email,727.18,188,2023-06-28
794,Google,1474.5,163,2023-05-11
795,Facebook,4284.74,350,2024-03-20
796,Facebook,1860.83,108,2023-11-18
797,Instagram,2075.23,53,2023-05-13
798,Facebook,2007.97,80,2023-10-09
799,Instagram,1852.86,31,2024-08-14
800,Email,676.91,87,2024-11-08
801,TikTok,2001.0,72,2024-04-03
802,TikTok,341.15,183,2024-09-21
803,TikTok,4397.59,211,2023-12-29
804,Instagram,1510.78,373,2023-01-03
805,TikTok,3794.14,118,2023-12-13
806,Google,1315.37,87,2023-01-24
807,Email,441.87,71,2023-02-10
808,Google,827.24,457,2023-06-24
809,Email,4102.34,82,2023-09-08
810,Instagram,3701.63,77,2023-02-01
811,Facebook,75.87,300,2023-01-25
812,Facebook,3856.47,74,2024-10-28
813,Instagram,2647.62,101,2023-07-25
814,Facebook,3159.87,399,2024-04-27
815,Google,3047.03,112,2024-04-07
816,Instagram,4065.45,280,2024-04-13
817,Facebook,1557.28,303,2023-04-05
818,Instagram,3865.78,413,2024-04-11
819,Google,4004.76,86,2023-02-16
820,Instagram,3498.13,381,2024-03-17
821,Facebook,4796.61,331,2023-03-04
822,Email,4685.57,327,2024-09-13
823,Email,4764.25,369,2024-09-17
824,Email,911.64,244,2024-09-19
825,Email,4017.28,1,2023-02-22
826,Email,2490.88,76,2024-04-23
827,Email,1581.3,113,2023-07-22
828,Instagram,2059.61,226,2023-03-05
829,Facebook,4304.74,483,2023-08-08
830,Email,3232.37,99,2024-02-24
831,Google,1548.69,414,2024-02-24
832,Google,3513.92,63,2024-06-26
833,TikTok,4855.34,112,2023-10-02
834,TikTok,1585.51,377,2024-03-24
835,Instagram,2375.98,159,2023-04-11
836,Facebook,1070.76,403,2023-12-15
837,Instagram,1428.84,475,2023-02-22
838,TikTok,4902.5,389,2023-01-12
839,Instagram,1889.27,399,2024-08-16
840,TikTok,2149.87,15,2024-10-22
841,Instagram,2977.66,63,2023-03-03
842,Instagram,302.08,208,2023-03-29
843,TikTok,928.38,276,2024-10-09
844,Email,1606.67,330,2023-04-29
845,Email,2205.72,184,2023-01-06
846,Email,4204.58,409,2024-05-11
847,Email,3872.21,451,2023-10-11
848,Google,2805.61,292,2024-11-20
849,Instagram,2910.25,272,2023-04-08
850,Google,3418.02,454,2023-03-01
851,TikTok,1835.19,340,2023-04-16
852,Email,2110.51,450,2024-08-05
853,TikTok,704.46,118,2024-05-29
854,Email,1324.23,239,2024-06-11
855,Google,2375.39,240,2023-04-06
856,Facebook,2646.83,26,2024-03-31
857,TikTok,2466.74,317,2024-10-08
858,Email,266.06,455,2023-07-31
859,Google,579.85,308,2024-07-14
860,Google,1276.74,347,2023-11-11
861,TikTok,4404.99,349,2023-03-21
862,Email,1820.07,42,2023-08-13
863,Email,4665.66,31,2024-01-18
864,Instagram,2269.77,257,2024-08-16
865,TikTok,783.81,324,2023-05-14
866,Email,3919.16,451,2023-10-06
867,Google,3767.7,110,2023-01-09
868,TikTok,1100.57,27,2023-10-31
869,Instagram,2059.27,457,2024-02-21
870,TikTok,4598.23,88,2023-03-22
871,Google,897.44,119,2024-03-03
872,Email,2687.35,415,2023-03-10
873,TikTok,745.85,13,2023-07-28
874,Email,4022.63,190,2023-07-24
875,Instagram,4585.07,285,2023-10-10
876,Facebook,1840.36,295,2023-07-14
877,Instagram,3763.76,242,2023-03-23
878,Instagram,2231.81,156,2024-06-08
879,TikTok,4950.9,355,2023-10-08
880,TikTok,867.1,445,2023-05-25
881,Facebook,3254.21,82,2023-12-11
882,Email,2552.69,217,2024-11-06
883,Facebook,818.34,40,2024-09-16
884,Facebook,185.7,475,2023-06-06
885,Email,3016.66,317,2024-09-08
886,Instagram,1337.33,36,2023-09-15
887,Instagram,4108.35,185,2023-01-18
888,TikTok,4284.92,228,2024-09-26
889,Instagram,4606.05,396,2023-08-16
890,Facebook,589.57,377,2023-11-17
891,Facebook,4517.16,379,2023-06-20
892,Google,1570.02,343,2024-02-28
893,TikTok,3448.74,176,2023-02-21
894,TikTok,701.36,79,2023-05-10
895,TikTok,4610.18,318,2023-03-25
896,TikTok,2097.88,77,2024-07-31
897,Email,3520.93,63,2024-06-28
898,Instagram,117.16,303,2023-05-15
899,Instagram,2061.55,282,2023-03-16
900,Instagram,2510.49,90,2023-08-12
901,Google,4281.66,189,2023-12-24
902,Email,3019.66,197,2023-05-21
903,TikTok,4557.22,191,2024-05-02
904,TikTok,2076.73,111,2024-07-29
905,Email,4740.7,250,2024-04-08
906,Instagram,837.88,222,2024-01-30
907,Facebook,3324.69,117,2024-07-10
908,TikTok,4140.87,351,2024-02-16
909,Facebook,3480.33,378,2024-07-03
910,TikTok,1910.76,166,2023-12-17
911,Instagram,4603.15,455,2023-08-16
912,Facebook,436.06,26,2023-08-18
913,Google,3384.12,171,2023-01-17
914,TikTok,1049.52,260,2023-11-27
915,Facebook,1825.7,133,2023-11-07
916,Email,1776.69,373,2023-01-03
917,Facebook,964.59,465,2023-07-12
918,Facebook,4393.48,180,2023-06-24
919,TikTok,2225.93,262,2023-07-24
920,TikTok,3373.06,223,2024-08-06
921,Email,4418.29,457,2023-06-23
922,Email,4141.44,337,2023-08-06
923,Google,4779.0,295,2024-03-17
924,Email,4301.25,254,2023-12-25
925,Instagram,1403.23,370,2024-05-11
926,TikTok,1684.73,433,2023-02-28
927,Google,2435.46,132,2023-01-11
928,Facebook,3345.1,208,2024-04-22
929,Facebook,3241.08,492,2024-07-02
930,TikTok,4435.41,478,2023-04-20
931,Google,1692.13,47,2023-02-19
932,Email,693.52,170,2024-02-02
933,Facebook,518.49,358,2023-08-02
934,Facebook,3797.79,424,2024-06-13
935,Instagram,2830.8,362,2023-09-25
936,Google,1729.54,476,2023-12-07
937,Email,2569.6,44,2023-11-03
938,TikTok,3430.57,209,2023-12-26
939,Email,4592.82,60,2024-02-16
940,Email,3704.63,493,2023-07-03
941,Google,2809.8,460,2024-04-09
942,Google,399.48,460,2024-10-09
943,Instagram,1823.14,316,2024-05-14
944,Facebook,179.66,412,2024-10-17
945,TikTok,458.78,108,2023-11-10
946,Facebook,3794.85,38,2024-10-17
947,Email,1932.62,37,2023-09-11
948,Email,3516.75,237,2024-03-14
949,Facebook,4144.88,439,2024-06-04
950,Facebook,2566.69,227,2024-09-13
951,TikTok,1834.65,90,2024-11-25
952,Email,1352.36,179,2024-01-20
953,Email,3254.34,232,2023-08-31
954,Email,2958.23,96,2024-01-07
955,Facebook,1409.97,99,2024-11-26
956,Facebook,4007.76,89,2023-01-16
957,Facebook,3624.27,432,2023-08-27
958,Google,4441.51,90,2023-02-14
959,TikTok,1951.83,437,2024-01-30
960,Google,1754.63,139,2023-11-25
961,Facebook,210.83,331,2024-06-30
962,Facebook,3165.96,365,2023-03-17
963,Google,2459.31,334,2024-11-02
964,TikTok,1347.7,124,2023-01-14
965,Email,3260.9,333,2023-05-08
966,Email,183.26,496,2023-12-04
967,Google,4920.62,87,2023-05-14
968,Email,65.46,197,2024-09-17
969,Google,3474.8,281,2023-06-06
970,Instagram,4596.99,443,2023-08-15
971,Instagram,4391.49,419,2024-07-27
972,Google,330.77,55,2023-10-18
973,TikTok,3900.61,410,2023-05-15
974,Email,1975.47,305,2023-01-29
975,Google,1505.47,202,2023-04-28
976,Google,1983.47,67,2024-02-19
977,Instagram,686.93,132,2023-12-21
978,Email,4466.78,45,2023-12-13
979,Instagram,4493.63,434,2024-02-26
980,Instagram,3869.08,105,2024-08-10
981,TikTok,2100.6,394,2023-10-09
982,Google,3820.2,346,2024-11-30
983,Facebook,57.88,60,2024-06-16
984,Email,1455.37,413,2024-10-09
985,Facebook,2918.8,364,2024-02-02
986,Email,4483.86,328,2024-04-04
987,Email,2845.86,257,2023-12-18
988,Instagram,4466.9,164,2024-06-20
989,Instagram,2126.31,465,2023-05-30
990,Email,899.66,464,2024-01-13
991,Instagram,3554.61,84,2024-08-18
992,Google,4526.82,330,2024-05-02
993,TikTok,1696.93,94,2023-12-10
994,Email,1127.23,352,2023-10-13
995,Facebook,1077.4,426,2024-03-22
996,TikTok,604.34,194,2024-11-19
997,Email,3172.35,88,2024-01-02
998,Instagram,4365.8,413,2023-01-04
999,Facebook,2202.91,249,2023-07-20
1000,Google,1231.93,320,2023-10-30
1001,Email,1952.45,466,2024-10-04
1002,Facebook,2832.17,126,2023-04-01
1003,Facebook,4886.62,292,2023-01-20
1004,Facebook,1195.49,283,2024-09-30
1005,Instagram,3840.58,472,2024-10-10
1006,Facebook,1226.69,334,2023-04-22
1007,TikTok,3887.36,468,2024-04-30
1008,TikTok,4500.39,493,2024-03-12
1009,Facebook,700.99,65,2024-03-30
1010,TikTok,3202.23,47,2024-01-10
1011,Facebook,3187.96,48,2023-11-27
1012,Facebook,2541.97,133,2024-09-01
1013,Facebook,673.8,355,2023-10-05
1014,Google,1638.4,368,2023-05-08
1015,TikTok,1390.82,165,2023-08-26
1016,Instagram,4462.4,27,2024-07-03
1017,Facebook,3521.51,137,2024-05-30
1018,Facebook,662.42,210,2024-11-19
1019,Instagram,2517.18,27,2023-09-19
1020,Instagram,2824.69,84,2023-09-26
1021,Email,163.69,210,2023-06-29
1022,TikTok,1851.5,232,2024-06-03
1023,Email,558.84,298,2024-08-21
1024,TikTok,4340.54,86,2023-07-04
1025,Instagram,2340.25,414,2023-07-13
1026,Google,1001.03,386,2023-02-10
1027,Instagram,1544.76,74,2023-01-21
1028,Instagram,2403.41,202,2024-07-04
1029,Email,2079.21,388,2023-08-25
1030,Google,4200.04,213,2024-08-06
1031,Google,983.04,208,2024-04-30
1032,Facebook,1918.26,94,2023-09-11
1033,Google,3870.3,372,2023-10-15
1034,TikTok,756.91,150,2023-05-19
1035,TikTok,4720.57,19,2023-10-25
1036,Facebook,998.0,264,2024-11-29
1037,Google,2701.1,312,2024-02-29
1038,TikTok,1813.02,3,2024-10-14
1039,Facebook,4864.45,2,2024-08-31
1040,Google,2654.24,351,2024-01-10
1041,TikTok,1326.2,148,2023-11-18
1042,Facebook,3423.29,78,2023-06-17
1043,Google,1990.51,428,2023-06-22
1044,Facebook,2129.32,300,2024-02-03
1045,Facebook,1427.88,439,2023-11-30
1046,TikTok,89.8,440,2024-03-17
1047,Google,1906.21,6,2024-06-02
1048,Google,2974.19,304,2024-02-07
1049,TikTok,2005.59,124,2023-10-12
1050,Google,1143.49,28,2024-09-24
1051,Email,2618.49,415,2023-10-16
1052,Google,3080.45,113,2023-03-21
1053,TikTok,4819.39,10,2023-02-12
1054,Instagram,4464.63,91,2024-01-14
1055,Facebook,4831.0,34,2024-07-19
1056,Instagram,977.01,159,2024-10-15
1057,Google,394.71,320,2024-07-24
1058,Google,2622.03,162,2024-04-24
1059,Instagram,4833.0,182,2024-09-03
1060,TikTok,1508.42,89,2024-02-21
1061,Instagram,2344.24,196,2023-04-03
1062,Email,2125.48,403,2023-06-19
1063,TikTok,3787.08,374,2024-09-23
1064,Email,2113.77,198,2023-05-09
1065,TikTok,1678.59,77,2023-11-04
1066,Email,1851.29,49,2023-09-15
1067,Google,433.03,235,2023-09-10
1068,Email,2609.42,253,2023-01-16
1069,Email,2217.85,49,2023-09-30
1070,Google,3190.09,35,2024-06-18
1071,Google,2740.9,100,2024-08-12
1072,TikTok,1133.99,460,2024-08-21
1073,Email,2975.88,320,2023-10-05
1074,Facebook,1250.33,380,2023-09-20
1075,Instagram,2931.49,473,2024-04-06
1076,Instagram,74.77,168,2024-03-27
1077,TikTok,852.7,27,2023-02-13
1078,TikTok,1325.79,369,2023-09-10
1079,Facebook,1869.73,230,2023-02-14
1080,Facebook,3744.41,301,2023-08-13
1081,TikTok,3711.22,17,2023-01-09
1082,Facebook,4088.57,207,2023-03-29
1083,TikTok,4227.53,123,2024-11-05
1084,Facebook,2617.66,180,2023-11-11
1085,Instagram,4042.68,458,2023-05-31
1086,TikTok,2489.13,301,2023-05-18
1087,Facebook,4927.92,468,2024-08-23
1088,Instagram,1032.58,438,2023-12-02
1089,Email,2308.63,48,2023-05-04
1090,TikTok,2089.07,318,2023-03-29
1091,Facebook,4378.81,163,2023-12-18
1092,Google,3770.18,235,2024-03-24
1093,TikTok,1315.34,278,2024-03-09
1094,Instagram,3554.49,86,2023-06-06
1095,Instagram,516.4,180,2023-10-11
1096,Email,3592.37,40,2023-04-02
1097,Instagram,4728.28,198,2023-09-21
1098,Google,2507.28,414,2023-05-23
1099,Google,156.32,165,2024-04-23
1100,Email,98.86,133,2024-01-12
1101,Facebook,3157.21,117,2023-12-19
1102,Email,3510.62,455,2024-07-28
1103,Email,3643.99,475,2024-07-10
1104,Facebook,2666.83,481,2024-03-31
1105,TikTok,2346.03,442,2024-06-06
1106,Facebook,2289.83,166,2024-03-11
1107,Facebook,4993.66,327,2023-01-31
1108,TikTok,1688.6,228,2023-07-07
1109,Facebook,944.45,13,2024-02-02
1110,Instagram,2444.42,418,2024-10-20
1111,Google,2012.0,241,2023-05-08
1112,Instagram,109.3,163,2023-01-22
1113,Google,3875.43,365,2024-02-28
1114,Google,1017.18,321,2024-06-11
1115,Instagram,1521.97,36,2024-08-23
1116,Google,300.36,230,2024-07-11
1117,TikTok,4185.11,7,2023-10-24
1118,Email,4607.54,35,2024-03-29
1119,Google,2572.47,313,2024-06-17
1120,Email,772.75,379,2023-02-05
1121,Google,2952.07,178,2024-01-04
1122,TikTok,4167.16,115,2023-11-11
1123,Google,1604.6,37,2024-01-17
1124,Instagram,2044.69,491,2024-02-28
1125,TikTok,1356.58,130,2024-06-14
1126,TikTok,3772.74,46,2024-07-24
1127,Facebook,4218.74,97,2023-04-15
1128,Google,2099.88,49,2023-04-08
1129,Instagram,3784.79,158,2024-02-20
1130,Facebook,4328.94,366,2023-07-26
1131,Instagram,1332.96,489,2023-06-19
1132,TikTok,3616.83,401,2024-05-15
1133,Google,1908.45,127,2024-07-11
1134,Instagram,2947.45,299,2024-11-25
1135,Instagram,3586.12,236,2024-02-24
1136,Instagram,2788.33,347,2024-04-27
1137,Facebook,3341.61,454,2024-09-10
1138,Instagram,1387.73,241,2023-02-15
1139,Google,2586.95,156,2024-03-09
1140,TikTok,1524.63,42,2023-02-28
1141,Facebook,3562.52,425,2023-09-09
1142,Facebook,3425.31,380,2023-09-21
1143,Facebook,2254.25,276,2023-06-04
1144,Email,1131.61,110,2023-04-20
1145,Facebook,3258.4,475,2024-02-17
1146,Facebook,3155.13,411,2023-08-12
1147,Email,3907.01,437,2023-09-28
1148,Google,945.41,168,2024-11-10
1149,Google,3973.69,36,2023-07-10
1150,Instagram,4042.48,15,2024-08-01
1151,Facebook,1847.65,274,2024-11-26
1152,Email,4625.04,126,2023-07-31
1153,Instagram,845.98,387,2024-10-23
1154,Facebook,2621.96,2,2023-12-26
1155,Google,2401.37,6,2023-05-02
1156,Google,3168.13,342,2024-03-05
1157,Facebook,3878.8,295,2024-05-30
1158,Google,3984.9,158,2023-09-15
1159,Facebook,4453.18,163,2023-05-14
1160,Google,2777.26,244,2023-01-31
1161,Facebook,556.13,330,2023-07-20
1162,TikTok,4303.15,187,2024-02-10
1163,Facebook,370.11,36,2024-08-25
1164,Facebook,4390.0,451,2024-05-03
1165,TikTok,2312.04,185,2024-01-16
1166,Facebook,4499.87,460,2024-04-09
1167,Facebook,2337.12,241,2023-11-01
1168,Google,1562.36,240,2024-09-08
1169,Google,1250.56,44,2024-01-13
1170,Facebook,3113.81,30,2024-02-26
1171,Facebook,2631.86,98,2024-10-21
1172,Email,2140.86,58,2023-03-25
1173,Google,2248.26,238,2023-05-20
1174,TikTok,1639.74,193,2023-10-09
1175,Email,2408.22,38,2024-01-21
1176,TikTok,955.05,439,2024-01-27
1177,Facebook,2333.18,238,2023-08-11
1178,Instagram,2334.07,346,2024-06-25
1179,Instagram,2287.48,251,2024-02-03
1180,Google,988.16,490,2023-02-12
1181,Email,4210.42,89,2023-02-16
1182,Facebook,1773.53,172,2024-04-06
1183,Google,2272.71,213,2023-07-21
1184,Instagram,1807.27,366,2024-05-17
1185,Google,2423.82,28,2024-08-26
1186,Instagram,3995.57,384,2024-11-09
1187,Email,3152.03,312,2023-12-11
1188,Instagram,1323.51,188,2024-01-01
1189,Instagram,3699.84,245,2024-06-09
1190,TikTok,218.08,390,2023-06-03
1191,Instagram,3727.99,135,2023-10-03
1192,TikTok,2565.48,0,2024-09-21
1193,Google,1529.83,369,2023-01-01
1194,Facebook,4424.61,65,2024-04-04
1195,Email,4478.5,33,2024-07-26
1196,Email,4865.41,346,2024-09-13
1197,Facebook,3763.38,387,2024-03-07
1198,Instagram,180.57,312,2023-06-23
1199,Email,1275.85,73,2023-05-22
1200,Email,2402.87,22,2023-09-19
1201,Google,2618.36,473,2023-01-26
1202,Instagram,780.67,263,2023-09-11
1203,Google,2369.91,9,2023-03-06
1204,Email,2165.99,288,2023-12-22
1205,Facebook,1941.14,392,2024-09-20
1206,TikTok,2859.22,241,2023-02-09
1207,Google,202.77,84,2023-05-13
1208,TikTok,476.52,51,2024-08-09
1209,TikTok,3155.53,143,2024-09-04
1210,TikTok,210.55,35,2023-10-17
1211,Facebook,475.76,138,2024-04-09
1212,Google,696.13,204,2024-02-01
1213,Instagram,4752.65,338,2023-07-27
1214,Facebook,1155.23,470,2023-08-28
1215,Email,3611.68,383,2024-02-28
1216,Facebook,2889.97,454,2023-07-28
1217,Facebook,3197.44,257,2023-02-07
1218,Email,3338.32,144,2024-11-15
1219,Instagram,2634.97,494,2024-03-13
1220,Instagram,3512.93,52,2024-05-13
1221,Google,2103.48,25,2023-04-09
1222,Instagram,4539.74,286,2024-03-25
1223,TikTok,4822.69,115,2023-04-30
1224,Google,1092.48,104,2023-05-18
1225,Email,4060.19,24,2023-02-26
1226,Google,2758.65,320,2023-11-08
1227,Email,3985.79,72,2023-07-12
1228,Email,3369.91,368,2023-08-07
1229,Google,3921.94,446,2023-07-26
1230,Facebook,2262.26,488,2024-03-14
1231,Email,254.68,117,2023-04-30
1232,TikTok,3178.52,278,2023-06-02
1233,Email,2597.3,209,2023-06-25
1234,Google,2649.49,424,2023-09-04
1235,Facebook,386.58,199,2024-04-19
1236,Email,4238.09,491,2023-07-28
1237,Google,3793.73,182,2024-02-20
1238,Email,2861.38,89,2023-04-25
1239,Facebook,2638.0,323,2024-05-05
1240,Facebook,551.49,224,2023-06-11
1241,Email,2517.15,229,2024-03-12
1242,Facebook,647.01,367,2024-09-21
1243,Instagram,4126.63,286,2023-04-06
1244,Instagram,4700.86,244,2023-06-22
1245,Email,1450.45,149,2023-07-06
1246,Email,984.77,340,2023-01-12
1247,Google,4721.54,335,2023-02-28
1248,TikTok,4037.66,132,2023-07-01
1249,Instagram,331.22,258,2024-03-02
1250,TikTok,68.72,321,2023-06-18
1251,TikTok,2995.79,59,2024-02-24
1252,Facebook,1993.78,376,2023-12-23
1253,Email,2717.18,361,2023-12-01
1254,Instagram,2311.99,352,2024-09-16
1255,Instagram,3721.75,104,2023-11-07
1256,Email,2883.36,197,2023-09-12
1257,Instagram,4329.18,331,2023-10-01
1258,Facebook,214.74,269,2023-07-26
1259,TikTok,3304.22,143,2023-04-30
1260,Email,4460.86,160,2023-04-27
1261,Google,1841.41,365,2024-03-29
1262,Google,2617.59,180,2024-05-11
1263,Google,390.84,75,2024-11-12
1264,TikTok,2567.03,435,2024-03-08
1265,Email,4582.08,183,2024-09-14
1266,Instagram,3174.38,109,2024-08-17
1267,Facebook,4229.54,54,2023-03-07
1268,TikTok,3039.51,484,2023-04-18
1269,Facebook,3763.48,486,2023-10-03
1270,Google,2774.95,198,2024-09-26
1271,Instagram,3029.43,354,2023-09-19
1272,Instagram,3073.74,185,2024-08-26
1273,TikTok,3601.68,222,2024-06-16
1274,Google,261.42,368,2024-04-21
1275,Facebook,3024.24,92,2024-03-14
1276,Facebook,3807.59,343,2024-10-24
1277,Google,1856.17,353,2024-08-27
1278,Google,1855.0,63,2024-05-11
1279,Facebook,4595.04,141,2024-08-31
1280,TikTok,4696.91,111,2023-07-22
1281,Email,246.81,36,2024-09-30
1282,Instagram,4239.21,160,2024-08-05
1283,TikTok,2794.66,50,2024-02-23
1284,Google,3700.35,430,2024-06-24
1285,Google,4959.85,285,2024-03-03
1286,Facebook,1498.83,254,2023-08-08
1287,TikTok,2023.56,210,2024-02-19
1288,Facebook,469.41,117,2024-10-28
1289,Google,3461.15,486,2024-02-01
1290,Instagram,2399.38,418,2023-09-09
1291,Instagram,2122.68,267,2023-02-19
1292,TikTok,1414.82,252,2024-03-21
1293,Instagram,475.62,44,2023-05-17
1294,Instagram,3364.61,89,2024-07-26
1295,TikTok,3757.71,488,2023-04-04
1296,Email,2559.66,461,2024-08-18
1297,Google,401.8,284,2024-04-02
1298,Google,4081.86,119,2024-05-05
1299,TikTok,150.61,102,2023-09-12
1300,Google,3665.76,203,2023-06-08
1301,TikTok,175.49,279,2024-01-16
1302,TikTok,2645.23,140,2023-09-24
1303,Google,1482.47,202,2024-02-03
1304,Google,4303.74,49,2023-10-04
1305,Facebook,646.2,198,2024-07-25
1306,Instagram,368.0,205,2023-02-05
1307,TikTok,4583.55,156,2024-08-10
1308,Instagram,398.62,41,2024-06-21
1309,TikTok,103.85,176,2023-07-09
1310,Instagram,1871.02,429,2024-03-20
1311,Google,3817.68,222,2024-11-17
1312,Google,4164.4,299,2023-05-25
1313,TikTok,1079.95,168,2024-02-21
1314,Instagram,1956.92,33,2023-06-08
1315,Email,3320.16,338,2023-03-16
1316,Facebook,225.92,241,2024-03-10
1317,Email,1917.03,236,2024-08-17
1318,Google,1845.21,48,2023-02-09
1319,TikTok,1987.03,56,2023-03-04
1320,Email,1143.07,150,2023-09-06
1321,Facebook,3012.1,11,2024-01-04
1322,Email,3475.91,421,2023-08-20
1323,TikTok,693.92,374,2024-04-01
1324,Email,4687.03,54,2024-01-14
1325,Google,3248.81,271,2023-05-14
1326,Email,3800.17,329,2024-02-14
1327,TikTok,4498.07,438,2023-02-24
1328,Email,1111.54,294,2024-07-08
1329,TikTok,4489.8,172,2024-08-11
1330,Email,3538.53,199,2023-01-17
1331,Facebook,190.04,157,2023-06-16
1332,TikTok,4423.03,174,2024-04-01
1333,TikTok,1109.73,110,2023-01-26
1334,Facebook,1730.61,16,2023-01-09
1335,TikTok,3895.46,20,2023-01-29
1336,Instagram,698.86,382,2023-09-20
1337,Google,4468.14,18,2023-11-08
1338,TikTok,1300.3,253,2023-11-28
1339,Instagram,3661.39,142,2024-10-15
1340,Google,4634.08,129,2024-08-10
1341,Email,4983.21,438,2023-06-07
1342,Instagram,2433.46,75,2024-04-27
1343,Instagram,4036.84,405,2024-05-26
1344,Google,3774.24,124,2024-04-22
1345,TikTok,2748.63,380,2024-01-10
1346,Email,356.11,442,2024-10-10
1347,Instagram,152.97,152,2024-09-24
1348,Google,170.16,460,2023-04-07
1349,Facebook,4016.96,99,2024-02-15
1350,Facebook,2107.46,53,2024-04-22
1351,Email,3340.16,357,2023-02-17
1352,Email,2355.91,72,2023-11-27
1353,Email,971.92,307,2023-07-30
1354,Instagram,1891.33,342,2023-07-01
1355,TikTok,2865.15,139,2023-03-03
1356,TikTok,3426.9,449,2023-12-06
1357,Email,820.67,47,2024-04-07
1358,TikTok,1213.15,195,2023-04-16
1359,Google,3093.68,169,2023-08-01
1360,TikTok,4893.5,142,2023-06-14
1361,Email,4012.49,64,2024-04-14
1362,Email,2023.56,190,2024-11-05
1363,Email,3376.65,334,2023-05-14
1364,Facebook,1337.63,276,2024-08-30
1365,Instagram,1574.1,215,2023-04-02
1366,Google,2364.49,60,2023-07-19
1367,Facebook,489.86,345,2024-09-07
1368,Facebook,1213.84,90,2023-01-10
1369,Google,594.39,366,2023-05-29
1370,Google,1788.73,316,2024-06-21
1371,Email,516.26,296,2023-07-31
1372,TikTok,2575.69,369,2023-06-11
1373,Google,2387.27,250,2023-09-18
1374,Google,1167.15,67,2023-06-30
1375,Instagram,3306.69,204,2023-07-15
1376,TikTok,401.74,351,2024-09-25
1377,Google,740.31,193,2024-05-12
1378,Email,3923.68,47,2024-05-30
1379,Instagram,1734.76,303,2024-10-08
1380,TikTok,3673.93,243,2024-01-25
1381,Instagram,2723.17,101,2024-10-20
1382,Facebook,116.75,263,2024-11-11
1383,Email,3688.64,226,2023-02-09
1384,Google,4023.71,294,2023-02-18
1385,Instagram,1776.23,126,2023-07-21
1386,Email,1817.66,317,2023-10-28
1387,Instagram,2961.3,451,2024-03-25
1388,TikTok,566.1,378,2023-02-01
1389,Email,3661.02,355,2023-09-21
1390,Facebook,3279.27,299,2024-08-02
1391,Facebook,2212.97,85,2023-03-18
1392,Google,4321.8,167,2024-03-23
1393,Facebook,726.54,460,2023-06-23
1394,Facebook,943.17,50,2023-03-25
1395,Google,194.23,66,2024-08-27
1396,Google,1165.08,355,2023-04-15
1397,TikTok,3482.54,337,2024-01-24
1398,Facebook,850.43,184,2023-09-11
1399,Instagram,1018.53,213,2023-02-15
1400,Email,1911.47,342,2023-03-08
1401,Instagram,3060.82,136,2024-10-09
1402,Email,4219.99,301,2024-08-06
1403,Instagram,595.89,7,2023-06-08
1404,Google,3180.68,281,2023-07-03
1405,Facebook,2587.4,182,2023-07-17
1406,TikTok,1813.0,411,2024-10-30
1407,Instagram,3427.76,135,2023-02-16
1408,Instagram,1914.01,138,2023-08-26
1409,Facebook,2411.74,377,2023-07-11
1410,Google,878.15,349,2024-03-05
1411,Google,767.59,479,2023-03-09
1412,Google,554.03,382,2023-12-26
1413,Facebook,3411.95,446,2023-02-10
1414,Facebook,2513.76,30,2023-07-08
1415,Facebook,3131.8,57,2023-02-17
1416,Instagram,1791.79,28,2023-08-08
1417,TikTok,262.42,410,2024-02-15
1418,Email,4398.94,361,2024-01-30
1419,Instagram,2635.36,122,2024-06-09
1420,TikTok,1616.4,456,2023-10-24
1421,Instagram,67.66,385,2024-03-27
1422,TikTok,683.47,52,2023-09-06
1423,Instagram,4632.45,475,2024-02-20
1424,Instagram,4128.72,459,2023-05-19
1425,Facebook,883.49,6,2024-08-20
1426,Instagram,3606.55,21,2024-06-18
1427,TikTok,4862.3,120,2023-08-04
1428,Google,2584.44,260,2024-06-20
1429,Email,1574.07,161,2024-04-25
1430,Email,1339.71,323,2023-08-19
1431,Google,3646.18,46,2023-08-26
1432,Google,3423.68,405,2023-06-09
1433,Email,4514.07,104,2024-06-03
1434,Instagram,4687.96,467,2024-10-08
1435,Email,2722.07,146,2023-06-01
1436,Google,3863.44,379,2023-04-10
1437,Email,449.92,318,2024-10-14
1438,Instagram,1581.73,349,2023-09-08
1439,TikTok,4233.42,208,2024-10-08
1440,Facebook,1892.53,343,2024-08-31
1441,Instagram,4251.82,90,2023-10-27
1442,Email,4001.41,381,2023-04-21
1443,TikTok,1863.89,251,2023-04-11
1444,Instagram,1761.6,271,2024-01-16
1445,Google,3432.72,494,2024-02-02
1446,Email,649.38,71,2023-03-20
1447,TikTok,3631.2,412,2023-04-21
1448,Email,4979.68,405,2023-08-02
1449,Instagram,2563.27,214,2024-03-22
1450,Instagram,3081.21,106,2023-07-10
1451,Google,1291.8,84,2024-07-31
1452,Google,1663.99,147,2023-01-02
1453,Google,1888.05,497,2023-02-15
1454,Instagram,3083.48,297,2024-09-29
1455,Instagram,3741.39,436,2024-06-22
1456,Facebook,959.15,267,2023-07-06
1457,Google,4210.59,469,2023-03-25
1458,TikTok,4167.81,120,2023-01-13
1459,Email,2369.86,212,2023-01-08
1460,TikTok,4665.17,4,2023-05-24
1461,TikTok,3747.01,251,2024-11-02
1462,Instagram,3384.38,75,2023-11-21
1463,Instagram,4429.06,139,2023-01-10
1464,Facebook,2721.42,174,2024-08-21
1465,Facebook,2204.91,379,2024-07-04
1466,Email,3192.42,239,2024-10-10
1467,TikTok,2102.45,70,2023-01-11
1468,Google,879.82,260,2023-03-22
1469,Instagram,1790.85,336,2024-10-02
1470,Email,3753.18,108,2023-05-24
1471,Google,3435.63,157,2023-09-26
1472,TikTok,3388.57,480,2023-05-29
1473,Instagram,211.07,276,2023-11-14
1474,Email,4927.91,312,2024-02-02
1475,Email,3595.68,290,2024-06-26
1476,Instagram,3185.47,311,2024-07-23
1477,Email,4944.68,43,2024-06-03
1478,Instagram,4676.58,351,2023-06-29
1479,Email,4919.1,240,2024-07-01
1480,Email,633.36,261,2023-07-18
1481,Facebook,4299.93,46,2024-06-09
1482,Google,2406.71,382,2024-03-19
1483,TikTok,2297.56,203,2023-06-15
1484,Instagram,2384.77,499,2023-08-19
1485,TikTok,3093.8,179,2023-11-07
1486,Instagram,4811.71,371,2023-07-28
1487,Facebook,3187.47,212,2024-11-30
1488,Instagram,2391.73,204,2023-10-29
1489,Email,3681.86,118,2023-06-01
1490,Google,1015.24,10,2024-02-02
1491,Google,4865.21,145,2023-03-20
1492,Facebook,53.04,440,2024-09-21
1493,Facebook,1942.93,23,2024-06-19
1494,Email,655.74,265,2024-04-22
1495,TikTok,4274.37,220,2023-09-29
1496,Google,1860.48,421,2024-07-28
1497,Google,593.91,451,2024-02-09
1498,Google,1457.13,175,2023-02-23
1499,Instagram,4766.8,356,2023-12-08
1500,Google,2576.29,159,2023-07-01
1501,TikTok,2260.11,303,2023-03-02
1502,TikTok,1773.59,39,2024-01-18
1503,TikTok,2593.63,12,2024-02-03
1504,Instagram,2937.07,8,2024-07-19
1505,Instagram,2406.4,173,2024-03-24
1506,Instagram,3844.82,68,2023-08-29
1507,Google,990.06,18,2024-11-30
1508,Email,482.36,376,2024-08-05
1509,Google,2526.27,432,2023-03-18
1510,Instagram,4418.4,95,2024-07-26
1511,Facebook,2273.63,51,2023-07-25
1512,TikTok,3648.78,217,2023-09-09
1513,TikTok,4525.21,180,2024-02-11
1514,Email,4366.59,232,2024-03-09
1515,Email,3870.93,92,2024-10-13
1516,Instagram,3610.58,381,2023-01-09
1517,Facebook,4590.72,101,2023-09-18
1518,Google,2270.34,362,2023-07-27
1519,Google,1302.96,175,2024-07-05
1520,Google,766.98,417,2023-11-02
1521,Instagram,3417.76,165,2023-03-26
1522,Email,591.13,423,2024-10-24
1523,Facebook,550.95,376,2024-03-28
1524,Facebook,3047.58,89,2023-11-10
1525,Facebook,1979.41,304,2023-09-16
1526,Google,892.73,120,2024-07-07
1527,TikTok,4471.91,323,2024-09-14
1528,Google,4495.32,29,2023-11-06
1529,Facebook,4145.07,345,2024-05-28
1530,Google,2012.35,166,2023-01-02
1531,TikTok,4200.15,4,2024-05-06
1532,Instagram,4590.23,311,2024-07-13
1533,Instagram,3609.88,273,2024-02-14
1534,TikTok,4407.35,382,2024-07-16
1535,Instagram,4880.73,382,2023-08-26
1536,Instagram,2746.03,156,2024-02-27
1537,Instagram,727.93,176,2023-03-07
1538,Google,3654.67,416,2024-03-05
1539,Email,3184.93,174,2023-07-28
1540,Email,1479.14,446,2023-06-23
1541,Google,2899.94,181,2023-02-25
1542,Facebook,3132.33,184,2023-08-29
1543,Email,1160.26,196,2023-07-11
1544,Instagram,3547.15,441,2023-04-10
1545,Facebook,657.97,221,2024-04-18
1546,Facebook,1678.01,34,2024-11-09
1547,Email,2872.13,129,2023-06-04
1548,Google,2849.3,413,2024-08-05
1549,Facebook,1346.12,343,2023-11-01
1550,TikTok,2602.27,223,2023-09-20
1551,Google,1002.21,349,2023-05-23
1552,Email,605.92,52,2023-10-29
1553,TikTok,4994.33,458,2024-05-10
1554,Google,1192.76,18,2023-07-15
1555,Google,1103.5,114,2024-08-08
1556,Email,3361.91,397,2023-06-24
1557,Facebook,2230.25,473,2024-11-27
1558,TikTok,3030.5,281,2024-10-02
1559,Instagram,3772.93,487,2023-05-28
1560,Email,4093.89,92,2024-06-15
1561,Facebook,1630.38,432,2024-10-19
1562,Instagram,637.81,283,2024-08-25
1563,Facebook,714.64,52,2024-08-29
1564,Instagram,233.97,466,2023-05-26
1565,Facebook,1265.44,72,2023-07-18
1566,Instagram,2060.61,335,2024-04-22
1567,Facebook,3382.29,151,2023-04-30
1568,Instagram,1676.15,447,2023-02-08
1569,TikTok,1398.04,189,2024-02-22
1570,Google,4725.86,354,2023-12-09
1571,TikTok,3333.65,495,2023-11-01
1572,Instagram,1242.92,275,2023-08-03
1573,Google,4018.06,153,2023-12-23
1574,Instagram,86.09,398,2023-08-11
1575,Instagram,2882.45,193,2023-05-20
1576,Google,1656.04,2,2023-09-01
1577,Instagram,4330.8,146,2023-10-21
1578,Facebook,4263.86,107,2023-05-03
1579,Google,3322.45,349,2024-03-14
1580,Instagram,3852.69,92,2023-04-12
1581,TikTok,4365.2,231,2024-05-31
1582,Email,1855.42,295,2023-03-29
1583,Facebook,2611.29,416,2023-10-22
1584,Google,4932.72,411,2024-07-14
1585,TikTok,4075.38,158,2023-03-03
1586,Instagram,1936.31,15,2023-10-31
1587,Email,748.84,347,2024-07-06
1588,Instagram,1056.46,431,2024-03-15
1589,Google,1850.79,312,2024-02-02
1590,Instagram,4197.65,41,2023-01-28
1591,Email,2759.63,148,2023-04-15
1592,Facebook,736.42,179,2024-06-23
1593,Google,4975.72,248,2023-03-10
1594,Instagram,876.08,407,2024-11-01
1595,Facebook,804.31,7,2024-09-29
1596,TikTok,4229.89,144,2024-05-07
1597,Instagram,1642.93,233,2023-05-21
1598,Facebook,2672.7,160,2024-09-01
1599,TikTok,1794.47,422,2023-06-18
1600,TikTok,654.04,426,2023-06-30
1601,Email,592.64,12,2024-10-22
1602,Email,3170.46,392,2023-12-08
1603,Email,1632.1,322,2023-02-10
1604,Instagram,1779.73,42,2023-02-26
1605,Facebook,3475.14,313,2023-07-13
1606,TikTok,2200.56,418,2023-09-25
1607,Email,2021.69,354,2024-11-20
1608,Email,3294.71,40,2024-07-14
1609,Email,1284.72,423,2024-07-24
1610,Email,4721.81,243,2023-06-07
1611,Google,4169.72,364,2023-10-21
1612,Instagram,4198.46,327,2024-11-17
1613,Google,1713.05,97,2024-03-20
1614,Google,4395.92,52,2023-05-31
1615,Facebook,2426.86,55,2024-05-27
1616,Instagram,1333.42,466,2024-02-15
1617,Instagram,1904.86,326,2024-05-03
1618,Email,930.27,350,2023-10-18
1619,TikTok,2226.62,192,2023-04-01
1620,Facebook,2465.93,54,2024-10-26
1621,Facebook,1356.38,228,2023-08-04
1622,TikTok,2200.67,313,2024-07-03
1623,Facebook,3684.33,485,2023-08-24
1624,Google,4475.33,491,2024-06-21
1625,Facebook,2390.4,384,2024-03-29
1626,Facebook,4121.01,381,2024-04-23
1627,Google,656.78,75,2024-03-13
1628,TikTok,242.6,464,2024-09-07
1629,Email,550.34,453,2023-01-22
1630,Google,3284.73,190,2023-11-02
1631,Google,1568.82,149,2024-06-23
1632,Email,4773.32,269,2024-10-25
1633,Instagram,2147.11,298,2024-03-24
1634,Instagram,683.24,106,2024-11-19
1635,Google,3859.64,489,2024-11-22
1636,Google,3250.47,269,2024-10-13
1637,Instagram,4257.02,75,2024-08-14
1638,Google,4309.45,185,2023-10-02
1639,Instagram,4244.22,176,2024-03-13
1640,Instagram,1308.09,162,2023-03-15
1641,Google,3049.98,78,2023-03-19
1642,Email,633.91,486,2023-02-04
1643,Instagram,4332.23,132,2023-02-17
1644,Google,4856.23,383,2024-06-21
1645,Email,1005.49,279,2023-08-28
1646,TikTok,2888.94,214,2024-10-16
1647,TikTok,4912.54,188,2023-05-04
1648,Instagram,2841.03,171,2024-06-02
1649,Facebook,3222.97,318,2023-02-14
1650,Facebook,593.52,467,2023-06-10
1651,Facebook,2873.17,123,2024-09-21
1652,TikTok,4558.26,11,2024-05-03
1653,Instagram,152.39,380,2024-09-03
1654,TikTok,2509.64,281,2024-02-11
1655,Instagram,171.06,254,2023-02-01
1656,Instagram,2056.26,209,2024-04-06
1657,Facebook,4715.11,103,2023-06-19
1658,Facebook,4392.41,322,2024-02-12
1659,TikTok,3020.68,20,2023-01-26
1660,TikTok,498.44,171,2024-06-21
1661,Google,698.56,497,2023-09-09
1662,Google,906.41,268,2023-12-06
1663,Facebook,798.12,214,2024-03-18
1664,Email,3253.47,150,2023-06-17
1665,Google,2623.68,203,2024-11-14
1666,Instagram,4850.46,190,2023-07-05
1667,Instagram,399.02,396,2023-06-11
1668,Email,3642.75,408,2024-10-19
1669,TikTok,1226.12,61,2023-11-16
1670,TikTok,4598.8,167,2024-01-19
1671,TikTok,1208.17,478,2024-08-16
1672,Email,253.9,28,2024-10-31
1673,Facebook,1578.11,88,2024-02-19
1674,Email,1914.54,103,2024-04-13
1675,Google,4235.25,271,2023-01-12
1676,Facebook,1279.12,368,2024-07-14
1677,Email,1099.94,101,2024-09-17
1678,Email,4277.08,415,2023-04-19
1679,TikTok,3660.75,311,2023-05-01
1680,TikTok,4563.15,137,2023-08-04
1681,Google,1778.43,417,2024-02-03
1682,Facebook,4044.9,355,2024-05-24
1683,Instagram,1157.65,50,2023-06-07
1684,Facebook,1271.45,157,2023-09-06
1685,Instagram,3111.88,14,2024-04-02
1686,Instagram,2469.57,213,2023-04-09
1687,Google,830.29,427,2023-06-16
1688,TikTok,1933.48,316,2024-06-15
1689,Google,3358.77,113,2023-05-02
1690,Facebook,2027.08,401,2024-08-09
1691,Facebook,3383.62,26,2024-09-14
1692,TikTok,898.81,359,2024-02-02
1693,Facebook,1269.22,26,2023-08-21
1694,TikTok,4525.47,264,2024-04-24
1695,Facebook,4847.25,149,2024-06-03
1696,TikTok,1366.32,137,2024-03-20
1697,Google,4307.63,489,2024-11-03
1698,TikTok,203.34,444,2024-10-18
1699,Google,4208.61,162,2024-11-16
1700,Instagram,2300.11,257,2024-09-03
1701,TikTok,1086.69,303,2023-01-20
1702,TikTok,4215.93,62,2023-01-03
1703,Instagram,148.6,132,2024-01-08
1704,Email,4538.07,474,2024-08-16
1705,TikTok,956.79,109,2024-08-17
1706,TikTok,3104.68,100,2023-07-07
1707,TikTok,2988.29,344,2024-02-24
1708,Facebook,3018.98,13,2023-12-10
1709,Facebook,293.36,464,2023-12-27
1710,Email,4157.35,242,2024-08-04
1711,Instagram,1547.18,205,2024-03-05
1712,Facebook,900.13,100,2024-07-21
1713,Google,3271.12,427,2023-12-15
1714,TikTok,766.13,9,2024-07-25
1715,Email,1794.86,105,2023-05-09
1716,Facebook,171.53,7,2024-03-03
1717,Facebook,3484.37,396,2023-11-18
1718,Google,4357.24,464,2023-01-01
1719,TikTok,4730.95,130,2023-07-06
1720,Google,4397.86,72,2023-02-02
1721,Google,3356.87,495,2023-01-14
1722,TikTok,3314.55,176,2024-05-21
1723,Email,4328.77,90,2023-07-13
1724,Email,2744.17,24,2023-06-21
1725,TikTok,2578.55,115,2024-06-22
1726,Email,3286.67,286,2023-07-04
1727,TikTok,351.3,318,2024-10-16
1728,Email,363.32,143,2023-05-02
1729,Email,2773.3,479,2023-01-29
1730,Instagram,777.37,485,2024-05-01
1731,Instagram,2418.12,118,2024-03-12
1732,TikTok,2891.68,414,2024-02-07
1733,TikTok,2795.95,334,2024-01-17
1734,Facebook,2777.83,63,2024-10-25
1735,Email,1006.07,304,2023-11-21
1736,Instagram,601.43,80,2023-10-14
1737,Google,1620.31,364,2023-11-06
1738,Instagram,3026.41,439,2024-05-31
1739,TikTok,2486.28,255,2023-03-20
1740,Google,2534.0,462,2024-01-27
1741,Google,4419.42,32,2023-08-29
1742,Instagram,1486.63,237,2023-07-28
1743,TikTok,2138.07,15,2024-02-26
1744,TikTok,2787.76,401,2024-04-12
1745,Email,4114.47,265,2023-04-21
1746,Instagram,2215.26,147,2024-05-25
1747,Google,4542.24,63,2023-03-08
1748,Google,1723.99,198,2023-02-14
1749,Facebook,1375.06,240,2024-04-03
1750,Instagram,1630.45,172,2023-01-04
1751,Google,639.12,88,2023-02-05
1752,Instagram,2013.59,43,2024-03-04
1753,Google,2968.19,239,2024-05-28
1754,Email,4184.52,238,2023-08-21
1755,Email,4335.68,347,2024-05-19
1756,TikTok,1157.15,23,2023-10-23
1757,TikTok,1479.18,61,2024-11-11
1758,Instagram,2618.22,25,2024-04-24
1759,Email,3189.53,247,2024-06-27
1760,TikTok,3150.84,381,2024-07-24
1761,Facebook,4112.94,267,2023-01-27
1762,Facebook,1739.79,202,2024-03-25
1763,Email,1843.43,454,2023-01-23
1764,Facebook,2541.79,312,2023-12-03
1765,Instagram,3840.8,285,2024-03-06
1766,Google,3610.81,360,2024-01-12
1767,TikTok,4138.25,164,2024-01-06
1768,Instagram,3993.17,123,2024-05-15
1769,Instagram,4457.26,458,2023-06-30
1770,Google,2709.86,427,2024-04-28
1771,Facebook,4149.64,441,2024-04-05
1772,Facebook,1043.59,53,2023-04-05
1773,Facebook,1057.07,212,2024-06-02
1774,Facebook,1498.39,496,2023-03-13
1775,Instagram,1575.13,365,2024-06-11
1776,Google,4875.07,105,2023-01-16
1777,Email,3642.64,91,2023-06-30
1778,Email,3896.57,90,2023-02-03
1779,Email,4994.18,280,2024-05-19
1780,Email,1854.43,324,2023-06-27
1781,Instagram,77.79,198,2024-10-03
1782,TikTok,4252.24,360,2023-12-08
1783,TikTok,2285.33,45,2023-12-15
1784,Google,266.95,389,2024-07-15
1785,Facebook,4129.19,491,2023-08-14
1786,Email,1681.53,389,2023-04-09
1787,TikTok,1769.35,155,2023-02-07
1788,Google,3589.53,248,2023-07-16
1789,Facebook,4300.74,417,2023-08-22
1790,Email,4602.75,338,2024-05-03
1791,Instagram,1529.27,157,2023-10-13
1792,TikTok,443.22,83,2023-02-05
1793,TikTok,2385.72,222,2024-09-13
1794,TikTok,2218.83,404,2024-10-01
1795,Facebook,3543.1,60,2024-01-30
1796,TikTok,584.01,328,2023-12-10
1797,Facebook,4516.4,61,2024-04-11
1798,TikTok,2694.46,423,2024-10-15
1799,Instagram,1132.54,490,2024-11-30
1800,TikTok,3308.18,207,2024-05-08
1801,Email,3500.22,35,2023-02-10
1802,TikTok,914.46,206,2023-02-10
1803,Instagram,1923.1,338,2023-09-26
1804,Facebook,4779.63,319,2024-01-24
1805,TikTok,973.45,372,2023-05-10
1806,Google,4196.43,448,2024-05-25
1807,Instagram,914.5,327,2023-08-27
1808,Instagram,2259.86,194,2024-08-15
1809,Google,2552.31,285,2024-08-08
1810,TikTok,3121.15,290,2024-10-12
1811,TikTok,2484.89,290,2024-06-10
1812,Google,750.54,419,2023-05-07
1813,TikTok,1718.0,421,2023-07-04
1814,Email,3522.36,176,2024-05-21
1815,TikTok,1894.07,241,2024-04-17
1816,Instagram,4793.4,120,2023-05-27
1817,Email,1865.31,192,2023-03-14
1818,Google,1945.54,316,2024-07-04
1819,Google,671.83,345,2024-06-05
1820,Instagram,2411.31,313,2024-11-30
1821,Instagram,4514.8,152,2023-05-22
1822,Instagram,2536.2,173,2023-03-15
1823,Google,3655.72,48,2023-06-02
1824,Facebook,1370.24,118,2023-07-20
1825,Email,233.98,182,2024-02-06
1826,Email,759.44,492,2024-05-23
1827,Google,1850.95,60,2024-04-28
1828,Google,1946.77,345,2023-01-24
1829,Email,415.4,353,2024-04-03
1830,Email,2765.01,12,2024-10-19
1831,Facebook,3420.98,232,2023-01-11
1832,Facebook,371.39,491,2023-12-15
1833,TikTok,4063.44,281,2024-10-21
1834,Instagram,2088.6,142,2023-01-12
1835,Google,3708.06,387,2023-01-23
1836,Facebook,2241.43,292,2023-07-16
1837,Facebook,1066.32,296,2023-11-27
1838,Instagram,2879.95,446,2024-09-30
1839,Email,3751.95,195,2023-12-02
1840,Google,3188.59,371,2023-01-08
1841,Email,2304.39,300,2024-08-22
1842,TikTok,1580.82,348,2024-11-04
1843,Email,4415.42,376,2023-12-01
1844,TikTok,3531.35,474,2024-05-16
1845,Google,4091.46,449,2024-06-04
1846,Google,3631.19,143,2023-07-05
1847,Email,3944.03,390,2023-11-15
1848,Instagram,4322.53,169,2024-08-02
1849,Facebook,2629.12,191,2023-11-20
1850,Email,292.92,335,2024-08-04
1851,Instagram,2653.12,251,2024-06-16
1852,TikTok,3502.84,113,2023-08-03
1853,TikTok,66.32,280,2023-05-15
1854,Facebook,4333.7,256,2023-11-22
1855,Email,1739.15,369,2024-03-01
1856,Facebook,3391.13,34,2023-09-19
1857,Instagram,1725.94,120,2023-06-12
1858,Google,4010.05,245,2024-11-10
1859,TikTok,1706.32,183,2023-11-14
1860,TikTok,1581.24,244,2023-02-08
1861,Facebook,3708.07,121,2023-04-06
1862,Facebook,1827.94,482,2024-10-01
1863,Email,94.48,493,2024-03-18
1864,Google,447.72,307,2024-03-12
1865,TikTok,2784.22,499,2024-10-17
1866,Google,1975.22,343,2024-06-13
1867,Email,3421.53,189,2023-08-29
1868,Email,4162.55,320,2023-11-01
1869,Email,1585.74,389,2023-11-06
1870,Instagram,2333.11,63,2023-02-23
1871,Facebook,1629.09,275,2024-04-24
1872,TikTok,2617.2,496,2024-11-01
1873,Google,4750.37,492,2023-03-31
1874,Email,957.92,141,2023-10-31
1875,Instagram,771.34,262,2024-03-15
1876,Email,1316.27,63,2024-02-21
1877,Instagram,1899.69,216,2024-09-12
1878,Facebook,2481.64,14,2023-11-29
1879,Facebook,1503.6,313,2023-11-13
1880,Email,972.91,250,2023-09-30
1881,Facebook,3350.94,154,2023-12-16
1882,Email,1683.41,431,2023-06-18
1883,Facebook,2828.11,350,2023-11-16
1884,TikTok,2512.34,496,2023-09-07
1885,Email,824.57,117,2024-11-13
1886,Email,4253.58,312,2024-11-14
1887,Email,1575.87,357,2023-07-30
1888,Google,2659.86,139,2023-10-15
1889,Google,4355.9,236,2023-08-22
1890,Email,2148.15,13,2023-08-23
1891,Email,276.18,16,2023-07-01
1892,Google,971.18,174,2023-08-26
1893,Google,2947.42,248,2023-03-09
1894,TikTok,4670.69,422,2023-03-07
1895,Email,1352.35,112,2023-09-01
1896,Google,286.91,190,2024-05-27
1897,Google,460.88,471,2024-06-01
1898,TikTok,129.41,444,2023-01-03
1899,Facebook,1028.01,219,2023-09-06
1900,Facebook,3976.31,144,2024-01-29
1901,Instagram,1389.55,174,2023-01-27
1902,TikTok,1887.37,153,2023-11-03
1903,Facebook,1443.14,425,2023-11-08
1904,Instagram,4878.09,185,2024-09-01
1905,Email,1458.61,285,2023-08-19
1906,TikTok,1283.91,307,2024-09-08
1907,Instagram,1545.34,417,2023-01-21
1908,TikTok,4293.59,247,2023-06-02
1909,TikTok,2257.72,142,2023-11-14
1910,Instagram,753.9,44,2023-07-22
1911,Instagram,75.96,266,2024-11-24
1912,Email,2619.23,294,2024-01-21
1913,Instagram,1360.34,197,2024-07-23
1914,Email,4377.15,125,2024-10-24
1915,Google,4631.46,103,2024-01-18
1916,Google,2933.93,210,2024-09-10
1917,TikTok,1074.83,365,2024-07-02
1918,Instagram,2495.25,242,2023-08-27
1919,TikTok,4720.95,440,2023-10-22
1920,Instagram,704.61,80,2023-12-31
1921,Instagram,718.75,143,2024-01-05
1922,Email,3504.21,122,2024-07-12
1923,Email,2503.24,244,2024-07-24
1924,Google,3591.12,138,2024-06-15
1925,Google,4547.4,296,2024-10-13
1926,TikTok,3020.7,116,2024-03-24
1927,Facebook,1313.83,92,2024-03-15
1928,TikTok,4949.98,235,2023-01-13
1929,Facebook,231.36,62,2023-08-23
1930,Facebook,3484.57,499,2023-02-23
1931,Email,1940.61,364,2024-05-13
1932,Facebook,952.62,34,2024-05-18
1933,Google,2047.55,139,2023-04-09
1934,Facebook,2380.54,161,2024-02-12
1935,Google,1234.76,336,2023-12-26
1936,Email,4513.53,445,2023-10-13
1937,Email,2757.48,225,2023-10-09
1938,TikTok,744.07,261,2023-02-19
1939,Instagram,1109.61,75,2024-03-03
1940,TikTok,532.51,86,2023-11-30
1941,TikTok,3816.23,52,2024-03-03
1942,Email,2211.99,347,2023-10-27
1943,Google,1610.82,301,2024-11-22
1944,Google,2696.87,232,2023-12-20
1945,Instagram,4710.19,199,2024-05-01
1946,Instagram,2233.23,6,2024-11-27
1947,TikTok,195.78,141,2023-08-22
1948,Google,4595.92,442,2023-06-14
1949,Email,1243.07,6,2024-04-08
1950,Instagram,1859.41,416,2023-09-16
1951,TikTok,2487.04,346,2023-05-02
1952,Instagram,357.39,316,2024-05-05
1953,Instagram,3174.95,496,2024-10-19
1954,Instagram,3869.67,213,2024-04-24
1955,Google,151.59,25,2023-10-12
1956,Google,4362.62,278,2023-03-25
1957,Instagram,4333.67,81,2023-09-17
1958,Instagram,3857.37,21,2023-07-16
1959,TikTok,4668.04,96,2024-03-09
1960,Email,295.95,340,2024-05-08
1961,Email,1662.3,405,2024-04-15
1962,TikTok,3394.89,182,2023-09-30
1963,Instagram,2953.4,152,2023-12-15
1964,Email,352.02,285,2024-06-20
1965,TikTok,4641.67,131,2024-02-19
1966,Google,4792.16,328,2024-08-15
1967,Email,1278.86,93,2023-08-10
1968,Instagram,3295.15,84,2023-12-25
1969,Instagram,1647.28,195,2023-04-15
1970,Email,1300.73,338,2024-10-31
1971,Instagram,2873.93,150,2023-10-05
1972,Facebook,1953.65,90,2023-09-10
1973,Facebook,4526.04,134,2024-05-06
1974,Email,2224.22,259,2023-06-23
1975,TikTok,290.52,98,2023-03-09
1976,Email,2148.57,139,2024-07-07
1977,Facebook,2662.23,406,2024-05-31
1978,Email,1413.5,92,2023-11-16
1979,Facebook,158.15,208,2023-06-02
1980,Instagram,1659.52,292,2024-05-01
1981,Email,3638.59,340,2024-03-17
1982,Email,4574.65,133,2023-02-05
1983,Google,676.7,98,2023-04-05
1984,Email,3498.89,416,2023-06-02
1985,Instagram,1613.83,91,2024-06-23
1986,Email,3329.24,283,2023-04-17
1987,Facebook,2336.43,476,2024-02-10
1988,TikTok,2859.82,40,2024-02-01
1989,Google,2750.42,304,2024-02-20
1990,Google,2326.21,283,2024-03-18
1991,Facebook,3995.78,375,2024-03-24
1992,Email,4228.47,350,2024-09-30
1993,Instagram,794.12,220,2024-04-05
1994,Google,2203.24,158,2024-08-15
1995,Instagram,3649.48,63,2024-10-20
1996,Facebook,1138.59,370,2023-08-10
1997,Google,4574.27,427,2024-08-10
1998,TikTok,1294.43,79,2023-05-11
1999,TikTok,4408.05,42,2023-08-20
2000,TikTok,374.46,177,2024-10-04
2001,Facebook,4251.31,230,2024-11-29
2002,Email,2552.95,1,2024-02-17
2003,Instagram,3930.76,447,2023-08-05
2004,Facebook,2825.19,468,2023-04-24
2005,TikTok,2145.05,297,2024-01-06
2006,Google,2001.73,19,2024-02-16
2007,Email,4110.61,15,2023-06-17
2008,Google,4512.92,56,2024-06-24
2009,Facebook,4996.71,420,2023-03-24
2010,Google,1961.28,344,2023-10-11
2011,Facebook,2293.2,489,2024-09-07
2012,TikTok,2442.21,95,2023-05-07
2013,TikTok,2823.34,113,2023-09-17
2014,Instagram,1562.35,129,2024-09-14
2015,TikTok,2353.56,242,2024-04-10
2016,Google,4170.11,399,2024-05-27
2017,Email,2371.36,164,2024-01-07
2018,TikTok,2579.98,176,2023-09-30
2019,TikTok,2943.36,416,2023-05-15
2020,Instagram,1351.03,10,2023-09-22
2021,TikTok,764.37,483,2023-07-05
2022,Email,3775.93,272,2023-07-21
2023,Email,533.82,467,2024-06-13
2024,Email,1821.98,411,2024-09-12
2025,Email,2114.47,432,2023-07-03
2026,TikTok,3547.36,263,2024-06-18
2027,Instagram,2122.89,111,2024-11-05
2028,Email,245.54,428,2024-05-22
2029,Facebook,1518.5,272,2023-11-04
2030,Instagram,3032.12,83,2024-11-08
2031,Facebook,4953.35,135,2023-04-02
2032,Instagram,3482.25,321,2024-08-24
2033,TikTok,2339.13,318,2024-08-26
2034,Instagram,3281.3,486,2024-03-03
2035,Instagram,3480.41,483,2023-07-12
2036,TikTok,884.34,274,2024-01-07
2037,TikTok,684.8,165,2023-07-12
2038,Facebook,2918.58,21,2024-11-01
2039,TikTok,4362.6,317,2023-05-23
2040,Google,1552.84,278,2023-11-04
2041,Instagram,998.02,8,2023-04-02
2042,Email,1104.07,325,2023-11-19
2043,Facebook,2098.11,6,2023-01-24
2044,Email,241.36,341,2023-06-17
2045,Facebook,1080.87,469,2023-02-12
2046,TikTok,1946.14,11,2023-03-04
2047,Email,3077.93,247,2023-03-11
2048,Instagram,1868.64,28,2024-09-05
2049,Email,3763.6,304,2023-06-15
2050,Google,2823.49,270,2023-05-26
2051,Instagram,2098.93,478,2024-02-26
2052,Email,4455.62,438,2024-05-21
2053,TikTok,1908.53,473,2024-11-04
2054,Instagram,3849.84,424,2023-04-07
2055,Google,1650.72,206,2023-07-13
2056,Email,2626.08,448,2024-04-21
2057,Google,4608.4,22,2023-01-05
2058,TikTok,2466.65,331,2023-08-30
2059,Instagram,4050.82,181,2024-07-07
2060,Facebook,1823.57,393,2023-04-13
2061,Email,3686.24,403,2023-06-24
2062,Instagram,1700.56,447,2023-10-10
2063,Email,2911.04,444,2023-12-05
2064,TikTok,1746.95,440,2023-08-09
2065,Facebook,1803.13,477,2024-11-04
2066,Instagram,4293.97,250,2023-10-20
2067,TikTok,2419.4,0,2023-08-08
2068,Instagram,4015.85,260,2024-04-05
2069,Instagram,1908.55,279,2023-10-05
2070,Instagram,2922.6,11,2024-11-02
2071,TikTok,1642.62,231,2024-09-25
2072,TikTok,4665.76,86,2024-08-25
2073,Instagram,1650.1,168,2023-02-16
2074,TikTok,521.99,329,2023-05-08
2075,Google,1316.97,217,2024-03-07
2076,TikTok,1969.5,252,2023-10-02
2077,Google,2059.63,165,2024-05-19
2078,Instagram,4908.46,456,2024-05-31
2079,Email,4739.65,235,2023-05-26
2080,Email,635.23,357,2024-03-16
2081,Email,1566.26,76,2023-04-27
2082,Email,2607.49,455,2024-02-01
2083,Google,3058.97,480,2023-11-18
2084,Facebook,1982.74,178,2023-06-15
2085,Email,3319.12,356,2023-12-21
2086,Google,2139.04,160,2023-05-09
2087,Google,978.5,368,2024-05-04
2088,TikTok,4452.25,279,2023-04-04
2089,Email,1750.92,196,2024-06-10
2090,Facebook,740.64,64,2023-07-04
2091,TikTok,586.42,259,2023-09-28
2092,Google,2611.8,320,2023-06-10
2093,Instagram,4604.84,200,2023-03-22
2094,Email,4350.62,273,2024-03-16
2095,Instagram,4608.06,213,2023-07-03
2096,Facebook,1785.56,316,2024-06-22
2097,Instagram,4994.61,95,2024-03-16
2098,Facebook,3999.6,165,2023-04-09
2099,Facebook,2292.37,96,2024-01-17
2100,TikTok,3529.25,106,2023-11-20
2101,Google,4470.61,183,2024-11-06
2102,Instagram,1037.94,309,2023-02-12
2103,Facebook,1707.12,131,2024-11-13
2104,TikTok,496.5,44,2023-06-02
2105,Instagram,2507.68,62,2023-02-17
2106,Email,3413.76,361,2023-01-30
2107,TikTok,1503.82,266,2024-03-22
2108,TikTok,658.07,214,2024-08-18
2109,Google,953.33,61,2023-08-15
2110,Instagram,1351.15,495,2024-11-16
2111,Email,949.22,97,2024-11-15
2112,TikTok,3614.81,465,2023-11-02
2113,Facebook,1240.51,465,2023-08-19
2114,Instagram,3152.14,455,2024-10-11
2115,Facebook,1301.4,209,2023-06-20
2116,TikTok,220.39,191,2023-08-28
2117,Google,1855.93,424,2024-06-02
2118,Google,4352.16,147,2024-10-10
2119,Facebook,2587.37,24,2024-01-11
2120,TikTok,1889.41,494,2023-03-04
2121,Google,1336.9,489,2023-07-21
2122,Google,4240.06,301,2023-03-04
2123,TikTok,3824.41,187,2023-06-11
2124,Email,532.43,84,2023-06-19
2125,Instagram,3690.78,200,2023-04-15
2126,Email,4574.75,301,2023-04-03
2127,Email,626.4,391,2024-08-06
2128,Instagram,1023.84,249,2023-07-14
2129,TikTok,2267.83,402,2023-09-13
2130,Email,4975.49,196,2024-07-26
2131,TikTok,2736.6,375,2024-01-22
2132,Instagram,4522.3,108,2024-09-10
2133,Facebook,1958.74,316,2024-09-09
2134,Facebook,3210.5,260,2024-04-02
2135,TikTok,407.59,465,2023-09-04
2136,TikTok,3997.61,201,2023-08-02
2137,TikTok,432.89,142,2023-05-15
2138,Facebook,2999.52,342,2024-09-17
2139,TikTok,2094.44,480,2024-08-04
2140,TikTok,2216.99,131,2023-09-27
2141,Instagram,4966.13,43,2024-03-07
2142,Facebook,3492.92,2,2024-03-28
2143,TikTok,4998.74,488,2024-06-09
2144,Instagram,341.18,119,2024-05-10
2145,Email,3101.7,138,2023-07-04
2146,Email,3415.18,275,2023-01-27
2147,Instagram,425.86,72,2024-05-06
2148,Google,2264.12,227,2024-03-07
2149,Facebook,236.27,48,2023-10-12
2150,TikTok,1472.2,298,2023-12-05
2151,Instagram,92.65,290,2023-11-13
2152,TikTok,544.36,102,2023-07-29
2153,Instagram,2208.3,177,2024-01-10
2154,Instagram,2692.16,207,2024-09-01
2155,Email,1663.34,238,2023-04-19
2156,Email,2647.03,40,2024-05-15
2157,Instagram,1902.19,185,2023-03-30
2158,TikTok,4481.63,299,2024-10-01
2159,Google,1553.99,461,2023-12-16
2160,Google,3258.62,327,2023-05-09
2161,Facebook,522.98,71,2023-08-18
2162,Google,2044.17,149,2024-03-26
2163,Facebook,2981.78,403,2024-11-24
2164,Email,4080.39,23,2024-05-12
2165,Email,4864.57,21,2024-05-12
2166,Instagram,1892.87,148,2024-07-16
2167,TikTok,2014.9,2,2023-10-10
2168,Facebook,1499.49,81,2024-08-01
2169,Email,4208.5,65,2023-07-04
2170,TikTok,484.95,127,2023-12-16
2171,Google,1511.06,60,2023-11-18
2172,TikTok,4079.35,245,2023-11-06
2173,TikTok,1531.28,207,2024-05-14
2174,Google,655.3,166,2024-07-14
2175,Email,4887.81,164,2023-12-25
2176,Email,2755.16,141,2024-01-31
2177,TikTok,1895.15,178,2024-05-17
2178,Instagram,3141.2,105,2023-11-02
2179,Google,327.16,281,2024-05-26
2180,Google,4921.63,17,2024-06-10
2181,TikTok,2586.09,91,2023-03-05
2182,Email,3286.96,496,2024-06-04
2183,Instagram,3227.18,53,2024-07-08
2184,Email,2761.93,263,2023-06-27
2185,Instagram,662.76,239,2024-07-07
2186,Instagram,76.24,179,2023-04-30
2187,Email,4558.98,469,2023-01-17
2188,Facebook,1498.11,119,2023-07-15
2189,Instagram,1878.17,153,2024-07-01
2190,TikTok,2599.42,427,2024-04-22
2191,TikTok,1449.36,51,2024-08-29
2192,Facebook,1705.8,47,2024-10-29
2193,Instagram,4702.37,213,2023-02-01
2194,TikTok,4571.61,497,2024-08-12
2195,TikTok,245.71,64,2023-06-03
2196,TikTok,2501.14,54,2024-01-05
2197,Instagram,2396.28,54,2024-02-03
2198,Google,278.7,102,2024-02-05
2199,TikTok,1164.3,121,2024-06-03
2200,Email,194.99,180,2023-11-02
2201,TikTok,1230.64,492,2024-10-02
2202,Email,2983.6,44,2024-01-31
2203,Facebook,1779.18,335,2023-05-30
2204,Google,4469.73,225,2023-05-18
2205,TikTok,4453.93,327,2023-08-24
2206,TikTok,818.35,100,2023-07-28
2207,Email,4294.16,385,2024-08-20
2208,Google,1044.22,255,2024-01-17
2209,Email,3326.5,103,2023-07-10
2210,Email,3970.5,60,2024-02-09
2211,Facebook,3329.31,232,2023-05-20
2212,Google,4115.79,437,2023-08-13
2213,Facebook,461.89,278,2023-06-05
2214,Email,689.93,40,2023-06-16
2215,Google,4534.62,34,2023-02-26
2216,Email,917.08,496,2024-03-21
2217,Google,900.48,385,2024-04-25
2218,Email,4733.37,226,2023-06-21
2219,Google,3506.36,233,2024-03-12
2220,Email,457.69,6,2024-01-05
2221,Facebook,4503.1,432,2024-03-18
2222,Facebook,1618.26,394,2023-05-08
2223,Instagram,3278.37,413,2024-04-11
2224,TikTok,1297.76,386,2024-04-02
2225,Google,2427.4,137,2023-04-09
2226,Email,2034.78,211,2023-07-04
2227,Facebook,3691.21,96,2023-10-16
2228,Google,4029.66,107,2023-03-01
2229,Facebook,3720.5,492,2023-09-07
2230,Email,3162.89,36,2024-03-31
2231,Google,686.32,31,2023-12-25
2232,Google,3882.4,360,2023-10-13
2233,TikTok,571.44,465,2023-11-13
2234,Google,2705.52,95,2024-03-04
2235,Instagram,1070.7,42,2023-03-10
2236,TikTok,3772.66,469,2024-10-18
2237,Email,2744.26,19,2023-05-19
2238,Google,2443.05,103,2024-10-09
2239,Email,2693.86,196,2023-07-14
2240,Instagram,4508.68,140,2023-06-09
2241,Email,3020.72,334,2024-06-24
2242,TikTok,3868.6,36,2024-03-05
2243,TikTok,3229.11,229,2024-06-06
2244,Instagram,4959.82,52,2024-06-17
2245,Google,4312.41,447,2024-05-29
2246,Facebook,1634.4,45,2024-05-14
2247,Facebook,2684.98,53,2024-07-30
2248,Instagram,3507.47,211,2023-07-29
2249,Email,4053.45,335,2024-03-21
2250,Instagram,1917.24,182,2024-01-17
2251,Email,1410.42,302,2024-11-20
2252,Facebook,4017.18,186,2024-04-22
2253,TikTok,3482.93,418,2023-09-07
2254,Instagram,4689.89,258,2023-11-05
2255,Facebook,4560.25,397,2024-01-27
2256,Instagram,3977.95,265,2024-04-14
2257,TikTok,4300.16,264,2024-04-15
2258,Instagram,3484.62,125,2023-05-24
2259,TikTok,4019.36,206,2023-07-18
2260,Instagram,3548.02,386,2023-10-14
2261,Instagram,2086.0,157,2024-08-30
2262,TikTok,3704.49,487,2024-02-27
2263,Facebook,3812.88,435,2024-11-25
2264,Facebook,1736.18,437,2024-10-22
2265,Google,2206.92,420,2023-11-15
2266,Google,2755.6,13,2023-04-17
2267,Facebook,3340.44,323,2023-02-20
2268,Instagram,2867.57,44,2024-11-15
2269,Facebook,4108.47,104,2023-12-09
2270,TikTok,1252.57,423,2023-01-04
2271,Instagram,2685.52,457,2024-09-22
2272,Facebook,4515.26,290,2024-07-02
2273,TikTok,3297.3,33,2023-09-02
2274,Email,3915.05,464,2023-08-28
2275,Facebook,3229.18,168,2024-02-06
2276,Email,2646.84,157,2023-02-05
2277,TikTok,4387.26,310,2024-03-14
2278,Email,2220.5,133,2023-11-14
2279,Instagram,2301.34,185,2023-02-17
2280,Instagram,950.72,77,2024-04-28
2281,TikTok,2555.36,452,2023-01-10
2282,Instagram,2641.48,278,2023-05-11
2283,Google,2324.04,410,2023-07-16
2284,Email,2462.52,353,2023-01-15
2285,TikTok,2701.65,119,2023-10-28
2286,Email,4059.23,292,2024-05-22
2287,Google,4065.27,401,2024-03-07
2288,Google,4560.91,294,2024-08-20
2289,TikTok,4946.74,447,2023-04-02
2290,Email,1908.3,342,2023-11-09
2291,Google,2506.6,257,2024-11-19
2292,Google,2010.85,187,2024-08-03
2293,Email,4958.98,230,2023-11-29
2294,Instagram,3140.38,289,2023-11-03
2295,Email,4354.47,346,2023-02-10
2296,Facebook,2097.6,81,2023-06-19
2297,Facebook,2714.79,322,2023-08-23
2298,Email,326.27,293,2024-03-09
2299,Facebook,4165.79,391,2024-04-28
2300,Instagram,2455.52,84,2023-03-04
2301,Facebook,3946.96,178,2023-05-24
2302,Instagram,3666.77,420,2023-12-26
2303,Google,3285.17,351,2023-10-08
2304,TikTok,2578.85,422,2024-06-23
2305,Google,716.94,36,2023-07-07
2306,Email,4460.1,42,2023-11-26
2307,Google,1331.01,100,2024-02-11
2308,Instagram,2064.25,21,2023-11-02
2309,Facebook,4309.0,88,2024-08-22
2310,TikTok,3515.64,344,2023-12-09
2311,Instagram,892.44,219,2024-02-21
2312,Google,2848.38,179,2023-10-03
2313,Facebook,3816.39,239,2024-04-24
2314,Instagram,1512.86,325,2023-01-22
2315,Instagram,3704.69,376,2023-02-08
2316,TikTok,3217.4,313,2024-06-04
2317,Instagram,525.34,343,2023-06-27
2318,Email,1709.86,380,2023-12-05
2319,Google,4242.09,335,2024-01-11
2320,Instagram,1428.05,403,2024-06-24
2321,Facebook,4067.92,136,2023-03-21
2322,Facebook,2668.29,342,2024-03-13
2323,Google,2013.13,141,2023-10-13
2324,Facebook,1351.93,258,2024-07-18
2325,Email,3588.09,383,2024-05-07
2326,Instagram,1914.75,66,2024-02-05
2327,Google,3956.8,259,2024-10-15
2328,Email,4497.67,170,2023-04-28
2329,Email,2050.35,173,2024-09-03
2330,TikTok,3853.8,347,2023-10-14
2331,Facebook,4764.53,485,2024-08-12
2332,Instagram,3591.11,7,2024-05-29
2333,Email,939.29,341,2023-06-05
2334,Facebook,1496.14,420,2023-06-22
2335,TikTok,2318.7,342,2024-08-30
2336,Google,1851.86,60,2024-11-14
2337,Google,2827.63,317,2023-12-09
2338,Facebook,2358.05,144,2024-06-12
2339,Google,3017.88,161,2024-05-16
2340,Instagram,2177.21,41,2024-03-09
2341,Google,2113.58,197,2023-03-06
2342,Facebook,3926.78,335,2023-12-07
2343,Instagram,286.85,352,2023-08-30
2344,Email,1974.42,100,2024-03-24
2345,Google,2198.81,271,2024-09-22
2346,Instagram,328.19,393,2023-05-25
2347,TikTok,318.66,230,2023-03-15
2348,Email,1317.03,124,2023-12-09
2349,Email,2413.92,103,2024-05-09
2350,TikTok,3649.23,114,2023-07-11
2351,Google,137.78,333,2023-01-18
2352,Facebook,1544.15,364,2024-05-06
2353,TikTok,3238.76,205,2023-12-30
2354,TikTok,2170.98,22,2023-12-16
2355,Email,638.45,17,2023-06-01
2356,Instagram,4920.49,110,2024-03-27
2357,Google,1253.54,359,2024-08-24
2358,TikTok,1831.46,206,2024-05-29
2359,Facebook,138.14,248,2023-11-23
2360,Google,4503.46,444,2023-04-30
2361,TikTok,2567.62,116,2023-09-10
2362,TikTok,2749.11,171,2023-09-01
2363,Google,4661.68,124,2023-12-26
2364,Facebook,867.17,173,2023-06-05
2365,Email,1743.26,201,2024-03-16
2366,Google,2961.94,442,2023-04-27
2367,Facebook,2390.76,308,2023-05-02
2368,TikTok,2746.8,177,2023-07-28
2369,Google,3454.55,264,2023-01-08
2370,TikTok,2300.49,237,2024-03-20
2371,TikTok,2602.21,7,2024-11-02
2372,Instagram,3084.78,339,2023-08-12
2373,TikTok,830.82,356,2023-06-30
2374,Instagram,4376.82,147,2023-02-26
2375,Instagram,306.41,114,2024-01-15
2376,Instagram,2404.81,208,2023-11-18
2377,Instagram,1369.33,449,2023-02-20
2378,TikTok,1235.37,461,2023-11-03
2379,Instagram,4175.12,164,2024-09-06
2380,Email,2396.08,233,2023-10-27
2381,Facebook,3402.53,147,2023-03-06
2382,Facebook,3181.7,486,2024-07-08
2383,Facebook,66.73,449,2023-10-24
2384,Google,771.85,222,2023-11-03
2385,Instagram,4190.15,425,2023-12-17
2386,Facebook,4899.47,395,2023-01-27
2387,Email,536.25,335,2023-01-21
2388,Facebook,4785.58,104,2023-09-18
2389,Email,735.28,43,2024-02-12
2390,Google,1587.21,305,2023-01-21
2391,Facebook,3332.85,471,2024-02-02
2392,Google,1761.35,117,2023-05-09
2393,Email,85.82,84,2023-03-14
2394,Facebook,1398.1,430,2023-03-03
2395,TikTok,4263.93,266,2024-04-29
2396,Facebook,181.62,430,2023-12-16
2397,Email,4040.57,158,2024-05-26
2398,Facebook,2172.83,32,2024-11-22
2399,Google,4530.39,120,2024-09-09
2400,Instagram,2762.71,100,2024-01-27
2401,Email,4296.96,161,2023-09-30
2402,Instagram,4277.8,342,2023-11-26
2403,Email,234.59,158,2023-04-21
2404,Instagram,678.05,85,2024-04-26
2405,Google,1710.55,397,2024-04-15
2406,Google,2748.12,200,2024-08-09
2407,TikTok,3158.29,473,2024-11-01
2408,Email,3099.62,419,2023-12-02
2409,Email,1197.39,414,2024-03-23
2410,Google,1932.4,198,2024-10-08
2411,Facebook,2303.69,333,2024-10-31
2412,Instagram,1118.59,137,2023-10-19
2413,TikTok,2897.75,438,2023-01-03
2414,TikTok,4984.39,359,2024-03-01
2415,Facebook,1630.47,63,2023-12-04
2416,Facebook,3428.55,301,2023-07-06
2417,Instagram,1196.95,210,2024-02-06
2418,Instagram,3469.55,198,2023-07-05
2419,Instagram,1758.14,373,2023-11-06
2420,Facebook,3962.89,288,2023-12-31
2421,Facebook,4785.25,298,2024-07-14
2422,Google,3621.09,491,2023-12-27
2423,Facebook,761.5,207,2024-06-01
2424,Facebook,2153.68,224,2024-11-01
2425,Google,3530.06,120,2023-05-23
2426,Facebook,732.58,394,2024-10-17
2427,Facebook,1524.06,426,2023-03-05
2428,Facebook,3993.63,392,2024-07-04
2429,Instagram,4887.48,33,2023-01-10
2430,Google,3745.48,281,2023-02-14
2431,Instagram,656.07,98,2023-08-27
2432,Facebook,2782.58,426,2023-09-30
2433,TikTok,1956.39,478,2023-12-25
2434,Facebook,2805.87,46,2023-10-06
2435,Instagram,913.74,494,2023-08-09
2436,TikTok,2799.45,344,2024-04-10
2437,Google,3288.88,346,2023-01-05
2438,TikTok,1909.44,83,2023-02-27
2439,Facebook,2095.57,172,2023-08-05
2440,TikTok,932.03,307,2023-06-25
2441,Facebook,4051.59,300,2024-06-05
2442,Google,1824.18,164,2023-04-18
2443,Email,3510.78,100,2024-04-28
2444,Facebook,4752.84,154,2023-07-12
2445,Email,4199.86,221,2023-08-16
2446,Facebook,3946.71,267,2024-05-19
2447,TikTok,3170.07,282,2023-10-26
2448,Instagram,4519.36,470,2023-05-11
2449,Instagram,348.8,131,2024-03-15
2450,Email,4202.22,59,2023-05-27
2451,Google,3240.2,157,2024-04-24
2452,Google,1627.08,81,2023-06-01
2453,TikTok,1847.42,193,2024-07-30
2454,Email,1529.62,102,2023-01-30
2455,Google,669.83,5,2024-11-16
2456,TikTok,2242.22,393,2024-08-29
2457,Email,736.96,336,2023-06-01
2458,Facebook,2533.81,417,2023-03-26
2459,Instagram,1998.11,297,2023-07-20
2460,Google,687.66,189,2023-12-31
2461,TikTok,739.88,182,2024-06-14
2462,Facebook,3164.59,263,2023-11-14
2463,Facebook,2255.87,236,2023-08-26
2464,TikTok,2262.93,405,2023-02-28
2465,Facebook,3788.24,237,2024-07-21
2466,Google,4865.33,434,2023-08-30
2467,Email,797.76,163,2023-01-16
2468,Facebook,1240.11,226,2024-03-24
2469,Google,2413.21,371,2023-05-05
2470,Email,1290.11,192,2024-11-04
2471,Email,4976.44,53,2024-05-20
2472,Instagram,2980.16,335,2023-07-30
2473,Facebook,2119.06,108,2023-04-17
2474,Google,410.07,376,2023-09-15
2475,Google,4807.93,204,2024-02-26
2476,Facebook,453.63,346,2024-10-28
2477,Email,3003.67,434,2024-11-18
2478,Facebook,1613.1,231,2024-06-29
2479,Google,3881.65,178,2024-07-16
2480,TikTok,3872.14,282,2023-03-30
2481,Instagram,741.33,322,2024-01-30
2482,Facebook,1306.19,224,2023-10-11
2483,Google,2060.83,61,2023-09-08
2484,Google,4588.63,369,2024-01-25
2485,Google,4186.05,398,2024-09-16
2486,Email,3484.1,42,2023-03-11
2487,Email,4035.52,480,2023-07-04
2488,Google,1066.81,342,2023-07-18
2489,Email,214.46,361,2024-06-18
2490,Google,175.71,376,2023-11-29
2491,Facebook,3604.65,197,2024-10-21
2492,Instagram,704.84,285,2024-06-30
2493,Facebook,4420.32,427,2023-07-31
2494,Facebook,2896.83,322,2023-06-29
2495,Facebook,3606.81,88,2024-03-09
2496,TikTok,4174.94,220,2024-07-27
2497,TikTok,616.62,429,2024-03-18
2498,Facebook,3296.66,237,2024-07-19
2499,Email,2442.79,1,2024-03-25
2500,Instagram,2943.14,479,2024-08-06
2501,Google,1773.54,419,2023-07-03
2502,Facebook,4084.53,343,2024-02-02
2503,Google,4655.22,173,2024-09-13
2504,Email,2234.03,42,2023-07-26
2505,Instagram,3900.27,379,2024-08-21
2506,Instagram,3305.69,491,2024-04-19
2507,Google,4899.39,228,2024-09-24
2508,Email,634.15,102,2023-05-26
2509,TikTok,686.61,226,2024-01-29
2510,TikTok,3822.09,37,2023-09-30
2511,TikTok,687.87,434,2024-11-25
2512,Facebook,2175.24,419,2023-03-12
2513,Email,4256.11,281,2024-01-14
2514,Instagram,3595.24,198,2024-01-21
2515,Google,3524.33,429,2023-11-08
2516,TikTok,917.55,355,2024-03-09
2517,Google,639.39,12,2024-05-31
2518,Email,2095.71,331,2024-04-24
2519,TikTok,2996.24,218,2023-01-16
2520,Email,129.32,442,2023-11-15
2521,Email,4633.97,188,2024-03-01
2522,Facebook,273.46,459,2024-02-10
2523,Facebook,4139.01,447,2024-04-01
2524,Google,2936.88,173,2023-07-03
2525,Facebook,1804.81,498,2024-02-18
2526,TikTok,1332.9,8,2023-06-11
2527,TikTok,2585.71,443,2024-10-27
2528,Instagram,1218.13,334,2024-06-29
2529,Email,3010.26,464,2024-01-18
2530,TikTok,1897.34,339,2023-04-14
2531,Facebook,2091.71,391,2024-01-18
2532,Email,710.66,422,2023-10-15
2533,TikTok,1084.68,5,2024-03-07
2534,Facebook,1799.09,293,2024-08-30
2535,Google,4190.28,280,2024-10-05
2536,Email,1193.6,355,2023-03-17
2537,Instagram,3476.39,76,2024-06-10
2538,Email,1805.88,55,2024-06-09
2539,TikTok,1700.51,493,2024-06-05
2540,Email,3576.38,215,2023-01-15
2541,Google,3701.32,45,2024-08-23
2542,Instagram,1317.25,457,2024-07-31
2543,Google,4887.07,407,2024-03-02
2544,TikTok,2580.28,209,2023-08-31
2545,Google,863.45,245,2023-02-19
2546,Instagram,2432.61,341,2023-12-03
2547,TikTok,1663.8,21,2024-02-16
2548,Facebook,1750.27,436,2024-07-19
2549,Email,571.25,96,2023-04-10
2550,TikTok,3317.13,144,2024-10-06
2551,TikTok,3238.81,83,2024-04-28
2552,Instagram,3320.69,396,2023-07-31
2553,Instagram,2612.08,390,2024-03-20
2554,Email,2753.63,441,2024-09-04
2555,Email,1659.01,59,2023-06-16
2556,Email,4625.32,358,2023-06-06
2557,Instagram,1154.22,321,2024-05-06
2558,Email,1782.36,208,2024-05-01
2559,Google,3441.09,327,2024-10-20
2560,TikTok,2991.14,280,2023-01-25
2561,TikTok,4922.62,440,2024-01-11
2562,Google,152.25,366,2024-02-16
2563,TikTok,1819.93,274,2023-06-11
2564,Google,2650.57,138,2024-09-28
2565,Instagram,1614.13,219,2024-07-18
2566,Facebook,705.78,323,2024-05-01
2567,Instagram,1908.62,99,2023-07-18
2568,Google,4284.81,124,2024-10-01
2569,Instagram,3625.43,27,2024-10-28
2570,TikTok,3058.91,113,2024-11-12
2571,Google,4889.12,328,2024-08-06
2572,TikTok,3319.36,237,2024-04-11
2573,Google,4686.23,105,2024-03-04
2574,TikTok,3504.96,350,2023-04-02
2575,Google,2993.29,315,2024-02-10
2576,Google,1322.51,324,2023-09-17
2577,Instagram,1711.75,202,2023-06-11
2578,Instagram,2432.05,68,2024-10-23
2579,TikTok,1622.38,480,2023-04-20
2580,TikTok,880.7,56,2023-09-16
2581,Google,2132.71,164,2023-07-17
2582,TikTok,732.62,216,2024-11-22
2583,Facebook,4070.24,440,2023-08-17
2584,Instagram,367.53,119,2024-01-08
2585,TikTok,4052.06,60,2024-01-20
2586,Email,4739.14,28,2023-01-17
2587,TikTok,1439.51,86,2023-06-03
2588,Facebook,3058.52,219,2024-04-24
2589,Instagram,4019.28,322,2023-04-25
2590,TikTok,2637.29,293,2023-06-14
2591,Instagram,1153.68,355,2024-06-16
2592,Google,1325.68,213,2024-08-24
2593,Email,3997.42,81,2024-07-06
2594,Email,2803.23,125,2023-05-28
2595,Email,3301.86,320,2024-05-26
2596,TikTok,2001.43,342,2023-12-17
2597,Email,2865.09,166,2024-08-16
2598,TikTok,3340.43,182,2023-04-18
2599,Email,594.22,362,2024-07-17
2600,Google,769.84,103,2024-01-09
2601,Email,3299.2,372,2024-04-18
2602,Facebook,2355.58,87,2024-01-28
2603,Email,3529.49,29,2024-03-22
2604,Facebook,770.44,154,2023-05-28
2605,Google,537.67,303,2024-04-06
2606,Email,2892.43,374,2023-09-05
2607,Google,1771.38,198,2023-07-09
2608,Instagram,1875.88,89,2023-12-30
2609,Email,4217.38,466,2023-05-19
2610,Email,1448.25,80,2024-10-12
2611,TikTok,2153.93,483,2023-09-05
2612,Google,2433.79,446,2024-03-26
2613,TikTok,2212.18,59,2023-05-24
2614,Facebook,4549.15,59,2023-07-07
2615,Instagram,1472.76,399,2024-05-07
2616,Email,283.65,372,2024-01-20
2617,Google,1362.98,301,2024-10-08
2618,TikTok,2782.97,73,2023-02-05
2619,Instagram,4285.83,422,2023-11-17
2620,Email,4912.41,237,2024-05-23
2621,Instagram,2047.93,133,2024-10-26
2622,Facebook,2812.31,28,2023-01-07
2623,Instagram,2042.6,398,2024-04-17
2624,Facebook,531.58,334,2023-01-23
2625,TikTok,2598.94,114,2023-07-12
2626,Email,3505.22,210,2024-10-07
2627,Google,982.02,183,2023-02-11
2628,Google,2216.65,23,2023-03-15
2629,Facebook,1097.21,37,2023-06-26
2630,Google,1378.64,274,2023-11-03
2631,TikTok,746.4,92,2024-04-19
2632,Instagram,2232.46,278,2024-01-07
2633,Facebook,4096.93,135,2024-04-02
2634,Email,4357.27,162,2024-11-16
2635,Google,3848.88,487,2023-10-19
2636,Email,736.7,311,2024-08-05
2637,Email,4333.72,259,2024-05-25
2638,TikTok,1754.67,131,2023-11-28
2639,Google,1565.27,183,2024-03-02
2640,Email,470.32,361,2023-04-04
2641,Facebook,209.3,365,2023-05-28
2642,TikTok,2843.94,408,2023-12-27
2643,Instagram,1653.04,496,2024-01-05
2644,Google,2565.72,195,2023-10-26
2645,Facebook,1378.85,90,2024-03-24
2646,Google,2150.14,365,2023-07-04
2647,Email,216.18,44,2023-05-15
2648,Email,2660.1,194,2023-08-20
2649,Instagram,4661.19,54,2023-09-23
2650,Email,1917.83,444,2024-11-17
2651,Facebook,2030.91,111,2023-10-08
2652,Facebook,1559.4,337,2024-04-23
2653,Google,3792.49,468,2024-10-17
2654,TikTok,1132.32,419,2023-03-26
2655,Google,3549.24,371,2024-08-23
2656,Facebook,4648.57,193,2023-09-16
2657,Google,4456.04,346,2023-04-21
2658,Email,2061.29,428,2023-09-06
2659,Facebook,1023.13,439,2023-04-26
2660,Google,132.65,329,2023-10-08
2661,Facebook,1941.48,272,2023-09-13
2662,TikTok,774.14,287,2024-05-05
2663,Email,1845.78,13,2024-04-23
2664,Google,3790.57,127,2024-03-30
2665,Instagram,4686.72,253,2023-09-08
2666,Email,1957.58,48,2023-08-12
2667,TikTok,3442.53,155,2024-04-05
2668,Instagram,3849.34,92,2023-09-21
2669,TikTok,586.08,139,2024-08-23
2670,TikTok,3822.6,446,2023-09-21
2671,Facebook,1415.17,278,2024-09-02
2672,Google,2494.03,317,2023-01-21
2673,Facebook,1275.92,79,2024-08-20
2674,Google,3903.62,256,2023-10-14
2675,Facebook,2994.55,273,2023-07-21
2676,Instagram,4750.51,183,2024-11-11
2677,Google,2880.02,439,2024-02-26
2678,Facebook,1476.6,51,2024-05-09
2679,Facebook,1362.72,126,2024-10-13
2680,Instagram,73.06,460,2024-05-17
2681,Instagram,3540.33,289,2023-01-24
2682,TikTok,4963.39,252,2024-08-21
2683,Instagram,3351.23,24,2023-11-19
2684,TikTok,2138.99,488,2024-11-27
2685,Google,4791.16,87,2023-05-22
2686,Instagram,1258.19,365,2024-05-28
2687,Google,1515.03,491,2024-06-13
2688,Instagram,3280.1,328,2024-06-04
2689,Email,3710.22,288,2023-11-11
2690,Instagram,1576.63,241,2024-09-26
2691,TikTok,3268.58,419,2023-02-08
2692,Facebook,1046.35,124,2024-11-07
2693,Google,3443.93,280,2024-11-05
2694,Google,1430.34,194,2023-06-23
2695,Google,2483.04,442,2023-03-06
2696,TikTok,1914.42,365,2024-01-30
2697,Google,1034.65,497,2023-02-10
2698,Instagram,4521.08,129,2024-04-28
2699,Email,4803.67,69,2023-04-25
2700,TikTok,3159.18,178,2023-12-25
2701,TikTok,1785.24,141,2024-11-04
2702,Google,3546.14,370,2024-03-27
2703,TikTok,893.87,226,2024-08-24
2704,Instagram,4804.19,411,2023-07-23
2705,Email,4292.46,315,2023-07-17
2706,Facebook,1586.66,350,2023-06-30
2707,Facebook,2694.65,400,2023-06-07
2708,Email,2357.27,310,2023-03-09
2709,TikTok,2761.28,26,2024-08-09
2710,TikTok,2789.78,419,2023-09-13
2711,Instagram,4631.37,482,2023-04-17
2712,Instagram,3031.96,463,2023-09-01
2713,Email,4938.96,278,2023-05-27
2714,Email,4204.85,186,2023-09-17
2715,Email,1127.64,6,2023-08-20
2716,TikTok,1811.71,205,2023-10-29
2717,Instagram,1119.3,120,2023-07-21
2718,Email,1120.77,223,2023-10-12
2719,Facebook,508.67,353,2023-01-14
2720,TikTok,2229.6,230,2023-12-04
2721,Email,1663.85,433,2024-05-17
2722,TikTok,4027.51,22,2024-05-29
2723,Google,890.27,433,2023-11-19
2724,Google,4667.73,384,2024-08-26
2725,Facebook,3105.29,57,2024-03-30
2726,Google,4564.23,61,2024-01-31
2727,Email,3982.59,132,2023-01-13
2728,Google,2992.79,127,2023-10-24
2729,Instagram,2472.95,167,2024-06-18
2730,Email,3810.68,366,2023-10-01
2731,Facebook,2202.3,52,2024-02-13
2732,Email,3263.63,127,2023-07-26
2733,Email,1672.25,34,2024-07-30
2734,Instagram,2003.0,333,2023-11-11
2735,Google,2071.14,361,2023-01-14
2736,Google,4236.79,419,2024-09-30
2737,TikTok,1265.29,282,2024-05-13
2738,Google,2786.27,135,2023-08-20
2739,Google,626.28,475,2023-05-29
2740,Instagram,2314.3,8,2023-05-04
2741,Instagram,3064.19,124,2023-02-19
2742,Email,341.53,82,2024-06-23
2743,Google,4963.48,175,2024-09-07
2744,TikTok,2956.22,493,2024-03-07
2745,Email,3434.86,408,2024-09-27
2746,Facebook,3401.57,98,2024-04-08
2747,Email,4548.8,477,2023-11-09
2748,TikTok,1074.63,62,2023-08-02
2749,Google,2875.54,167,2024-02-08
2750,Facebook,290.06,176,2023-04-14
2751,Google,443.03,447,2024-07-19
2752,Facebook,4799.85,215,2024-01-24
2753,Instagram,3020.11,158,2024-02-01
2754,Facebook,4069.34,302,2023-11-29
2755,Facebook,159.66,145,2024-05-23
2756,Facebook,3695.97,441,2024-05-12
2757,Google,286.11,340,2023-12-15
2758,Facebook,2763.64,34,2023-09-05
2759,Google,2485.37,485,2023-05-28
2760,Instagram,775.86,352,2024-02-22
2761,Instagram,386.74,257,2024-04-13
2762,Facebook,3460.48,442,2024-02-14
2763,TikTok,1513.87,385,2024-03-13
2764,Google,447.16,205,2023-07-03
2765,Facebook,1559.76,229,2023-08-07
2766,Google,1385.28,282,2024-04-01
2767,Instagram,2222.65,340,2023-12-11
2768,Google,4435.55,353,2023-02-19
2769,Facebook,735.84,22,2024-11-12
2770,Facebook,3510.18,305,2024-07-01
2771,Instagram,266.79,45,2023-07-07
2772,Google,4068.97,53,2024-11-08
2773,Google,1036.55,453,2024-11-16
2774,Google,2572.87,117,2023-06-16
2775,Facebook,497.59,293,2023-05-10
2776,Instagram,3503.21,480,2023-12-06
2777,Email,851.63,34,2023-10-30
2778,Email,4250.64,231,2023-10-31
2779,Facebook,2704.64,284,2024-07-17
2780,Instagram,3933.01,198,2023-08-17
2781,Email,3177.54,97,2024-10-16
2782,Google,499.4,161,2024-05-28
2783,Email,1807.18,476,2023-03-16
2784,TikTok,2801.93,194,2023-08-12
2785,Instagram,1771.16,83,2024-04-23
2786,TikTok,1481.42,59,2024-01-08
2787,Google,3090.46,492,2024-05-25
2788,Facebook,4777.58,306,2023-04-23
2789,Email,52.51,411,2023-08-19
2790,Instagram,2754.2,443,2023-10-11
2791,Facebook,1524.64,74,2023-07-22
2792,TikTok,1375.46,158,2024-02-29
2793,Google,2444.87,161,2024-11-23
2794,TikTok,4837.27,444,2024-08-06
2795,Google,1256.96,14,2023-08-31
2796,Instagram,78.55,383,2023-02-09
2797,Instagram,663.46,256,2023-10-28
2798,Instagram,1607.37,63,2024-03-12
2799,Facebook,2208.12,486,2023-08-25
2800,Email,3600.21,207,2024-09-05
2801,Instagram,1981.74,340,2023-08-23
2802,Facebook,4044.33,471,2023-03-24
2803,Facebook,4044.02,16,2023-02-12
2804,Google,321.62,132,2023-05-14
2805,Google,1380.9,66,2024-03-15
2806,Instagram,4130.66,369,2024-09-18
2807,Facebook,4202.9,102,2023-03-31
2808,Email,3123.59,459,2024-10-01
2809,Email,726.94,447,2024-08-20
2810,Google,3702.02,155,2023-07-30
2811,TikTok,2883.47,388,2024-08-12
2812,Instagram,4425.07,462,2024-07-23
2813,Facebook,68.06,328,2023-04-13
2814,Instagram,4105.69,373,2023-11-30
2815,TikTok,3302.72,363,2024-08-03
2816,Google,126.11,86,2024-11-21
2817,Google,4168.29,404,2024-09-14
2818,Google,3089.93,348,2023-10-19
2819,Google,3747.43,453,2023-11-23
2820,Instagram,3442.61,188,2023-11-21
2821,Google,2662.05,123,2023-11-02
2822,Google,1253.35,87,2024-06-05
2823,Facebook,2303.75,204,2024-10-02
2824,TikTok,3230.91,78,2024-04-14
2825,TikTok,1804.77,77,2023-04-19
2826,Google,202.21,185,2023-05-17
2827,TikTok,1857.01,107,2023-01-03
2828,Google,827.66,465,2024-05-15
2829,TikTok,1202.74,233,2024-05-24
2830,TikTok,3618.05,288,2023-07-24
2831,Facebook,1424.86,184,2024-09-14
2832,Google,243.41,143,2023-04-20
2833,Facebook,3126.25,104,2023-11-16
2834,Facebook,1458.16,223,2024-10-03
2835,Google,3541.64,392,2023-03-23
2836,Instagram,576.13,86,2024-04-14
2837,Google,404.15,474,2023-07-22
2838,Email,3010.52,101,2024-10-24
2839,Instagram,763.76,232,2024-07-21
2840,Facebook,645.31,393,2024-03-27
2841,Facebook,2702.73,133,2024-08-25
2842,TikTok,3622.47,159,2024-04-07
2843,Instagram,1672.64,68,2024-05-23
2844,TikTok,2114.45,292,2023-04-19
2845,Email,907.23,23,2024-08-05
2846,TikTok,692.23,327,2024-06-12
2847,Instagram,2388.64,19,2023-06-01
2848,Instagram,3440.03,462,2024-10-22
2849,Google,4584.52,61,2024-02-08
2850,TikTok,1544.87,440,2023-08-05
2851,Email,4265.26,174,2024-06-06
2852,Google,4951.25,33,2023-01-09
2853,Instagram,1284.84,426,2024-02-02
2854,Facebook,2593.13,33,2023-05-31
2855,Google,4760.84,86,2023-01-31
2856,Facebook,2569.6,207,2023-05-23
2857,Email,3760.63,483,2023-06-03
2858,Instagram,3293.24,419,2023-03-13
2859,Facebook,4842.16,251,2024-04-15
2860,Google,3065.77,236,2023-03-19
2861,Instagram,468.81,276,2023-03-05
2862,Facebook,2762.45,444,2024-09-24
2863,TikTok,932.78,350,2024-01-20
2864,Instagram,3057.29,495,2023-01-20
2865,TikTok,308.81,126,2024-07-14
2866,Google,138.94,277,2023-12-25
2867,Google,278.48,305,2024-10-05
2868,Email,3576.69,42,2023-03-14
2869,Instagram,4255.89,357,2024-07-01
2870,Instagram,332.38,255,2023-11-29
2871,Instagram,614.78,248,2023-12-12
2872,Google,4935.67,400,2024-05-23
2873,Email,1548.61,56,2024-07-13
2874,Instagram,1906.0,324,2024-05-01
2875,Facebook,1532.5,435,2024-08-09
2876,Email,2414.25,461,2024-11-08
2877,Email,1456.22,482,2024-11-25
2878,Google,2277.15,2,2023-06-06
2879,Email,852.91,442,2024-04-18
2880,TikTok,3438.23,455,2024-01-16
2881,Google,802.83,252,2023-01-08
2882,Google,1988.1,69,2024-08-08
2883,Instagram,4877.23,219,2023-02-03
2884,Google,2542.66,97,2023-10-29
2885,TikTok,3965.22,374,2024-09-11
2886,Google,1153.31,389,2024-10-14
2887,Google,2209.74,225,2024-04-21
2888,TikTok,3972.38,389,2024-02-03
2889,Facebook,1369.27,153,2024-09-27
2890,Google,3433.91,339,2024-03-19
2891,Instagram,2184.31,236,2023-03-23
2892,Facebook,3604.39,111,2023-01-16
2893,Email,204.55,383,2023-05-08
2894,Facebook,1805.95,267,2024-04-28
2895,Instagram,4334.81,362,2023-09-09
2896,TikTok,4443.9,48,2023-02-25
2897,Google,1973.0,366,2023-10-12
2898,Facebook,384.25,405,2024-01-31
2899,TikTok,611.77,305,2023-07-18
2900,Facebook,1823.43,305,2024-11-30
2901,Facebook,4364.69,401,2024-07-01
2902,Google,2814.99,52,2024-06-01
2903,Email,4507.66,118,2023-06-06
2904,Instagram,2279.93,431,2023-11-17
2905,TikTok,465.17,12,2023-10-20
2906,TikTok,2567.83,0,2024-09-26
2907,TikTok,1312.6,362,2024-10-17
2908,TikTok,3816.2,427,2024-10-09
2909,Email,2926.89,336,2024-07-27
2910,Instagram,3094.25,15,2023-09-29
2911,Facebook,4233.04,430,2024-02-20
2912,Facebook,2133.02,323,2023-03-25
2913,Google,3537.18,344,2024-01-23
2914,Google,2478.19,388,2023-12-11
2915,TikTok,465.26,357,2024-05-29
2916,Email,1416.64,207,2024-07-01
2917,Email,2819.46,79,2023-08-19
2918,Instagram,3642.42,125,2024-05-05
2919,Google,2160.94,53,2023-05-14
2920,TikTok,1161.97,84,2023-12-17
2921,Instagram,2172.11,371,2024-07-30
2922,Email,4917.51,62,2023-05-08
2923,TikTok,1123.01,421,2023-11-15
2924,TikTok,4816.96,470,2023-08-01
2925,Facebook,2371.81,448,2024-11-15
2926,Instagram,3158.76,152,2024-11-29
2927,TikTok,3682.03,262,2023-05-02
2928,Facebook,2561.0,97,2023-06-01
2929,Email,1323.22,146,2023-09-07
2930,Email,3595.39,110,2023-06-29
2931,Google,1558.06,174,2024-05-05
2932,Email,4213.79,166,2023-07-13
2933,Instagram,3152.69,451,2024-04-06
2934,Email,617.6,401,2023-12-05
2935,Instagram,740.53,387,2023-03-17
2936,Instagram,456.83,186,2023-01-16
2937,Facebook,2722.4,11,2023-06-26
2938,Google,4215.05,197,2024-01-27
2939,Email,4399.57,144,2023-06-07
2940,Instagram,2499.98,425,2023-04-17
2941,Email,3509.46,62,2023-08-15
2942,Email,1968.6,234,2023-11-27
2943,TikTok,3789.43,52,2024-03-25
2944,Facebook,250.17,93,2024-10-18
2945,TikTok,2752.18,402,2024-01-29
2946,Email,3163.84,123,2023-02-22
2947,Google,782.19,39,2024-06-19
2948,Facebook,1272.0,384,2023-08-20
2949,Facebook,4199.89,219,2023-08-01
2950,Google,84.05,49,2024-08-17
2951,Google,4995.75,117,2023-07-25
2952,TikTok,4325.52,482,2024-08-02
2953,Email,2977.18,239,2023-03-05
2954,Instagram,4466.55,86,2023-08-10
2955,Google,4935.77,18,2023-10-12
2956,Email,360.19,75,2023-08-08
2957,Instagram,1584.89,131,2023-12-27
2958,TikTok,1516.86,318,2024-07-29
2959,Facebook,3584.9,434,2023-10-08
2960,TikTok,520.73,373,2023-11-01
2961,TikTok,2618.45,71,2024-11-30
2962,Google,3337.34,331,2023-01-20
2963,Instagram,1166.01,114,2024-04-20
2964,Google,1741.56,43,2024-11-27
2965,Google,1848.63,422,2023-04-14
2966,Google,1344.75,449,2023-10-13
2967,TikTok,922.12,94,2024-07-06
2968,Instagram,1806.13,174,2023-12-10
2969,Instagram,449.86,328,2023-05-30
2970,Facebook,4435.6,224,2023-04-07
2971,Facebook,1377.96,175,2023-01-03
2972,TikTok,3780.17,146,2024-01-18
2973,TikTok,3634.6,423,2024-03-31
2974,TikTok,709.29,211,2024-09-28
2975,Google,918.35,70,2024-07-08
2976,Email,409.85,101,2024-03-31
2977,Google,2032.53,431,2023-02-27
2978,Email,694.59,144,2023-07-25
2979,Google,1308.83,37,2024-10-29
2980,Email,4633.3,55,2024-02-15
2981,Google,3630.81,304,2023-03-10
2982,TikTok,379.9,17,2024-05-07
2983,TikTok,2024.72,231,2023-03-14
2984,Facebook,3888.24,51,2024-02-25
2985,Instagram,3844.96,200,2023-10-19
2986,TikTok,4891.8,194,2024-03-15
2987,TikTok,949.88,486,2023-02-09
2988,Instagram,2770.69,329,2024-04-07
2989,Email,2169.64,410,2023-05-23
2990,Email,4789.7,206,2023-06-26
2991,Google,692.95,336,2024-02-14
2992,Instagram,227.27,115,2023-12-02
2993,Facebook,1351.99,74,2023-02-18
2994,Google,4733.41,338,2024-01-05
2995,Email,3210.22,312,2024-03-05
2996,Google,3413.33,68,2023-09-13
2997,TikTok,453.39,188,2024-11-24
2998,Google,3307.16,80,2024-10-22
2999,Facebook,3941.87,191,2023-11-03
3000,Instagram,1674.43,416,2023-08-15
3001,Instagram,1087.84,196,2023-02-24
3002,TikTok,4474.13,450,2024-07-26
3003,TikTok,3063.34,418,2023-07-03
3004,Google,3473.73,394,2024-10-29
3005,Email,675.26,469,2023-07-27
3006,Email,2465.31,160,2024-04-02
3007,Email,1356.86,98,2023-08-17
3008,Facebook,3716.72,92,2023-12-06
3009,Facebook,4670.21,374,2024-06-21
3010,Instagram,620.45,32,2023-03-14
3011,Facebook,3776.05,266,2023-07-16
3012,Instagram,4025.84,113,2023-03-19
3013,Facebook,1074.38,400,2023-04-20
3014,Email,2285.24,391,2023-03-06
3015,Facebook,4324.38,223,2024-01-04
3016,TikTok,1579.03,93,2024-02-24
3017,Email,4459.39,478,2023-02-06
3018,Google,850.07,32,2023-10-23
3019,TikTok,1284.02,168,2024-10-10
3020,Instagram,3370.44,357,2024-01-28
3021,TikTok,542.82,202,2023-06-20
3022,Instagram,4744.76,295,2023-12-24
3023,Instagram,4938.34,123,2023-10-02
3024,Email,3955.75,118,2024-11-26
3025,Google,861.8,116,2023-08-25
3026,TikTok,2123.31,131,2023-06-02
3027,Facebook,3205.35,347,2023-03-27
3028,Google,1540.37,127,2024-02-04
3029,Facebook,3640.64,332,2023-03-18
3030,Email,2538.13,335,2024-11-18
3031,Facebook,3179.98,174,2024-09-21
3032,Facebook,1925.63,250,2023-04-03
3033,TikTok,4874.67,385,2024-03-25
3034,Google,4594.94,356,2024-02-03
3035,Facebook,3530.0,50,2023-11-01
3036,Facebook,3886.55,29,2024-06-19
3037,Facebook,2981.65,319,2023-12-28
3038,Instagram,778.46,127,2023-09-03
3039,Google,4708.97,454,2024-06-06
3040,Google,3301.47,262,2023-08-19
3041,Google,3257.48,469,2023-03-11
3042,Google,3346.24,102,2024-08-29
3043,Google,3473.49,304,2024-11-23
3044,Instagram,4104.32,393,2024-04-23
3045,Facebook,901.38,24,2024-08-24
3046,Email,4969.53,155,2023-09-01
3047,Google,1925.18,377,2023-04-10
3048,Facebook,3221.28,371,2024-07-05
3049,Email,302.17,170,2023-05-15
3050,Google,2822.03,147,2023-05-22
3051,Email,1013.0,208,2023-11-09
3052,Google,1437.72,403,2023-01-08
3053,Email,3574.1,330,2023-11-12
3054,TikTok,3722.83,92,2024-10-09
3055,Instagram,376.67,353,2024-10-17
3056,Google,4462.49,50,2024-07-23
3057,Instagram,584.44,399,2024-10-13
3058,TikTok,2495.37,102,2023-11-28
3059,TikTok,3710.0,296,2023-03-08
3060,Email,1434.55,291,2024-04-29
3061,Email,1554.06,206,2024-07-01
3062,Google,388.5,383,2023-02-20
3063,Instagram,1496.47,366,2023-03-24
3064,Email,3254.83,95,2023-08-26
3065,TikTok,3217.17,229,2024-11-07
3066,TikTok,915.91,263,2024-10-30
3067,Instagram,4936.78,393,2024-11-28
3068,Email,1243.99,13,2023-10-07
3069,Google,1052.57,58,2023-07-05
3070,TikTok,1239.47,66,2024-05-07
3071,Instagram,2408.76,34,2024-11-17
3072,Google,4753.79,5,2024-03-05
3073,Facebook,4669.48,412,2024-03-17
3074,Instagram,3911.24,343,2024-01-28
3075,Google,4184.02,227,2023-07-29
3076,Email,4910.72,202,2024-10-16
3077,Instagram,2239.44,360,2024-05-28
3078,Instagram,3890.6,408,2024-05-17
3079,Instagram,4019.46,18,2023-12-31
3080,Google,2705.06,89,2024-04-04
3081,Email,564.18,417,2024-11-16
3082,Google,1361.98,23,2024-03-15
3083,Email,3096.24,125,2023-01-17
3084,Facebook,4454.97,180,2024-06-17
3085,TikTok,2982.79,451,2023-03-31
3086,Email,668.88,259,2023-06-04
3087,Facebook,790.92,277,2023-04-15
3088,Facebook,3787.39,147,2024-05-28
3089,Email,2979.97,92,2023-12-21
3090,Google,4360.77,355,2024-10-25
3091,TikTok,3413.32,383,2023-03-21
3092,Instagram,3782.9,491,2024-04-19
3093,Facebook,3914.74,423,2023-01-15
3094,TikTok,4258.29,28,2024-03-31
3095,TikTok,379.69,453,2024-05-03
3096,Google,619.34,73,2023-11-26
3097,Instagram,2237.89,386,2024-04-30
3098,Google,1663.59,237,2023-01-16
3099,TikTok,794.04,313,2024-01-12
3100,TikTok,1006.85,340,2024-11-08
3101,Facebook,2252.75,308,2023-05-02
3102,TikTok,1750.41,31,2024-09-09
3103,TikTok,3325.32,19,2023-08-25
3104,Email,4057.63,312,2023-11-15
3105,Facebook,2722.15,427,2023-11-14
3106,Google,447.53,273,2024-01-04
3107,Email,1473.84,465,2023-02-03
3108,TikTok,671.81,153,2023-10-09
3109,Instagram,3123.49,273,2024-11-02
3110,Facebook,261.24,59,2023-12-05
3111,Facebook,3478.53,400,2023-02-28
3112,Facebook,72.59,96,2024-02-24
3113,Facebook,3142.41,431,2023-11-21
3114,TikTok,1443.36,7,2023-09-26
3115,Instagram,2818.52,183,2024-03-15
3116,Facebook,2604.8,312,2024-06-02
3117,Instagram,4850.21,207,2024-09-10
3118,Email,2753.57,129,2024-09-18
3119,Instagram,4213.93,117,2023-08-19
3120,TikTok,4632.7,346,2023-02-18
3121,Instagram,560.73,319,2023-04-01
3122,TikTok,214.5,69,2024-01-06
3123,Instagram,1834.9,214,2024-01-30
3124,Google,1453.05,293,2023-04-16
3125,Email,2371.59,189,2023-01-17
3126,TikTok,2149.17,325,2024-04-06
3127,Instagram,499.46,193,2024-11-21
3128,Google,4251.12,430,2023-09-15
3129,Instagram,2006.64,52,2023-08-18
3130,Email,2385.28,241,2023-12-22
3131,TikTok,2708.8,129,2024-02-21
3132,Google,4330.31,308,2023-10-30
3133,Google,390.25,173,2023-07-14
3134,Instagram,2129.59,214,2023-09-14
3135,Google,659.79,129,2024-07-02
3136,TikTok,3433.14,12,2024-02-21
3137,Facebook,2275.51,226,2023-07-30
3138,Facebook,2896.65,340,2024-08-26
3139,TikTok,228.95,112,2023-11-27
3140,TikTok,4678.79,208,2024-01-25
3141,TikTok,3113.26,24,2024-06-30
3142,Instagram,1256.25,182,2024-09-27
3143,Email,1976.72,377,2023-10-13
3144,TikTok,4145.65,146,2023-09-01
3145,Email,2306.91,289,2024-11-27
3146,Email,1296.87,133,2023-02-26
3147,Facebook,2450.2,446,2024-09-29
3148,TikTok,4555.24,36,2024-04-13
3149,Google,322.83,151,2023-10-26
3150,TikTok,3972.98,323,2024-02-08
3151,TikTok,4844.53,245,2023-12-18
3152,Facebook,1854.72,392,2024-03-31
3153,Google,252.45,45,2023-03-21
3154,Google,3311.54,279,2023-10-17
3155,TikTok,4154.94,456,2023-06-10
3156,Email,1435.41,151,2024-04-05
3157,Google,3454.55,481,2023-04-22
3158,Google,4062.13,364,2023-11-09
3159,TikTok,223.73,307,2024-11-25
3160,Google,4461.9,440,2023-02-10
3161,TikTok,110.65,195,2024-01-12
3162,TikTok,3566.06,204,2024-01-27
3163,Instagram,363.5,150,2024-10-28
3164,Email,4102.45,363,2023-11-14
3165,Email,4317.91,290,2024-09-24
3166,Google,188.97,214,2024-07-12
3167,TikTok,1151.17,99,2023-07-25
3168,TikTok,4168.27,254,2024-02-05
3169,Instagram,797.33,206,2023-04-23
3170,TikTok,3577.47,224,2024-02-28
3171,Facebook,2399.26,330,2024-08-13
3172,TikTok,641.16,85,2024-03-24
3173,Google,3999.44,141,2024-10-19
3174,Instagram,4068.66,390,2023-09-18
3175,Email,345.43,277,2023-10-20
3176,TikTok,3102.86,317,2023-01-22
3177,Email,4661.37,321,2023-02-10
3178,Email,3887.7,419,2023-12-17
3179,Google,4584.57,274,2024-03-07
3180,Email,4438.59,468,2024-03-21
3181,Facebook,3080.09,272,2024-07-25
3182,Email,3445.08,468,2024-01-19
3183,TikTok,1530.55,63,2024-03-09
3184,TikTok,200.73,200,2023-03-28
3185,Facebook,3188.34,472,2023-03-05
3186,Google,3687.71,233,2023-11-14
3187,Email,4349.77,264,2024-03-26
3188,TikTok,4892.12,382,2024-02-08
3189,Google,2529.89,258,2023-10-18
3190,TikTok,2682.82,387,2023-02-15
3191,Facebook,1729.5,61,2024-10-21
3192,Facebook,3297.07,391,2023-11-22
3193,Google,2906.84,89,2023-04-10
3194,Facebook,3367.08,108,2024-09-20
3195,Facebook,3669.14,276,2023-10-14
3196,Google,3303.51,97,2024-10-23
3197,TikTok,1980.49,478,2023-08-19
3198,Google,3458.43,256,2023-01-10
3199,Facebook,2394.31,38,2024-06-27
3200,TikTok,2657.28,153,2023-12-04
3201,Email,3193.17,330,2024-03-06
3202,Facebook,1179.2,16,2023-02-09
3203,Google,389.04,195,2024-08-19
3204,Instagram,297.17,201,2024-10-23
3205,TikTok,4771.48,207,2023-09-29
3206,Instagram,3717.34,423,2023-08-12
3207,Google,2659.99,252,2024-09-04
3208,Google,1591.52,199,2023-09-28
3209,Facebook,877.72,21,2024-10-12
3210,Facebook,3372.21,310,2023-08-27
3211,Facebook,2106.09,418,2023-01-12
3212,TikTok,2207.67,232,2023-03-19
3213,Email,4395.57,251,2024-07-28
3214,Facebook,3262.54,227,2024-04-20
3215,Instagram,4705.99,118,2024-05-24
3216,Instagram,1621.46,368,2024-05-29
3217,Google,1589.68,42,2023-01-19
3218,Google,2992.41,461,2023-03-04
3219,Email,1173.31,18,2024-01-30
3220,Instagram,862.59,173,2024-11-30
3221,Facebook,2017.65,64,2024-05-18
3222,Instagram,3031.5,429,2024-04-05
3223,Email,4414.69,220,2024-06-21
3224,TikTok,3135.68,211,2024-06-06
3225,Email,2803.54,355,2023-05-24
3226,Instagram,4074.37,273,2023-05-17
3227,Facebook,4721.78,213,2024-08-20
3228,Facebook,3200.12,19,2024-09-29
3229,TikTok,3614.79,83,2023-12-01
3230,Google,4403.85,75,2024-09-10
3231,Facebook,2928.24,39,2023-01-08
3232,Facebook,2725.78,214,2023-08-15
3233,Facebook,4704.48,170,2024-08-22
3234,Google,2096.93,320,2024-04-01
3235,Google,2564.45,391,2023-08-04
3236,Facebook,787.08,398,2024-11-09
3237,TikTok,2840.07,204,2023-05-25
3238,Instagram,1775.9,106,2023-02-14
3239,Google,4203.39,66,2024-03-15
3240,TikTok,4333.67,6,2024-08-28
3241,Email,545.56,105,2023-09-08
3242,Instagram,119.35,216,2024-11-23
3243,TikTok,539.08,464,2024-03-07
3244,Google,4963.85,437,2023-05-27
3245,Email,754.69,303,2024-10-22
3246,Google,853.59,46,2024-01-28
3247,Email,3385.07,454,2023-04-13
3248,Email,3143.78,327,2024-05-19
3249,Instagram,260.82,493,2024-04-11
3250,Email,1182.77,141,2023-04-21
3251,Facebook,4916.61,215,2024-05-17
3252,Instagram,375.37,0,2023-03-12
3253,Google,3000.96,9,2023-11-25
3254,Google,1229.75,13,2023-03-25
3255,Google,938.0,44,2023-08-27
3256,Facebook,2379.44,43,2024-06-18
3257,Google,4835.78,465,2023-04-05
3258,Google,1870.15,440,2023-10-31
3259,Instagram,2769.52,281,2023-07-26
3260,TikTok,2951.7,287,2023-05-14
3261,Facebook,1308.6,243,2024-08-12
3262,Google,1464.13,247,2023-04-21
3263,Email,262.33,339,2023-09-17
3264,Instagram,1865.98,0,2023-12-31
3265,Google,1343.5,305,2023-05-19
3266,Google,4379.39,440,2023-11-22
3267,Google,3669.23,108,2023-05-26
3268,Instagram,3886.22,236,2023-03-04
3269,Facebook,274.88,465,2024-11-24
3270,Facebook,1823.65,348,2023-03-13
3271,TikTok,4029.86,386,2023-09-12
3272,Google,3571.58,13,2024-11-02
3273,Email,3080.87,189,2024-04-25
3274,TikTok,4533.95,207,2024-01-14
3275,TikTok,3399.86,176,2024-09-10
3276,TikTok,3376.1,243,2024-05-28
3277,TikTok,526.28,367,2023-08-29
3278,Google,3476.29,216,2023-10-23
3279,Google,1325.19,203,2024-10-21
3280,TikTok,2402.85,40,2023-03-20
3281,Email,3232.41,498,2023-06-28
3282,Email,647.51,221,2024-09-04
3283,Instagram,3486.5,219,2024-03-24
3284,Facebook,1818.58,192,2024-04-14
3285,TikTok,4194.73,324,2024-02-18
3286,Instagram,3381.57,196,2024-07-10
3287,Google,538.97,489,2023-07-07
3288,TikTok,3674.95,135,2024-09-26
3289,Email,4280.31,484,2023-06-19
3290,Instagram,1189.71,476,2023-04-03
3291,Instagram,4721.07,332,2024-09-21
3292,TikTok,4873.94,180,2023-02-17
3293,Instagram,3462.5,226,2024-04-15
3294,Facebook,2231.07,207,2023-06-28
3295,Facebook,519.31,293,2023-08-30
3296,TikTok,68.08,376,2023-02-02
3297,Google,2103.17,384,2023-08-20
3298,Email,485.88,407,2023-04-15
3299,Facebook,1127.19,82,2023-01-20
3300,Email,836.35,356,2023-05-15
3301,TikTok,400.39,165,2023-11-20
3302,Email,4378.05,147,2023-08-26
3303,Facebook,2572.49,294,2024-03-10
3304,Google,178.85,310,2023-08-17
3305,Facebook,4611.52,305,2023-09-17
3306,Instagram,1168.47,380,2024-02-24
3307,Email,2164.74,59,2023-02-25
3308,Instagram,4275.43,293,2023-01-03
3309,Instagram,1019.67,389,2023-03-31
3310,Instagram,1347.86,446,2023-12-08
3311,Facebook,587.27,176,2023-11-21
3312,Facebook,755.33,213,2023-08-30
3313,Instagram,123.48,185,2023-01-04
3314,TikTok,3385.03,337,2023-06-15
3315,Facebook,187.6,460,2023-11-09
3316,Instagram,270.64,124,2023-05-28
3317,TikTok,449.67,482,2024-07-18
3318,Facebook,1420.24,241,2024-07-07
3319,TikTok,874.62,487,2023-09-10
3320,Facebook,1804.3,286,2024-06-09
3321,TikTok,1976.79,268,2023-09-02
3322,Instagram,4901.13,311,2023-01-06
3323,Instagram,4703.95,337,2023-12-01
3324,Email,4427.42,31,2024-09-17
3325,Facebook,2039.19,75,2024-03-22
3326,Facebook,4771.13,217,2023-02-10
3327,TikTok,3816.4,328,2023-04-21
3328,Instagram,308.15,352,2023-05-22
3329,Instagram,2536.79,452,2024-07-17
3330,Facebook,236.37,59,2023-03-21
3331,Facebook,2011.01,201,2024-03-28
3332,Google,4519.03,397,2023-11-26
3333,Instagram,3180.24,183,2023-08-25
3334,TikTok,3109.24,15,2024-03-30
3335,Google,4550.25,169,2023-11-25
3336,Instagram,3983.18,21,2024-05-10
3337,TikTok,303.92,233,2023-11-13
3338,Email,1888.15,341,2023-07-17
3339,Facebook,3945.31,247,2024-11-01
3340,Google,1458.23,145,2024-02-19
3341,Instagram,612.42,152,2024-03-19
3342,TikTok,2184.7,104,2023-12-21
3343,Email,3473.77,193,2023-01-03
3344,Instagram,3117.66,314,2024-10-23
3345,Google,4147.46,403,2023-12-13
3346,Instagram,2929.44,424,2024-06-17
3347,Instagram,1134.87,127,2024-08-11
3348,Email,366.32,136,2023-10-21
3349,Email,1176.21,2,2023-11-13
3350,Instagram,3450.91,399,2024-07-04
3351,TikTok,4491.83,469,2023-10-31
3352,Facebook,3303.43,497,2023-08-12
3353,TikTok,2491.11,87,2024-08-14
3354,Facebook,1046.63,393,2023-07-28
3355,Google,1385.02,103,2024-05-02
3356,Instagram,2431.52,401,2023-10-04
3357,Instagram,4789.74,403,2024-02-21
3358,Email,4200.89,125,2024-06-08
3359,Google,3229.42,250,2023-05-03
3360,TikTok,4654.32,442,2024-08-23
3361,Email,375.68,45,2024-10-09
3362,Email,70.62,495,2024-11-14
3363,Email,1722.34,392,2024-11-02
3364,Email,539.14,350,2024-10-30
3365,Instagram,1858.25,1,2023-09-11
3366,Email,2649.47,159,2023-03-30
3367,TikTok,2929.91,432,2023-08-15
3368,Google,4670.39,62,2023-01-30
3369,Email,4712.87,363,2023-06-23
3370,Email,3722.23,24,2023-10-19
3371,Instagram,3060.79,494,2024-04-03
3372,TikTok,1266.78,340,2023-07-23
3373,Facebook,976.41,236,2023-09-14
3374,Email,3172.74,13,2024-10-21
3375,Facebook,4378.95,368,2023-02-14
3376,Instagram,4080.17,177,2024-08-06
3377,TikTok,769.61,126,2024-07-06
3378,Instagram,184.86,353,2023-10-13
3379,Google,2779.91,457,2023-04-18
3380,Google,4615.64,370,2023-12-24
3381,Email,2709.38,113,2023-08-14
3382,Facebook,4481.93,293,2023-12-14
3383,Instagram,2599.63,69,2024-03-28
3384,Email,3251.48,69,2023-05-19
3385,Google,2445.78,254,2024-11-29
3386,Facebook,988.1,17,2024-10-08
3387,TikTok,4931.67,257,2024-11-09
3388,TikTok,3013.22,151,2023-03-31
3389,Google,1178.75,131,2023-02-15
3390,TikTok,1014.9,261,2023-05-25
3391,Email,57.79,451,2023-03-04
3392,Google,2378.59,197,2023-05-05
3393,Email,1486.66,337,2023-02-25
3394,Instagram,3080.7,395,2024-11-17
3395,Email,852.93,20,2023-02-06
3396,TikTok,901.24,262,2024-01-15
3397,Instagram,1306.95,272,2024-11-11
3398,Email,3774.89,363,2024-08-21
3399,Instagram,4829.86,145,2024-03-27
3400,Google,1270.41,204,2024-04-14
3401,Facebook,1811.86,40,2024-01-16
3402,Email,3450.73,349,2024-08-01
3403,Email,2937.47,341,2024-03-08
3404,Instagram,2313.71,467,2023-08-15
3405,TikTok,1534.96,428,2024-03-15
3406,Instagram,3844.6,130,2023-10-07
3407,Instagram,966.82,357,2023-09-04
3408,Google,4507.08,142,2024-03-03
3409,TikTok,4953.56,200,2023-09-30
3410,Facebook,4890.44,396,2023-01-19
3411,TikTok,1431.7,409,2023-02-10
3412,Instagram,247.7,435,2024-05-12
3413,Facebook,3323.06,243,2023-05-31
3414,Email,4612.12,0,2023-07-22
3415,Facebook,2692.13,11,2023-10-19
3416,TikTok,3048.21,173,2023-03-25
3417,Facebook,2166.98,250,2024-03-01
3418,Instagram,3822.97,448,2024-01-22
3419,TikTok,188.61,212,2024-04-24
3420,Email,4832.86,474,2023-12-29
3421,Facebook,4562.9,183,2023-07-02
3422,TikTok,2958.31,81,2024-03-05
3423,TikTok,3631.82,274,2024-08-11
3424,Google,1100.12,54,2023-05-05
3425,TikTok,381.87,16,2024-10-27
3426,Email,4410.73,185,2024-01-30
3427,Facebook,2846.05,21,2023-02-02
3428,Facebook,1569.82,30,2023-06-16
3429,Instagram,4357.5,194,2024-04-17
3430,Google,2207.96,484,2023-03-06
3431,Instagram,1444.9,122,2023-04-14
3432,Google,4844.33,195,2023-10-04
3433,TikTok,1170.48,309,2024-11-24
3434,Google,4419.39,306,2024-04-01
3435,TikTok,1246.96,288,2024-03-08
3436,Email,4702.17,306,2023-03-01
3437,Facebook,1689.58,419,2024-09-04
3438,TikTok,2451.28,422,2024-07-17
3439,TikTok,1128.19,92,2023-11-28
3440,TikTok,4250.8,216,2023-06-27
3441,Instagram,4620.26,336,2023-05-23
3442,TikTok,3555.92,441,2024-03-26
3443,Email,865.57,419,2023-10-29
3444,TikTok,4014.55,92,2023-10-30
3445,Email,4380.98,187,2023-11-24
3446,Instagram,4326.71,264,2024-01-27
3447,Google,2507.81,130,2024-06-16
3448,TikTok,3543.37,451,2024-09-05
3449,Email,875.69,167,2023-04-09
3450,TikTok,1115.87,248,2023-01-15
3451,TikTok,4889.99,387,2023-09-10
3452,TikTok,4610.13,407,2024-06-02
3453,Instagram,2645.48,76,2024-08-02
3454,Facebook,3597.02,244,2023-06-04
3455,Facebook,1403.67,271,2024-06-21
3456,Instagram,2691.19,336,2023-05-24
3457,Google,1185.89,446,2024-05-04
3458,Facebook,2023.43,51,2024-03-29
3459,Google,1620.79,11,2024-05-04
3460,TikTok,790.88,429,2023-08-25
3461,Email,3913.18,443,2023-11-01
3462,Instagram,1532.03,6,2023-01-21
3463,TikTok,887.34,200,2023-04-07
3464,Instagram,4678.41,340,2023-11-11
3465,Facebook,4334.52,401,2024-07-01
3466,Email,1310.37,141,2023-11-07
3467,Google,1116.08,173,2024-10-20
3468,Google,3166.09,366,2024-05-15
3469,TikTok,4847.64,16,2023-10-01
3470,Google,2243.29,298,2023-05-21
3471,Google,3526.72,379,2023-06-04
3472,Email,3492.4,141,2024-06-19
3473,Email,2630.65,458,2024-10-23
3474,Email,1760.73,465,2023-04-05
3475,TikTok,3968.04,293,2024-05-11
3476,Google,4539.71,256,2024-01-30
3477,TikTok,1312.18,185,2024-05-08
3478,TikTok,2591.38,14,2023-12-22
3479,Instagram,2981.03,358,2023-04-07
3480,Instagram,3999.76,225,2023-12-22
3481,Email,2904.52,128,2023-11-12
3482,Facebook,245.24,194,2024-10-30
3483,Facebook,4298.85,31,2024-03-05
3484,Facebook,4850.06,455,2024-11-29
3485,Facebook,1071.76,229,2024-05-23
3486,Email,3005.22,282,2024-10-20
3487,Email,4803.7,346,2023-10-19
3488,Instagram,4409.62,45,2024-02-09
3489,Google,270.5,234,2023-04-04
3490,Google,3389.45,118,2024-10-31
3491,TikTok,4844.05,186,2024-11-22
3492,Instagram,2147.79,490,2024-11-20
3493,Instagram,1006.12,116,2023-08-09
3494,Email,3001.54,344,2023-03-02
3495,Instagram,2891.96,154,2024-02-11
3496,Google,1439.06,369,2024-07-03
3497,Facebook,3163.72,269,2023-05-11
3498,TikTok,4871.15,216,2023-09-17
3499,Instagram,4284.95,209,2024-06-25
3500,Google,4680.45,479,2024-08-24
3501,Instagram,4319.45,368,2024-10-31
3502,Instagram,3929.84,418,2023-11-07
3503,Facebook,1242.94,425,2024-10-31
3504,Google,1319.42,313,2023-05-24
3505,Facebook,3601.53,349,2023-12-22
3506,Instagram,1365.09,499,2024-07-26
3507,Email,2026.6,68,2024-05-17
3508,Google,1444.88,256,2024-01-02
3509,Instagram,1897.89,261,2023-08-23
3510,Email,4811.85,194,2023-04-22
3511,Email,451.82,352,2023-11-10
3512,Facebook,925.76,368,2023-12-27
3513,Instagram,3153.89,264,2023-12-27
3514,Email,1694.3,36,2024-07-01
3515,Instagram,1350.27,46,2023-04-13
3516,Instagram,800.78,114,2023-02-22
3517,Email,1360.62,6,2023-10-24
3518,Facebook,876.76,328,2024-08-16
3519,Instagram,1239.21,446,2023-05-10
3520,TikTok,3080.81,247,2024-02-04
3521,TikTok,4235.36,187,2023-02-06
3522,Facebook,4837.88,476,2024-02-27
3523,Instagram,761.48,19,2023-03-11
3524,Email,1668.19,24,2023-04-16
3525,Facebook,4807.52,495,2023-02-18
3526,Google,1487.17,172,2023-12-24
3527,TikTok,3876.88,113,2024-10-18
3528,Facebook,470.17,275,2023-02-05
3529,Facebook,4696.21,2,2023-06-02
3530,Google,4885.18,21,2023-10-19
3531,Facebook,1511.27,288,2024-06-05
3532,Instagram,1939.62,90,2024-05-24
3533,Google,4787.99,166,2023-07-11
3534,Facebook,1989.27,413,2024-05-13
3535,Facebook,821.46,343,2024-11-28
3536,Google,4396.97,418,2024-05-26
3537,Google,1229.16,98,2024-06-22
3538,Google,999.23,87,2024-03-25
3539,Email,3748.64,90,2023-04-12
3540,Google,1607.09,188,2024-04-27
3541,Facebook,2023.48,258,2023-09-26
3542,Instagram,3241.19,492,2024-08-16
3543,Email,2495.17,75,2023-01-23
3544,TikTok,4219.27,163,2023-09-06
3545,Google,1155.82,357,2024-04-22
3546,Google,2473.09,113,2023-09-24
3547,Instagram,2716.2,369,2024-08-19
3548,TikTok,1352.31,359,2024-09-09
3549,Facebook,1669.51,272,2023-01-21
3550,Instagram,3636.59,221,2024-10-09
3551,Email,998.14,172,2024-09-25
3552,TikTok,4391.39,486,2024-07-18
3553,Email,1601.31,284,2023-07-28
3554,Email,2384.45,401,2023-05-11
3555,Instagram,4927.42,470,2023-12-18
3556,Instagram,1564.84,100,2023-11-08
3557,TikTok,1654.16,330,2023-10-22
3558,TikTok,4292.43,46,2024-02-10
3559,TikTok,1912.18,47,2023-10-30
3560,Email,3562.4,443,2024-03-24
3561,Email,51.15,434,2023-08-07
3562,Email,879.59,165,2023-10-13
3563,Facebook,1216.69,212,2023-08-18
3564,TikTok,2507.58,363,2024-03-29
3565,Email,127.01,462,2023-07-25
3566,Instagram,2792.72,12,2023-12-01
3567,Google,3801.28,472,2023-04-15
3568,Instagram,4079.36,336,2023-03-07
3569,Email,1334.21,157,2023-10-06
3570,TikTok,1874.4,215,2024-06-30
3571,Email,778.64,351,2024-06-09
3572,TikTok,2629.14,273,2023-05-30
3573,Google,4885.95,54,2023-12-06
3574,Google,4343.62,356,2024-02-22
3575,Facebook,4132.17,98,2024-05-23
3576,Facebook,3536.3,267,2023-04-26
3577,TikTok,2643.97,375,2024-07-09
3578,Email,4666.14,207,2023-01-06
3579,Email,2112.31,161,2024-05-30
3580,Email,3636.63,188,2024-10-20
3581,Instagram,4874.03,197,2023-06-26
3582,Facebook,4023.8,139,2023-01-31
3583,Google,4582.43,60,2024-10-31
3584,Facebook,2398.26,334,2024-01-03
3585,Instagram,4093.51,81,2024-03-06
3586,Facebook,1776.08,170,2024-04-13
3587,Facebook,4756.61,82,2024-06-21
3588,Facebook,4709.47,58,2024-02-14
3589,Instagram,628.41,19,2024-05-06
3590,Email,3859.77,465,2024-07-05
3591,TikTok,236.65,99,2024-01-01
3592,Email,1988.35,429,2023-05-14
3593,TikTok,769.81,374,2023-05-13
3594,Instagram,725.8,154,2023-06-12
3595,TikTok,4359.21,415,2023-04-29
3596,Google,3217.91,380,2024-11-21
3597,Instagram,128.0,411,2024-07-31
3598,Facebook,4769.23,130,2024-09-25
3599,Facebook,2143.39,386,2024-05-18
3600,Facebook,3784.49,204,2024-07-05
3601,Google,2195.87,395,2023-12-30
3602,Email,1822.57,326,2023-06-18
3603,Facebook,3410.21,463,2024-03-22
3604,Instagram,1433.08,291,2023-11-15
3605,Instagram,1098.45,85,2023-05-27
3606,Instagram,4395.78,189,2023-08-02
3607,Email,3559.88,495,2023-10-26
3608,Email,2906.25,84,2024-02-16
3609,TikTok,434.99,381,2023-04-04
3610,Instagram,3168.91,244,2023-02-05
3611,Facebook,1581.06,173,2024-06-22
3612,Instagram,2620.12,270,2024-04-11
3613,Facebook,1480.97,354,2024-11-07
3614,Instagram,2850.53,381,2023-12-01
3615,Email,958.02,102,2023-03-24
3616,TikTok,2452.56,380,2023-05-04
3617,Instagram,4445.52,232,2024-08-13
3618,Email,4981.41,63,2024-06-25
3619,Instagram,2393.48,317,2023-05-02
3620,Instagram,650.01,154,2023-09-15
3621,Instagram,1975.65,265,2024-02-26
3622,Email,1615.44,343,2023-02-05
3623,Email,4317.06,87,2024-02-04
3624,Email,2184.75,275,2023-08-29
3625,Email,4743.62,455,2023-03-14
3626,TikTok,524.87,262,2024-03-28
3627,Facebook,3678.71,307,2023-11-14
3628,Email,925.97,491,2024-04-12
3629,Facebook,4502.92,488,2024-02-03
3630,TikTok,1371.68,336,2023-09-22
3631,Google,3763.47,217,2024-09-15
3632,Instagram,4185.65,145,2023-09-13
3633,TikTok,4979.21,222,2024-06-05
3634,Email,3040.28,462,2023-12-10
3635,Google,2828.42,215,2023-06-30
3636,TikTok,572.77,126,2024-08-01
3637,TikTok,1338.11,19,2024-11-05
3638,Email,3229.84,471,2024-05-12
3639,Instagram,297.9,39,2024-06-28
3640,Email,729.62,465,2024-03-26
3641,Facebook,2239.31,68,2024-02-10
3642,Email,4298.75,485,2023-10-03
3643,Facebook,730.38,22,2024-10-17
3644,Instagram,4562.48,8,2024-08-27
3645,Email,4935.58,263,2024-11-24
3646,Email,2966.72,305,2023-12-05
3647,Email,2393.1,14,2023-07-12
3648,Email,4516.78,165,2023-11-28
3649,Facebook,2382.8,238,2024-01-25
3650,Google,3484.4,408,2024-11-11
3651,Email,2169.16,113,2024-11-06
3652,Facebook,4465.31,240,2024-08-30
3653,Instagram,1916.92,287,2023-11-30
3654,Instagram,2230.82,170,2024-09-12
3655,TikTok,952.48,148,2023-03-13
3656,Facebook,2737.52,20,2023-02-16
3657,Google,1800.77,80,2023-04-16
3658,Google,617.48,117,2023-12-12
3659,TikTok,987.29,273,2024-10-29
3660,Email,2115.72,133,2023-08-10
3661,Google,1041.72,443,2023-12-16
3662,Google,2812.57,439,2024-03-15
3663,Email,2310.32,352,2023-03-03
3664,Facebook,4788.9,171,2024-07-15
3665,Email,1898.55,138,2024-06-11
3666,Google,4857.93,63,2024-09-06
3667,Facebook,1920.49,476,2024-07-13
3668,Email,1011.01,83,2024-10-08
3669,Facebook,2227.78,258,2024-05-27
3670,Google,3449.62,13,2024-07-14
3671,Instagram,3721.08,221,2024-07-20
3672,Google,4737.33,362,2024-01-30
3673,Instagram,4388.11,349,2024-04-08
3674,Instagram,2160.64,360,2024-05-04
3675,Instagram,105.77,134,2023-03-12
3676,Email,458.03,476,2023-05-21
3677,Instagram,4492.73,130,2023-11-24
3678,Instagram,286.94,183,2023-02-11
3679,TikTok,3114.99,183,2023-06-28
3680,Email,489.17,181,2023-10-04
3681,Instagram,3612.05,165,2024-09-27
3682,Instagram,2292.5,226,2023-09-06
3683,TikTok,1693.71,210,2024-11-01
3684,Google,811.74,327,2024-03-02
3685,Email,4705.58,387,2024-06-01
3686,TikTok,3731.76,106,2024-07-05
3687,TikTok,4632.49,271,2023-11-10
3688,TikTok,2441.45,75,2024-03-25
3689,Facebook,1550.73,486,2024-06-09
3690,Email,708.28,71,2024-09-04
3691,Instagram,4180.38,217,2023-01-03
3692,Facebook,3400.17,459,2024-10-23
3693,TikTok,4158.24,37,2023-07-24
3694,Google,1863.49,304,2023-03-31
3695,Google,3025.66,392,2023-09-15
3696,Google,2649.8,144,2024-05-29
3697,TikTok,1490.43,97,2023-06-25
3698,Facebook,1703.87,199,2023-12-15
3699,Email,872.09,225,2023-07-07
3700,Email,646.1,89,2023-09-05
3701,Instagram,1874.67,160,2023-03-10
3702,Facebook,2071.41,299,2024-06-28
3703,Google,1089.87,386,2024-08-13
3704,Facebook,1114.2,70,2024-07-12
3705,Facebook,247.45,281,2024-11-30
3706,Google,1248.95,212,2023-05-08
3707,Email,2003.33,143,2024-11-23
3708,Email,2571.68,1,2024-08-05
3709,Email,1989.86,405,2023-08-17
3710,Facebook,3112.73,213,2023-06-08
3711,Instagram,4135.28,238,2023-01-05
3712,Google,918.78,168,2023-04-08
3713,Google,3579.85,438,2024-07-18
3714,Google,1178.47,396,2024-08-18
3715,Facebook,1159.58,285,2024-06-11
3716,Facebook,3407.67,362,2023-05-11
3717,Facebook,770.74,305,2024-08-09
3718,Email,4490.3,111,2023-08-30
3719,Google,3526.36,36,2023-01-15
3720,Facebook,2634.51,419,2023-05-04
3721,Google,4445.83,290,2023-08-25
3722,Email,2770.97,137,2024-07-20
3723,Google,4970.81,460,2024-09-21
3724,Google,2949.36,49,2023-12-01
3725,Facebook,2417.86,94,2024-02-23
3726,Google,4487.83,345,2023-06-28
3727,Email,4483.03,133,2024-11-11
3728,Instagram,3527.09,180,2023-07-19
3729,TikTok,1623.02,117,2024-04-06
3730,TikTok,3657.67,237,2024-09-06
3731,Email,3590.6,74,2024-09-17
3732,Instagram,4423.16,91,2024-02-19
3733,TikTok,1231.83,308,2023-11-13
3734,Google,1103.84,149,2024-04-19
3735,TikTok,3980.35,308,2023-12-28
3736,Google,4317.63,207,2024-04-11
3737,Instagram,2103.69,45,2024-03-26
3738,Instagram,3246.08,313,2023-02-04
3739,Email,3376.62,102,2024-08-23
3740,Instagram,320.86,411,2023-06-17
3741,Google,1125.85,292,2023-12-21
3742,TikTok,3422.82,256,2023-04-19
3743,TikTok,2706.07,430,2023-09-30
3744,TikTok,3506.65,374,2023-11-24
3745,Google,711.09,242,2023-01-30
3746,Email,2366.93,145,2023-07-23
3747,Instagram,3747.74,50,2023-02-22
3748,Email,119.81,297,2023-08-31
3749,Google,4908.12,112,2024-04-23
3750,Email,547.77,144,2023-03-31
3751,TikTok,4070.35,363,2023-03-10
3752,Facebook,3930.28,17,2023-08-26
3753,TikTok,2253.4,492,2023-11-25
3754,TikTok,1305.04,314,2023-04-02
3755,Instagram,4708.89,285,2024-08-27
3756,Email,3241.42,297,2024-06-24
3757,TikTok,2615.03,406,2024-01-17
3758,Email,3598.8,129,2024-04-16
3759,Google,4039.69,288,2024-05-06
3760,TikTok,2836.05,76,2023-06-16
3761,Google,3601.34,438,2024-04-30
3762,Instagram,65.66,362,2024-07-16
3763,Google,1267.98,214,2024-05-12
3764,TikTok,2259.87,114,2024-07-25
3765,TikTok,799.69,352,2023-12-24
3766,Email,2430.64,443,2024-02-08
3767,Facebook,1372.74,56,2024-10-26
3768,Instagram,2813.99,452,2024-07-09
3769,Google,3317.04,54,2023-10-13
3770,Facebook,3860.52,241,2023-01-13
3771,TikTok,2533.31,173,2024-09-16
3772,Google,198.14,298,2024-09-29
3773,TikTok,4295.6,163,2023-03-20
3774,Facebook,4320.15,327,2023-05-31
3775,Facebook,1565.98,149,2024-05-23
3776,Email,1880.91,473,2023-01-28
3777,Instagram,952.5,2,2023-09-29
3778,Instagram,1106.81,201,2024-03-27
3779,TikTok,400.5,83,2023-05-27
3780,Google,3830.91,447,2024-07-18
3781,Email,807.53,210,2024-08-18
3782,Instagram,2320.31,397,2024-04-28
3783,Instagram,102.67,176,2023-07-19
3784,Facebook,4604.32,33,2024-09-22
3785,TikTok,1173.37,182,2023-09-07
3786,Google,2805.35,173,2023-05-07
3787,Google,4863.55,119,2023-12-13
3788,TikTok,3223.9,59,2023-12-22
3789,TikTok,404.43,405,2023-08-24
3790,Facebook,1989.8,261,2023-10-26
3791,TikTok,2278.78,170,2024-08-02
3792,Google,3321.55,357,2024-04-12
3793,TikTok,511.05,457,2023-01-07
3794,Instagram,3734.15,179,2024-01-04
3795,TikTok,2654.1,314,2023-01-11
3796,Email,2717.17,102,2023-04-26
3797,Google,2423.21,124,2024-09-10
3798,Facebook,4205.39,468,2024-05-02
3799,Google,2883.91,318,2024-07-15
3800,Instagram,4041.65,36,2024-02-28
3801,Email,2038.33,182,2023-09-17
3802,Google,4485.23,232,2024-07-08
3803,TikTok,1364.41,101,2023-05-05
3804,Facebook,4016.06,55,2023-09-06
3805,Instagram,1975.38,350,2023-07-20
3806,TikTok,1894.21,11,2024-04-19
3807,Google,4559.36,55,2023-02-28
3808,Facebook,1831.46,481,2024-05-02
3809,Instagram,1859.35,383,2023-04-14
3810,Google,1872.78,371,2024-08-03
3811,Facebook,1598.77,431,2023-07-18
3812,Instagram,4745.94,331,2023-05-18
3813,TikTok,1203.99,204,2023-02-19
3814,Instagram,185.94,253,2024-05-02
3815,Email,4718.23,386,2023-04-16
3816,Google,1249.18,154,2023-06-18
3817,Google,4837.87,73,2024-06-04
3818,Instagram,4593.14,448,2023-06-03
3819,Instagram,1830.25,476,2024-10-29
3820,Google,4805.09,218,2024-01-09
3821,Email,1403.78,40,2024-10-18
3822,Google,4952.55,299,2024-03-18
3823,TikTok,618.13,319,2023-07-28
3824,Email,3620.92,444,2023-11-17
3825,Google,3566.92,13,2024-10-31
3826,Facebook,3218.3,181,2024-01-30
3827,TikTok,2690.92,307,2024-07-05
3828,TikTok,2199.45,462,2024-01-10
3829,Facebook,206.35,458,2023-11-17
3830,Email,1625.82,154,2023-07-24
3831,Email,507.47,111,2024-09-20
3832,Facebook,3639.18,261,2023-03-24
3833,Email,2002.44,91,2023-03-09
3834,Facebook,4558.45,192,2024-08-06
3835,Google,1786.77,421,2023-05-05
3836,Google,1868.2,465,2024-08-20
3837,Google,611.92,298,2024-08-04
3838,Instagram,76.65,126,2024-06-22
3839,Facebook,878.74,148,2023-02-06
3840,Facebook,1970.86,409,2024-02-14
3841,Email,4565.15,281,2024-05-01
3842,TikTok,4119.81,354,2024-02-11
3843,TikTok,878.71,140,2024-06-14
3844,Email,509.4,402,2023-08-21
3845,TikTok,4649.76,371,2023-06-01
3846,Google,226.51,95,2024-05-27
3847,Email,2381.01,476,2024-01-14
3848,Instagram,3464.22,27,2023-03-27
3849,Facebook,504.33,356,2023-07-11
3850,Facebook,3021.7,372,2024-07-01
3851,TikTok,2957.82,285,2024-10-11
3852,Facebook,4687.34,9,2023-08-27
3853,Instagram,3833.3,359,2024-09-15
3854,TikTok,149.0,195,2023-10-04
3855,Facebook,2643.39,20,2023-03-08
3856,TikTok,328.36,213,2024-11-22
3857,Google,2098.81,462,2023-12-24
3858,Email,4636.99,308,2023-02-17
3859,Google,4496.72,284,2023-02-20
3860,Google,1529.85,439,2024-06-09
3861,Facebook,4784.83,232,2023-02-02
3862,TikTok,4973.28,157,2024-07-31
3863,Google,3743.81,348,2023-12-20
3864,Google,3145.36,143,2023-10-14
3865,Instagram,4019.82,50,2023-12-03
3866,Google,3831.31,293,2024-09-15
3867,Google,158.61,313,2023-10-06
3868,Email,2096.11,425,2024-04-25
3869,Google,3956.98,376,2024-05-17
3870,Email,1870.72,299,2024-01-20
3871,TikTok,2433.36,472,2024-04-07
3872,Facebook,3930.25,423,2024-05-17
3873,Google,3631.85,266,2023-03-25
3874,TikTok,768.74,16,2024-04-22
3875,Google,2890.96,63,2023-05-08
3876,Google,4904.21,5,2023-12-27
3877,Facebook,883.25,315,2023-05-30
3878,Instagram,3832.31,32,2023-06-15
3879,Facebook,4046.64,306,2023-05-18
3880,TikTok,383.14,422,2024-04-17
3881,TikTok,4752.11,38,2024-04-19
3882,Google,1322.62,286,2023-07-08
3883,Facebook,4368.59,57,2023-08-29
3884,Instagram,428.29,218,2024-06-06
3885,Instagram,3516.86,491,2024-01-30
3886,Facebook,771.55,316,2024-07-14
3887,Instagram,4442.02,450,2023-06-05
3888,Email,3694.75,368,2023-12-24
3889,Facebook,218.4,127,2023-09-29
3890,Instagram,3488.67,9,2023-10-28
3891,Google,2647.16,381,2024-08-18
3892,Facebook,1653.51,401,2023-04-27
3893,TikTok,1987.59,309,2024-03-15
3894,Email,2536.66,380,2023-01-14
3895,TikTok,3133.94,344,2023-10-05
3896,Facebook,1302.49,46,2023-01-10
3897,Google,1593.12,23,2023-02-22
3898,Facebook,2750.87,415,2024-08-09
3899,TikTok,4827.87,32,2024-03-28
3900,Email,1956.58,93,2024-04-18
3901,Email,3995.97,348,2023-09-05
3902,Google,1051.72,137,2023-01-16
3903,TikTok,249.88,155,2023-05-02
3904,TikTok,3863.29,328,2023-09-21
3905,Facebook,4515.77,421,2023-08-15
3906,Facebook,4169.68,25,2023-01-17
3907,Instagram,304.8,115,2023-05-08
3908,Google,3331.49,296,2023-10-08
3909,Email,2210.25,97,2024-08-03
3910,TikTok,1806.21,441,2024-09-29
3911,Facebook,3045.09,312,2023-01-12
3912,Facebook,3926.35,81,2023-09-11
3913,Instagram,2228.33,182,2024-11-04
3914,Google,1342.23,85,2024-05-04
3915,TikTok,566.58,409,2023-01-06
3916,Instagram,2177.5,464,2023-01-28
3917,Google,1741.57,224,2024-08-11
3918,Email,3006.28,79,2024-06-20
3919,Facebook,388.05,107,2024-03-19
3920,Google,2756.09,153,2024-01-08
3921,Instagram,4194.42,315,2023-05-13
3922,Google,4349.26,82,2024-05-23
3923,Google,2724.98,304,2023-02-10
3924,Email,3635.83,115,2024-01-04
3925,Facebook,4171.37,278,2024-11-18
3926,Google,4065.5,196,2023-09-28
3927,TikTok,1075.81,238,2024-07-22
3928,TikTok,1429.1,418,2024-08-02
3929,TikTok,4010.99,410,2023-10-15
3930,Facebook,2393.14,139,2023-04-05
3931,Facebook,646.67,47,2023-03-07
3932,Google,4109.9,55,2023-02-04
3933,Google,3628.13,121,2023-10-25
3934,Google,4510.1,423,2023-09-28
3935,Google,1337.84,239,2023-05-09
3936,Email,1130.15,479,2024-11-10
3937,Google,4527.23,325,2023-10-22
3938,Email,4157.19,136,2023-06-01
3939,Facebook,2753.18,61,2023-04-09
3940,Instagram,3279.24,25,2024-06-28
3941,Instagram,1715.79,249,2024-10-17
3942,Email,4001.55,21,2023-07-15
3943,Facebook,3013.83,439,2024-05-04
3944,TikTok,2702.37,111,2024-08-02
3945,Instagram,148.73,223,2023-12-16
3946,Google,2088.48,4,2024-04-18
3947,Facebook,3899.23,290,2023-01-18
3948,TikTok,2487.91,335,2024-04-29
3949,Facebook,2451.04,497,2024-08-02
3950,Facebook,2067.21,277,2023-10-30
3951,TikTok,1299.23,455,2024-02-06
3952,Instagram,2941.06,234,2023-02-22
3953,Facebook,2543.11,366,2023-05-20
3954,Google,541.64,87,2024-05-30
3955,Email,2627.14,224,2024-10-09
3956,TikTok,3456.61,167,2023-06-10
3957,Google,1300.54,70,2023-08-10
3958,Facebook,2425.12,450,2023-10-10
3959,Google,2086.38,495,2024-11-10
3960,Google,2296.58,355,2023-03-18
3961,TikTok,1684.89,76,2023-09-09
3962,TikTok,840.82,223,2023-06-18
3963,Google,2139.78,445,2023-11-04
3964,Google,1017.22,487,2023-09-20
3965,Facebook,3820.5,368,2024-05-25
3966,Google,154.06,276,2024-01-09
3967,Email,3773.53,344,2024-06-13
3968,Email,3140.94,303,2024-04-01
3969,Google,4256.54,410,2024-04-12
3970,Google,3035.12,66,2024-04-27
3971,Email,4391.23,140,2023-10-31
3972,Facebook,4897.7,425,2024-02-02
3973,Facebook,3195.71,289,2024-06-17
3974,Google,605.95,10,2023-12-29
3975,Google,1496.96,350,2023-10-07
3976,Email,3587.45,408,2023-07-18
3977,Google,294.7,331,2024-09-25
3978,Google,3610.93,42,2023-04-01
3979,Google,739.42,161,2023-02-25
3980,Email,4890.65,204,2023-03-10
3981,TikTok,1197.14,420,2023-07-19
3982,TikTok,113.92,177,2024-03-22
3983,TikTok,4760.25,28,2024-08-17
3984,Facebook,2753.47,299,2023-11-22
3985,Instagram,686.72,463,2023-04-11
3986,Facebook,4683.35,129,2024-07-18
3987,Email,613.57,286,2023-10-21
3988,TikTok,1704.1,358,2023-06-23
3989,Email,4821.33,427,2023-08-18
3990,Google,3891.55,282,2023-09-04
3991,Facebook,3218.37,366,2023-07-18
3992,Facebook,4041.3,59,2024-03-19
3993,TikTok,2038.9,216,2023-07-27
3994,Google,4646.18,468,2024-07-17
3995,Instagram,3575.79,26,2023-01-17
3996,Email,3018.21,478,2024-04-02
3997,Google,3146.69,488,2023-01-05
3998,Google,646.83,46,2024-09-08
3999,Google,341.28,27,2023-02-13
4000,Google,1697.54,83,2024-07-11
4001,Instagram,3463.04,42,2024-10-30
4002,Email,388.32,108,2023-06-23
4003,TikTok,2616.13,360,2023-11-04
4004,Instagram,2587.58,136,2023-10-12
4005,Instagram,2719.25,487,2024-07-22
4006,Email,4093.97,386,2024-05-18
4007,Facebook,3374.21,422,2024-07-31
4008,Google,1507.97,370,2024-02-12
4009,Facebook,961.36,302,2024-07-13
4010,Email,597.68,114,2023-05-27
4011,Facebook,298.99,210,2023-02-08
4012,Email,3604.76,271,2024-08-23
4013,TikTok,604.57,96,2024-10-10
4014,Email,2965.55,180,2023-05-12
4015,TikTok,3710.42,437,2023-03-29
4016,Email,4145.92,390,2024-02-26
4017,Instagram,1568.57,52,2023-08-08
4018,TikTok,3880.74,278,2024-02-14
4019,Facebook,4301.51,248,2024-11-02
4020,TikTok,4721.58,87,2023-10-14
4021,TikTok,517.48,98,2023-11-18
4022,TikTok,4422.22,426,2023-11-11
4023,Instagram,2496.29,66,2023-03-23
4024,Facebook,75.04,384,2024-06-22
4025,Facebook,4594.2,298,2023-07-12
4026,TikTok,3156.25,381,2024-04-06
4027,TikTok,3478.0,193,2023-09-29
4028,Email,4813.61,136,2023-08-06
4029,Google,768.35,451,2024-07-25
4030,Google,1380.55,9,2024-06-01
4031,Google,3448.86,473,2024-07-04
4032,Instagram,4504.54,56,2024-05-02
4033,Google,3173.88,335,2023-12-05
4034,Email,4422.4,232,2023-11-04
4035,Instagram,4961.81,476,2023-01-11
4036,Instagram,4731.68,324,2024-04-13
4037,TikTok,4377.66,31,2023-11-15
4038,Facebook,3768.71,154,2023-02-12
4039,Google,4050.89,71,2023-09-11
4040,Email,4975.11,216,2023-11-18
4041,Email,4970.23,404,2024-04-20
4042,Email,3513.61,236,2024-04-20
4043,Email,3068.62,153,2023-09-13
4044,Instagram,130.19,311,2023-05-03
4045,Facebook,4481.06,387,2024-02-08
4046,TikTok,872.3,318,2024-10-22
4047,Instagram,4832.6,407,2023-11-24
4048,TikTok,3694.77,398,2024-09-21
4049,TikTok,761.03,41,2023-12-15
4050,Instagram,998.95,300,2023-10-30
4051,Facebook,1880.8,384,2023-10-02
4052,Instagram,1343.99,84,2023-01-25
4053,Facebook,3977.0,492,2023-02-16
4054,TikTok,595.28,407,2023-09-23
4055,Facebook,388.78,206,2024-10-11
4056,Instagram,180.26,118,2024-09-11
4057,Google,2257.11,328,2024-02-23
4058,TikTok,2994.04,450,2023-07-16
4059,Email,3506.1,58,2024-07-05
4060,Instagram,3803.21,161,2023-01-15
4061,Google,3233.38,98,2023-10-13
4062,TikTok,2680.54,138,2023-11-13
4063,Google,3105.17,263,2024-04-08
4064,Instagram,2881.17,393,2023-11-04
4065,TikTok,323.65,333,2024-06-06
4066,Email,3105.57,339,2023-06-30
4067,Instagram,3100.44,418,2024-06-21
4068,Facebook,4692.29,387,2024-05-27
4069,Email,3883.0,134,2024-11-06
4070,Instagram,2709.0,298,2023-05-14
4071,Email,2414.06,463,2024-04-28
4072,Facebook,4111.73,348,2024-08-31
4073,Facebook,1099.47,367,2024-08-07
4074,Google,138.17,260,2023-10-29
4075,Instagram,3138.3,325,2024-04-07
4076,Google,1136.12,134,2024-03-03
4077,Email,387.53,378,2024-04-26
4078,TikTok,2710.07,260,2023-08-26
4079,Instagram,3384.84,480,2023-10-15
4080,Email,2969.01,119,2024-04-05
4081,Email,3606.34,196,2023-07-25
4082,Facebook,1035.75,106,2024-08-09
4083,Email,4032.6,148,2024-04-10
4084,Email,4276.84,4,2023-11-11
4085,Instagram,3677.43,394,2024-04-05
4086,Facebook,2339.15,456,2023-05-24
4087,Google,2769.0,137,2023-08-13
4088,TikTok,1376.88,98,2023-08-13
4089,Facebook,1346.62,107,2023-03-04
4090,Email,2480.89,78,2024-05-22
4091,TikTok,1633.46,189,2023-08-23
4092,Google,1638.78,37,2023-11-24
4093,Facebook,3263.51,305,2023-11-09
4094,Facebook,3767.85,15,2024-06-09
4095,Email,2822.61,167,2023-04-14
4096,Instagram,2543.94,274,2024-05-12
4097,Instagram,1754.83,193,2023-12-01
4098,Facebook,675.38,325,2024-11-18
4099,TikTok,1290.27,493,2024-02-29
4100,Email,1292.72,87,2023-02-04
4101,TikTok,487.52,388,2023-10-16
4102,Facebook,3684.58,205,2023-07-04
4103,TikTok,4572.44,423,2024-04-25
4104,Google,2837.92,268,2024-02-16
4105,Facebook,2373.02,67,2023-12-27
4106,Facebook,4473.33,84,2024-01-07
4107,Instagram,1197.37,285,2024-01-15
4108,Facebook,3273.69,92,2023-09-11
4109,Google,1108.25,463,2023-11-29
4110,Instagram,2885.13,367,2024-09-07
4111,Instagram,4746.9,154,2023-05-01
4112,Email,3015.29,17,2023-07-04
4113,Email,4407.84,298,2023-11-22
4114,Facebook,1654.86,465,2023-08-24
4115,Google,2951.79,310,2023-05-05
4116,Email,4057.86,103,2024-07-11
4117,Instagram,1340.18,29,2023-12-28
4118,Email,1006.71,367,2024-05-25
4119,Google,4079.45,169,2023-05-24
4120,Facebook,4156.76,329,2024-10-16
4121,Instagram,3866.75,46,2023-06-21
4122,Facebook,3060.58,407,2023-12-18
4123,Google,494.08,439,2024-09-16
4124,Email,3254.6,57,2024-09-21
4125,Facebook,2591.47,319,2024-02-07
4126,TikTok,3918.5,17,2024-09-07
4127,Facebook,1887.89,263,2024-06-12
4128,Google,3641.89,170,2023-06-23
4129,Facebook,922.49,440,2024-04-09
4130,Email,1275.53,156,2024-11-13
4131,Google,3059.56,290,2024-07-20
4132,Instagram,1249.69,418,2023-06-18
4133,TikTok,4860.3,39,2023-07-26
4134,Google,3280.53,320,2023-01-04
4135,Instagram,4058.58,77,2024-08-15
4136,Instagram,3342.58,312,2023-06-22
4137,Facebook,4197.67,25,2023-11-21
4138,Instagram,2791.04,469,2024-03-20
4139,Google,3273.79,66,2023-01-03
4140,Facebook,3677.1,313,2023-02-25
4141,Email,3718.34,481,2023-02-12
4142,Facebook,4057.89,67,2023-04-11
4143,Instagram,1117.64,239,2024-05-26
4144,TikTok,2352.88,266,2024-10-08
4145,Instagram,3998.69,204,2023-04-11
4146,TikTok,697.79,188,2023-08-09
4147,Email,4262.65,206,2023-12-26
4148,TikTok,4322.76,161,2024-03-20
4149,TikTok,1672.49,321,2024-05-08
4150,Facebook,4111.07,130,2023-05-03
4151,Instagram,4353.65,404,2024-09-26
4152,Instagram,4367.29,457,2024-10-26
4153,Facebook,1358.07,413,2023-07-30
4154,TikTok,2230.39,449,2023-08-02
4155,Instagram,254.94,425,2024-08-05
4156,Email,1815.44,364,2023-07-26
4157,Email,2527.65,143,2024-04-27
4158,Instagram,4731.61,49,2024-02-18
4159,Facebook,2207.89,22,2023-09-04
4160,Instagram,249.58,61,2023-01-25
4161,TikTok,1045.37,229,2024-08-09
4162,TikTok,4725.18,383,2024-10-23
4163,TikTok,670.98,312,2023-05-08
4164,TikTok,3454.92,307,2024-08-26
4165,Facebook,1656.33,283,2024-02-29
4166,TikTok,3752.15,192,2023-09-13
4167,TikTok,4898.09,244,2023-12-18
4168,TikTok,3594.76,405,2023-08-23
4169,Email,4535.83,357,2024-04-11
4170,Instagram,370.4,119,2024-08-13
4171,Facebook,2059.89,121,2024-02-02
4172,Facebook,3145.32,51,2024-02-01
4173,Email,2474.12,366,2024-05-25
4174,TikTok,2739.21,154,2024-09-27
4175,TikTok,4194.61,492,2024-02-22
4176,TikTok,3757.84,140,2024-04-23
4177,Facebook,2836.54,137,2024-10-05
4178,Email,4639.56,373,2023-05-16
4179,Instagram,288.95,475,2024-01-19
4180,Facebook,4371.28,291,2023-10-13
4181,Google,299.28,234,2023-02-17
4182,Instagram,3350.21,351,2023-02-15
4183,Google,1926.91,221,2023-05-13
4184,Email,4698.43,61,2024-03-23
4185,Google,2300.11,278,2023-04-16
4186,Email,842.96,310,2023-12-17
4187,Facebook,3325.4,347,2024-01-27
4188,Facebook,3128.17,311,2023-01-26
4189,Facebook,2182.63,468,2023-09-06
4190,TikTok,3020.46,271,2024-01-16
4191,TikTok,4140.13,410,2023-11-29
4192,Facebook,4525.51,390,2024-09-13
4193,Email,4257.01,173,2024-11-22
4194,TikTok,3176.38,26,2023-10-17
4195,Facebook,3262.76,105,2024-01-01
4196,TikTok,4701.35,499,2023-09-29
4197,Google,382.95,257,2024-03-07
4198,Facebook,4387.11,77,2023-11-07
4199,Instagram,3068.97,129,2023-08-20
4200,Instagram,3974.53,302,2024-10-21
4201,Instagram,1389.54,264,2023-10-05
4202,Email,1856.57,22,2023-09-05
4203,Instagram,267.41,235,2023-12-26
4204,Facebook,3967.18,248,2023-04-09
4205,Instagram,1285.84,303,2023-12-21
4206,Email,340.5,189,2023-04-20
4207,Facebook,2940.52,482,2023-03-12
4208,TikTok,3674.4,2,2023-08-30
4209,Google,2605.39,355,2023-03-11
4210,Email,1760.8,149,2024-07-14
4211,Facebook,2340.79,337,2024-05-06
4212,TikTok,2965.98,240,2023-08-02
4213,TikTok,3721.36,460,2023-01-16
4214,TikTok,4162.97,100,2024-10-03
4215,Email,4892.32,73,2024-10-19
4216,Google,3635.25,108,2024-10-15
4217,Email,3402.6,370,2023-12-22
4218,Email,845.84,315,2024-05-06
4219,Email,2332.15,487,2024-02-26
4220,Email,4654.81,358,2024-05-22
4221,Instagram,1620.75,234,2024-02-11
4222,Google,3727.9,31,2024-02-29
4223,Google,4241.27,196,2023-10-28
4224,Instagram,2146.59,300,2023-08-29
4225,Google,4928.71,255,2023-05-30
4226,Instagram,460.78,29,2023-06-23
4227,Email,1275.58,366,2023-01-15
4228,TikTok,2742.59,21,2023-03-11
4229,Instagram,1257.48,88,2024-09-10
4230,TikTok,3876.9,152,2024-05-08
4231,Instagram,1856.38,473,2023-03-02
4232,Email,946.97,309,2024-03-26
4233,Facebook,3259.53,34,2024-04-08
4234,TikTok,1486.77,418,2023-05-08
4235,Email,3560.8,300,2024-06-22
4236,Instagram,808.35,225,2024-09-11
4237,Instagram,4800.07,425,2023-10-24
4238,Google,3576.85,139,2024-02-07
4239,Instagram,1855.38,207,2024-09-28
4240,Email,2512.04,477,2023-06-03
4241,Instagram,4976.19,114,2023-02-12
4242,Instagram,3140.59,266,2024-10-10
4243,Google,3951.98,356,2024-03-18
4244,TikTok,4267.29,343,2024-03-16
4245,Google,4855.11,370,2023-04-15
4246,Google,1447.7,151,2023-05-14
4247,Email,3202.86,296,2023-06-09
4248,Email,3222.14,116,2024-08-28
4249,Google,4017.14,33,2023-10-07
4250,Instagram,4890.48,112,2023-10-22
4251,Google,4342.95,138,2024-06-29
4252,TikTok,3233.69,481,2023-12-11
4253,Instagram,2361.66,484,2023-01-21
4254,TikTok,267.15,309,2024-05-14
4255,Email,1404.97,27,2023-03-13
4256,TikTok,3206.42,80,2024-09-04
4257,Email,3357.68,229,2024-10-30
4258,Instagram,4865.56,212,2024-06-02
4259,Instagram,4224.53,494,2024-09-23
4260,Facebook,4230.8,435,2023-10-13
4261,Facebook,2812.68,226,2024-01-13
4262,Instagram,114.56,84,2023-04-29
4263,Google,3653.64,431,2024-10-17
4264,Facebook,1301.41,227,2024-01-02
4265,Instagram,2068.39,448,2023-10-16
4266,Email,1938.62,225,2023-12-29
4267,Email,2901.56,147,2024-10-01
4268,Instagram,976.43,375,2023-09-26
4269,Email,75.16,474,2024-10-02
4270,Facebook,791.21,121,2023-10-08
4271,TikTok,2431.62,240,2024-01-03
4272,Email,4506.38,440,2023-11-26
4273,Instagram,643.57,437,2023-06-10
4274,Email,3711.18,315,2024-04-12
4275,TikTok,3937.07,292,2023-04-03
4276,TikTok,574.86,31,2024-03-08
4277,TikTok,3499.17,239,2024-03-03
4278,Google,138.17,159,2024-01-10
4279,Email,629.1,262,2024-02-26
4280,TikTok,4693.64,20,2023-11-21
4281,Google,1123.15,3,2024-02-25
4282,Email,4267.83,164,2023-01-01
4283,Email,1567.73,364,2023-05-31
4284,Instagram,737.91,289,2024-08-31
4285,TikTok,2611.23,229,2023-08-12
4286,Email,681.64,207,2023-09-27
4287,Facebook,934.47,152,2024-10-30
4288,Email,3528.98,247,2023-08-25
4289,Google,4077.78,324,2023-04-26
4290,Google,2113.87,473,2023-06-28
4291,Facebook,1362.1,318,2023-07-16
4292,TikTok,2736.73,279,2023-09-13
4293,Instagram,4987.77,495,2023-05-18
4294,Instagram,332.58,257,2024-11-03
4295,Facebook,2653.84,121,2024-09-23
4296,Facebook,1430.78,267,2023-04-24
4297,Google,3007.54,326,2024-06-20
4298,Email,4964.03,251,2023-02-05
4299,Instagram,1898.92,121,2023-07-21
4300,TikTok,1651.79,137,2023-11-14
4301,Google,495.79,243,2023-05-09
4302,TikTok,1711.01,282,2023-04-10
4303,TikTok,3729.58,453,2024-06-23
4304,Instagram,534.71,469,2023-12-10
4305,Instagram,805.38,169,2023-03-12
4306,Facebook,1490.44,477,2023-01-18
4307,Email,495.46,322,2023-02-11
4308,Google,1147.34,103,2024-02-15
4309,Instagram,3578.95,151,2023-02-21
4310,TikTok,3013.94,298,2023-01-29
4311,Email,3746.7,96,2024-02-13
4312,Email,434.97,487,2023-12-10
4313,Instagram,3544.92,491,2023-02-07
4314,Instagram,929.02,349,2023-12-14
4315,Google,3715.4,307,2023-04-02
4316,Google,427.36,445,2024-04-04
4317,Instagram,4648.69,185,2023-11-14
4318,Google,4091.28,477,2024-07-07
4319,Email,626.63,406,2024-06-06
4320,Google,4070.09,263,2024-11-21
4321,Email,163.68,309,2024-10-24
4322,Google,2892.54,297,2023-07-26
4323,Google,4513.6,103,2024-02-05
4324,Facebook,402.73,330,2023-04-18
4325,TikTok,2108.9,137,2024-04-12
4326,Email,4129.59,57,2023-05-22
4327,Facebook,1344.86,329,2023-01-07
4328,Facebook,669.14,446,2023-05-29
4329,TikTok,1445.33,349,2024-06-21
4330,Instagram,1446.3,70,2024-05-27
4331,Google,1981.9,263,2023-11-01
4332,Facebook,2034.48,314,2023-06-13
4333,Instagram,2862.02,162,2023-05-03
4334,Instagram,2411.23,79,2023-12-01
4335,Instagram,3307.62,214,2024-10-08
4336,Google,1297.86,59,2024-03-31
4337,Google,2965.38,209,2024-08-22
4338,Email,889.64,394,2024-08-28
4339,Google,2529.29,62,2023-01-14
4340,Instagram,132.11,205,2024-09-28
4341,TikTok,870.89,480,2024-05-11
4342,Facebook,3820.7,74,2024-03-01
4343,Email,2436.02,261,2023-06-10
4344,Facebook,549.35,190,2023-02-18
4345,Email,3566.06,398,2023-07-14
4346,Email,4211.55,298,2023-08-22
4347,Instagram,1669.7,309,2024-10-10
4348,Instagram,4511.35,249,2024-06-05
4349,TikTok,2857.63,381,2023-12-07
4350,Email,679.14,169,2024-04-01
4351,Instagram,707.59,113,2023-10-07
4352,Email,1605.77,28,2023-09-19
4353,Google,1115.18,207,2023-08-10
4354,TikTok,3356.24,39,2024-07-11
4355,Email,478.44,230,2023-05-22
4356,Instagram,526.57,498,2024-01-25
4357,Email,2363.16,120,2024-09-20
4358,Facebook,249.22,357,2024-11-01
4359,Facebook,1294.7,325,2023-11-02
4360,Google,510.27,333,2023-03-02
4361,Facebook,1106.86,125,2023-06-13
4362,Facebook,1676.79,456,2023-08-30
4363,Instagram,433.61,159,2023-09-26
4364,Instagram,1685.86,458,2024-01-25
4365,Email,1012.55,436,2024-04-16
4366,Instagram,4565.46,194,2023-03-18
4367,Facebook,4445.81,343,2024-07-02
4368,Google,2194.61,244,2024-07-12
4369,Google,154.12,256,2023-12-16
4370,Facebook,528.27,245,2024-05-25
4371,TikTok,3175.0,158,2023-12-04
4372,Google,2633.38,247,2023-08-30
4373,TikTok,2595.95,469,2024-04-16
4374,Instagram,2220.99,150,2024-05-08
4375,Google,3984.17,7,2024-08-22
4376,Google,942.21,392,2024-03-11
4377,Google,4995.06,163,2023-10-18
4378,Email,3766.78,399,2024-07-03
4379,Facebook,4641.26,5,2023-07-25
4380,Facebook,1063.12,451,2024-06-15
4381,Instagram,1296.76,200,2023-05-07
4382,Facebook,1009.92,484,2023-09-25
4383,Google,3715.32,141,2024-02-21
4384,Email,1958.4,224,2024-01-30
4385,Instagram,521.75,48,2024-04-09
4386,Facebook,3446.67,376,2023-09-28
4387,TikTok,392.27,201,2024-10-20
4388,Google,2945.92,119,2023-06-23
4389,TikTok,4676.8,128,2023-11-26
4390,TikTok,2968.73,184,2024-06-11
4391,Instagram,632.52,82,2024-01-05
4392,Facebook,2252.5,294,2024-05-12
4393,Facebook,761.61,440,2023-09-02
4394,Email,2003.94,234,2023-02-01
4395,TikTok,1373.47,415,2024-06-23
4396,Google,1987.32,49,2024-05-14
4397,TikTok,3166.87,489,2023-03-03
4398,Email,2539.18,438,2024-10-24
4399,Facebook,711.2,314,2024-01-31
4400,Instagram,3932.5,19,2023-04-26
4401,Instagram,2231.54,429,2023-04-14
4402,TikTok,3414.65,454,2024-03-21
4403,TikTok,2642.61,324,2023-04-15
4404,TikTok,4468.82,210,2024-11-27
4405,Email,92.33,68,2024-09-29
4406,TikTok,3576.96,40,2024-05-01
4407,TikTok,4285.04,232,2024-01-05
4408,Google,4593.33,450,2024-02-23
4409,Facebook,2880.21,53,2024-11-04
4410,Instagram,2830.95,480,2023-12-20
4411,TikTok,2000.0,117,2024-10-06
4412,Facebook,3310.57,247,2024-06-15
4413,Email,3914.99,335,2023-04-27
4414,Email,688.66,52,2024-03-12
4415,Facebook,4544.17,360,2023-10-10
4416,Google,1824.84,332,2023-06-27
4417,Facebook,3947.33,216,2023-03-17
4418,Google,1881.74,72,2024-04-23
4419,Email,887.04,184,2023-12-26
4420,Facebook,2045.28,236,2024-07-20
4421,Facebook,2998.36,427,2023-09-04
4422,Google,4257.18,465,2023-03-18
4423,Instagram,3043.84,476,2024-09-03
4424,Instagram,731.74,458,2024-11-17
4425,Facebook,3067.05,498,2023-10-06
4426,Facebook,3025.91,477,2024-07-30
4427,Instagram,1291.04,291,2024-05-17
4428,Email,3388.2,457,2023-04-20
4429,Instagram,4383.57,321,2023-11-17
4430,TikTok,2647.14,377,2023-10-14
4431,Email,408.33,415,2023-11-08
4432,Instagram,644.72,242,2023-09-29
4433,Instagram,3602.79,128,2024-03-23
4434,Email,4306.7,222,2024-01-10
4435,Google,4075.73,232,2024-03-12
4436,TikTok,2561.17,223,2024-03-01
4437,TikTok,4795.15,496,2024-03-20
4438,Instagram,367.62,383,2024-07-15
4439,Instagram,2387.25,244,2024-01-22
4440,Email,2689.64,297,2024-03-03
4441,Google,295.73,23,2024-06-26
4442,TikTok,4988.91,274,2024-10-04
4443,Instagram,2084.52,292,2023-12-11
4444,TikTok,4016.64,238,2023-04-23
4445,Instagram,2284.09,239,2024-06-11
4446,Facebook,4217.72,10,2023-01-21
4447,Email,4488.41,390,2023-08-11
4448,Google,1688.73,393,2024-09-18
4449,Email,1174.4,432,2023-06-20
4450,Google,1442.8,4,2023-04-12
4451,Google,2298.34,388,2023-08-24
4452,Instagram,3840.95,347,2023-03-24
4453,Instagram,597.16,324,2023-06-10
4454,Google,2788.68,23,2024-05-22
4455,Instagram,1650.37,25,2023-11-25
4456,TikTok,4208.86,269,2023-05-27
4457,TikTok,1160.43,195,2024-10-29
4458,Email,3887.72,343,2023-11-24
4459,Email,299.44,47,2024-07-02
4460,Facebook,2011.75,347,2023-12-18
4461,TikTok,1410.76,49,2023-07-27
4462,Instagram,2965.24,259,2023-10-20
4463,Email,3976.5,403,2024-01-08
4464,Instagram,4810.39,34,2024-04-12
4465,Instagram,746.3,214,2023-01-16
4466,Facebook,1240.33,421,2024-11-05
4467,Facebook,807.66,278,2023-04-23
4468,Google,1831.16,53,2024-06-24
4469,Google,1560.53,379,2023-03-25
4470,Instagram,4154.08,237,2023-05-15
4471,Facebook,3180.0,428,2024-10-05
4472,Google,1819.34,236,2023-05-07
4473,Instagram,1464.12,206,2023-06-03
4474,Facebook,4161.79,364,2023-05-10
4475,TikTok,2280.45,137,2023-04-18
4476,Google,1751.47,346,2024-08-10
4477,Instagram,958.64,361,2023-04-08
4478,Email,1467.07,247,2023-07-26
4479,Instagram,3282.34,198,2024-01-21
4480,Email,2489.58,478,2024-03-25
4481,Email,3863.87,220,2023-07-21
4482,Google,4393.55,182,2024-08-23
4483,Google,872.19,252,2023-12-20
4484,Instagram,2908.32,94,2024-11-13
4485,Instagram,1000.44,83,2023-10-15
4486,Email,3897.12,180,2023-05-03
4487,Facebook,3868.7,152,2023-12-23
4488,TikTok,545.69,325,2024-02-28
4489,Email,407.45,112,2023-06-22
4490,TikTok,2237.5,183,2024-01-03
4491,Email,4648.95,363,2023-04-27
4492,Facebook,3464.75,232,2024-05-03
4493,Email,864.45,289,2023-08-14
4494,Google,3791.86,408,2023-06-20
4495,TikTok,1477.16,326,2023-02-14
4496,Email,3388.27,40,2024-04-25
4497,Email,4512.43,231,2024-02-02
4498,Instagram,4945.27,29,2023-09-19
4499,Email,3767.82,489,2023-10-10
4500,Facebook,4204.66,495,2023-02-11
4501,Facebook,381.16,166,2024-11-28
4502,Email,3118.04,234,2024-05-10
4503,Facebook,4227.57,83,2024-11-02
4504,Instagram,3875.39,128,2024-07-12
4505,Email,1514.16,38,2024-01-30
4506,Email,2223.22,302,2023-12-17
4507,Facebook,2837.62,189,2024-03-08
4508,TikTok,136.47,253,2023-01-19
4509,TikTok,4883.32,184,2023-07-13
4510,Google,498.99,231,2023-12-22
4511,Facebook,671.33,470,2023-01-22
4512,Facebook,3153.1,254,2023-03-10
4513,Instagram,498.73,146,2023-04-21
4514,Instagram,4210.06,207,2024-04-15
4515,Facebook,2249.91,16,2023-02-11
4516,Facebook,367.89,381,2023-08-10
4517,Instagram,1550.65,367,2024-03-06
4518,Google,3887.68,90,2024-10-08
4519,Facebook,534.93,412,2023-08-24
4520,Instagram,2140.28,323,2023-02-09
4521,Google,2765.5,297,2024-03-24
4522,Google,1162.05,72,2024-11-05
4523,Facebook,2825.1,52,2024-08-23
4524,Instagram,3121.93,34,2023-08-27
4525,Instagram,3794.06,410,2023-03-31
4526,Instagram,2885.4,166,2023-06-14
4527,Facebook,2851.2,57,2023-02-15
4528,TikTok,325.73,75,2024-06-08
4529,Facebook,1116.03,268,2023-02-02
4530,Instagram,3995.6,230,2024-11-07
4531,Email,4911.4,39,2024-08-19
4532,Email,3760.05,167,2024-11-20
4533,TikTok,3358.6,47,2023-07-25
4534,Instagram,2037.66,73,2024-02-27
4535,Google,3381.61,302,2023-12-24
4536,Instagram,4157.74,300,2023-06-19
4537,TikTok,3916.22,241,2024-10-15
4538,Instagram,1351.66,6,2023-04-07
4539,TikTok,2995.0,2,2023-01-24
4540,Facebook,3729.22,105,2023-03-07
4541,Email,2442.77,234,2024-06-05
4542,TikTok,1178.61,36,2023-11-06
4543,Email,2502.05,296,2023-05-02
4544,Facebook,4756.09,381,2024-05-30
4545,Email,2528.4,166,2023-04-14
4546,Facebook,3808.91,470,2024-03-28
4547,Email,578.55,311,2024-08-27
4548,Facebook,303.26,156,2023-01-12
4549,Instagram,2313.1,380,2024-01-01
4550,Facebook,943.55,396,2024-11-18
4551,Instagram,4765.42,349,2023-11-02
4552,Google,2132.41,466,2023-07-15
4553,Email,1188.04,249,2023-05-23
4554,TikTok,1122.86,127,2024-01-31
4555,TikTok,2902.39,285,2023-07-15
4556,Google,2574.43,90,2024-10-31
4557,Facebook,294.36,117,2024-07-15
4558,Facebook,3679.39,181,2024-09-11
4559,Email,4748.44,58,2023-01-07
4560,Facebook,1537.59,450,2024-08-24
4561,Facebook,2027.81,346,2023-02-13
4562,Google,4353.73,288,2024-07-16
4563,Instagram,2570.75,486,2024-10-21
4564,TikTok,3964.43,125,2023-10-13
4565,Facebook,1863.53,58,2024-09-28
4566,Email,3174.63,155,2023-02-08
4567,Instagram,1198.61,491,2023-07-31
4568,Facebook,1151.81,110,2024-11-16
4569,Google,2548.96,95,2023-09-02
4570,Facebook,1441.56,226,2023-03-25
4571,TikTok,2380.4,208,2023-12-14
4572,Google,3533.74,66,2024-09-22
4573,Email,3483.08,5,2024-10-14
4574,Google,2315.63,46,2023-09-05
4575,Google,3473.93,231,2023-12-17
4576,TikTok,421.04,368,2024-01-29
4577,Facebook,2041.75,395,2023-11-21
4578,Google,1176.22,68,2024-02-20
4579,TikTok,988.79,182,2023-11-18
4580,Facebook,2023.98,185,2024-01-24
4581,Email,3449.13,382,2024-05-07
4582,Instagram,904.35,39,2024-05-20
4583,Email,3957.76,349,2024-02-07
4584,TikTok,893.17,363,2023-07-06
4585,TikTok,1032.17,352,2023-06-13
4586,TikTok,1891.41,493,2023-08-06
4587,TikTok,3812.75,251,2023-07-31
4588,Google,1988.7,162,2023-04-11
4589,TikTok,2389.38,362,2024-09-19
4590,Facebook,3091.17,287,2023-01-14
4591,Instagram,1444.82,56,2023-03-07
4592,Facebook,3725.25,422,2024-11-23
4593,Email,1637.96,344,2023-09-27
4594,Email,966.03,380,2023-02-22
4595,Email,1474.89,300,2024-02-05
4596,TikTok,4807.96,205,2023-08-15
4597,TikTok,1874.52,355,2024-09-24
4598,TikTok,3461.89,394,2023-03-25
4599,TikTok,2662.99,298,2023-10-08
4600,Email,4701.46,191,2024-06-16
4601,Email,4302.13,143,2024-09-15
4602,TikTok,702.29,270,2023-07-19
4603,TikTok,3207.44,453,2023-04-15
4604,Google,3714.67,362,2024-03-18
4605,Facebook,4400.49,154,2023-11-06
4606,Email,1745.83,452,2023-02-10
4607,Instagram,3426.35,387,2023-06-11
4608,TikTok,1319.93,39,2023-11-28
4609,Instagram,4376.43,489,2024-03-29
4610,Email,2271.0,17,2023-06-15
4611,Facebook,1110.61,63,2024-01-18
4612,Instagram,4989.43,281,2024-08-15
4613,Google,2104.75,88,2024-04-18
4614,Google,2673.26,34,2024-11-07
4615,Facebook,4137.25,491,2023-11-26
4616,Instagram,2598.15,357,2024-03-28
4617,Facebook,4927.07,421,2023-03-08
4618,Instagram,99.07,5,2023-01-25
4619,Facebook,3137.95,351,2024-04-09
4620,TikTok,1984.84,451,2024-09-16
4621,Google,1171.15,392,2023-03-03
4622,Google,3654.35,414,2023-10-12
4623,Instagram,4548.94,145,2023-04-25
4624,Email,2608.23,233,2023-05-11
4625,Instagram,4541.16,339,2024-10-03
4626,Instagram,4321.78,282,2024-06-12
4627,Google,2168.27,399,2024-08-02
4628,Email,3769.4,367,2024-08-18
4629,Google,2043.49,336,2023-11-15
4630,Facebook,1450.67,21,2024-01-06
4631,Instagram,4363.32,417,2023-02-20
4632,Google,821.36,15,2024-06-13
4633,Email,3674.63,64,2023-11-03
4634,TikTok,251.0,173,2024-06-23
4635,Email,4976.28,484,2023-08-25
4636,Facebook,980.2,445,2023-01-01
4637,Instagram,1753.83,106,2024-02-17
4638,Email,2849.05,338,2024-06-04
4639,Instagram,4380.01,291,2024-06-27
4640,Google,3175.49,384,2024-08-31
4641,TikTok,881.01,16,2023-11-04
4642,Instagram,4106.93,82,2024-01-26
4643,Facebook,1523.94,265,2024-06-30
4644,Facebook,2196.32,371,2024-02-12
4645,Email,2455.21,486,2024-03-19
4646,Facebook,2844.33,395,2023-02-20
4647,Instagram,2755.64,164,2023-07-18
4648,Facebook,2045.63,59,2023-07-29
4649,Instagram,1337.12,160,2024-11-07
4650,TikTok,1181.41,243,2023-07-03
4651,Facebook,2112.82,407,2023-05-09
4652,Email,4608.19,28,2024-09-24
4653,TikTok,1417.93,136,2024-07-19
4654,Facebook,818.18,272,2023-07-28
4655,Email,264.48,297,2024-03-19
4656,TikTok,356.69,252,2024-08-09
4657,Instagram,858.68,447,2023-09-04
4658,TikTok,1724.64,243,2024-11-19
4659,Instagram,4057.21,244,2023-09-04
4660,Instagram,2302.5,253,2024-02-24
4661,Facebook,3899.31,1,2023-08-10
4662,Facebook,655.28,358,2023-08-16
4663,TikTok,593.52,37,2023-03-18
4664,Instagram,2779.63,434,2024-03-02
4665,TikTok,962.02,271,2023-04-08
4666,Instagram,855.29,403,2023-09-01
4667,Instagram,3096.52,196,2024-08-09
4668,TikTok,1110.15,51,2023-06-19
4669,TikTok,1340.8,111,2023-02-02
4670,Email,4803.51,369,2023-03-09
4671,TikTok,895.74,33,2023-08-10
4672,Email,4004.78,316,2023-03-19
4673,Instagram,795.77,185,2023-05-12
4674,Email,233.15,352,2023-05-21
4675,Instagram,2583.19,371,2023-12-02
4676,Instagram,2735.85,308,2024-11-13
4677,Google,881.58,259,2023-01-07
4678,Google,1462.92,108,2023-12-15
4679,Instagram,4294.04,471,2024-11-18
4680,Facebook,4380.09,365,2023-07-25
4681,Instagram,3201.18,456,2023-05-06
4682,Facebook,2697.08,65,2023-06-13
4683,Instagram,3942.13,129,2024-04-02
4684,Email,3231.93,439,2024-10-20
4685,Email,4932.79,44,2023-05-12
4686,TikTok,3118.23,362,2024-05-24
4687,Facebook,3352.75,36,2023-05-29
4688,TikTok,380.31,305,2023-02-04
4689,Instagram,3801.84,397,2023-12-14
4690,TikTok,2576.89,73,2024-09-17
4691,Email,1983.73,365,2024-03-03
4692,Google,3267.27,355,2023-08-13
4693,Instagram,882.03,345,2023-05-11
4694,Email,1491.43,293,2023-08-18
4695,TikTok,2006.17,317,2023-07-06
4696,TikTok,1258.86,377,2023-10-25
4697,Email,4125.85,81,2024-07-25
4698,Facebook,842.96,101,2024-02-29
4699,TikTok,1744.51,465,2024-10-13
4700,Email,4250.86,91,2024-08-08
4701,Google,2332.02,272,2024-05-23
4702,Instagram,2451.67,176,2024-06-23
4703,Facebook,366.52,289,2024-03-03
4704,TikTok,1442.49,240,2024-05-26
4705,Email,4262.34,447,2024-01-10
4706,Facebook,3149.73,27,2024-10-09
4707,Email,1383.94,51,2024-08-19
4708,Google,4389.37,182,2024-04-20
4709,Google,4558.67,125,2024-04-24
4710,Email,2986.26,147,2023-02-08
4711,Instagram,2012.03,349,2023-08-25
4712,Google,2554.81,458,2024-08-08
4713,TikTok,3550.46,399,2024-04-27
4714,Facebook,3982.98,369,2023-03-15
4715,Email,4621.7,470,2024-01-29
4716,Instagram,1723.64,305,2023-03-28
4717,Email,2052.03,215,2024-02-29
4718,TikTok,4298.25,468,2023-08-08
4719,Facebook,1949.6,302,2024-08-28
4720,Instagram,1747.4,362,2023-07-02
4721,Email,3342.49,129,2024-10-11
4722,Email,529.33,496,2024-11-04
4723,Instagram,2578.0,359,2023-05-11
4724,Facebook,1926.1,462,2024-03-15
4725,Email,3027.61,316,2023-02-25
4726,TikTok,4908.5,308,2024-09-14
4727,Email,4023.8,24,2024-08-13
4728,Google,3261.61,271,2023-06-20
4729,Instagram,87.21,183,2023-05-23
4730,Email,2274.42,336,2023-02-20
4731,Facebook,108.71,253,2023-08-02
4732,TikTok,1342.17,134,2023-11-08
4733,TikTok,185.91,333,2023-10-04
4734,Google,889.28,24,2024-06-04
4735,TikTok,602.28,47,2024-05-17
4736,Instagram,2290.2,396,2023-02-09
4737,TikTok,1752.34,116,2024-02-29
4738,Google,250.36,374,2023-03-07
4739,Email,1832.47,325,2023-09-16
4740,Google,4145.61,345,2024-01-23
4741,Facebook,1140.39,451,2024-03-10
4742,Google,3924.25,161,2023-11-05
4743,Email,126.68,87,2023-07-30
4744,TikTok,1789.08,161,2024-04-17
4745,Google,3061.87,368,2023-04-19
4746,Instagram,883.64,89,2023-03-14
4747,Instagram,2365.39,97,2024-01-04
4748,TikTok,4724.86,124,2023-01-05
4749,TikTok,4014.65,384,2023-08-30
4750,Facebook,4053.22,154,2023-03-23
4751,Email,275.22,390,2024-02-25
4752,Instagram,3616.18,75,2024-07-01
4753,Facebook,1661.55,73,2023-09-07
4754,Email,918.2,148,2024-01-26
4755,Email,4602.98,158,2024-03-20
4756,TikTok,4231.64,190,2024-05-01
4757,TikTok,1379.85,233,2023-10-12
4758,Email,341.11,202,2024-08-20
4759,Facebook,853.01,281,2024-04-28
4760,Instagram,2842.77,50,2024-05-06
4761,Google,1794.39,499,2023-08-07
4762,Google,2305.67,442,2024-06-25
4763,TikTok,2417.57,159,2023-01-24
4764,TikTok,4017.94,354,2023-05-25
4765,Google,918.04,379,2023-06-16
4766,TikTok,4564.86,171,2023-06-01
4767,Instagram,1454.05,347,2024-10-01
4768,Google,3030.02,466,2023-02-11
4769,Instagram,4392.87,29,2023-10-02
4770,Instagram,1738.25,248,2023-06-05
4771,TikTok,1888.52,400,2023-10-13
4772,Instagram,1758.57,202,2024-09-27
4773,Instagram,692.95,371,2023-05-24
4774,Google,1874.64,340,2023-02-10
4775,Google,1680.02,458,2024-11-04
4776,TikTok,1803.89,302,2023-03-15
4777,Google,1537.29,478,2024-06-12
4778,TikTok,2750.45,164,2023-01-20
4779,Instagram,610.45,394,2023-10-31
4780,TikTok,215.95,243,2024-11-21
4781,Email,4867.04,259,2023-01-30
4782,Facebook,2162.48,262,2024-03-14
4783,Google,620.21,337,2023-02-02
4784,Facebook,776.08,166,2024-10-30
4785,Email,4464.66,183,2024-09-28
4786,Email,3998.52,82,2023-11-10
4787,Instagram,2900.12,228,2024-07-12
4788,Facebook,50.26,315,2023-06-26
4789,Email,565.76,302,2023-11-28
4790,TikTok,4164.2,77,2023-06-19
4791,Instagram,2263.22,228,2024-10-10
4792,Email,1645.52,74,2023-07-16
4793,Facebook,1748.71,216,2024-11-19
4794,Email,2008.42,297,2023-11-22
4795,Facebook,2971.47,495,2024-10-30
4796,Instagram,2586.05,32,2023-10-25
4797,Facebook,3980.95,442,2024-02-05
4798,Instagram,1975.19,254,2024-07-05
4799,Email,3608.59,459,2023-05-24
4800,Facebook,4869.04,359,2023-03-22
4801,Instagram,4031.97,219,2024-02-26
4802,Google,4893.69,22,2024-09-03
4803,Instagram,4345.82,108,2024-11-16
4804,Google,3202.73,426,2023-09-19
4805,Instagram,287.94,191,2023-08-22
4806,TikTok,479.23,179,2023-09-19
4807,TikTok,307.86,222,2024-01-26
4808,Facebook,2653.73,291,2024-11-19
4809,Instagram,1453.22,308,2023-05-05
4810,Facebook,1805.47,288,2024-05-23
4811,Email,2242.65,284,2023-05-04
4812,Instagram,3964.3,462,2023-03-13
4813,Facebook,3264.69,244,2024-04-13
4814,Google,3845.96,148,2024-04-21
4815,Instagram,224.87,36,2023-09-13
4816,TikTok,93.62,44,2024-07-25
4817,Email,3665.8,310,2024-05-09
4818,TikTok,4795.11,411,2024-01-12
4819,TikTok,2884.5,220,2023-03-16
4820,Google,3812.4,207,2024-10-12
4821,Email,1505.18,425,2023-05-03
4822,Facebook,890.75,474,2023-05-24
4823,TikTok,771.72,157,2024-03-05
4824,TikTok,1418.17,472,2023-10-15
4825,Instagram,2584.92,259,2024-04-06
4826,Google,4888.24,22,2024-03-11
4827,TikTok,2693.52,154,2024-06-25
4828,Facebook,3423.95,246,2024-01-24
4829,Google,4522.68,260,2023-12-31
4830,Email,544.58,248,2023-01-27
4831,Instagram,1643.73,453,2023-09-10
4832,Instagram,3068.93,468,2023-05-19
4833,Facebook,677.45,218,2024-10-15
4834,Google,2788.59,201,2023-08-01
4835,Email,818.87,340,2023-10-10
4836,Facebook,1118.83,79,2024-09-14
4837,Instagram,3429.23,154,2024-06-17
4838,Google,3869.15,326,2024-06-15
4839,Instagram,3106.03,499,2024-08-11
4840,Facebook,3557.71,220,2023-06-05
4841,Facebook,3337.47,222,2024-08-26
4842,Email,204.44,454,2024-09-13
4843,Google,4043.48,66,2023-03-16
4844,Email,444.32,355,2023-12-05
4845,Facebook,2426.0,451,2024-05-12
4846,TikTok,1547.53,497,2023-01-30
4847,Instagram,4236.15,245,2023-08-16
4848,Facebook,3329.87,223,2023-11-14
4849,Facebook,2981.25,10,2023-11-20
4850,Google,490.8,19,2023-01-08
4851,Facebook,739.8,474,2023-08-07
4852,Email,3447.09,164,2024-11-21
4853,TikTok,2312.26,170,2024-09-05
4854,Email,4925.17,408,2024-06-29
4855,Email,3806.08,388,2024-03-19
4856,Facebook,3296.15,304,2023-04-05
4857,Email,1034.87,1,2024-02-29
4858,Instagram,301.45,189,2024-08-24
4859,Email,3003.83,338,2024-03-11
4860,Email,3961.45,136,2023-06-28
4861,Instagram,259.91,65,2024-06-30
4862,Email,321.91,53,2023-05-22
4863,TikTok,188.61,196,2024-03-07
4864,Google,1901.42,306,2023-09-08
4865,Facebook,1994.26,117,2023-01-17
4866,Email,1237.42,304,2023-11-27
4867,TikTok,1964.4,97,2024-10-28
4868,Email,2640.88,150,2023-01-16
4869,Instagram,1613.77,292,2024-10-13
4870,Facebook,4402.09,223,2024-04-06
4871,Instagram,3025.12,115,2023-05-10
4872,Facebook,114.86,473,2024-02-14
4873,Instagram,1355.17,25,2023-07-08
4874,Google,2908.25,290,2024-06-21
4875,Google,766.47,119,2024-06-05
4876,Google,3121.88,145,2024-02-08
4877,Instagram,2057.78,362,2024-03-19
4878,Email,1434.06,495,2024-05-24
4879,Facebook,244.09,50,2024-02-17
4880,Instagram,3392.18,33,2024-02-04
4881,Google,3022.29,283,2023-07-11
4882,Google,3979.5,215,2023-07-08
4883,Email,2499.9,13,2024-01-03
4884,Facebook,3706.6,47,2023-04-15
4885,Instagram,1174.49,221,2023-05-02
4886,TikTok,1978.5,297,2024-11-15
4887,Instagram,3954.62,396,2024-02-27
4888,TikTok,2456.4,426,2024-02-11
4889,Email,3128.17,223,2024-07-28
4890,TikTok,3523.96,399,2024-06-08
4891,Email,2550.0,481,2024-10-11
4892,Google,1215.09,404,2023-08-26
4893,Email,4955.59,351,2024-01-01
4894,Google,1276.68,273,2023-12-29
4895,Email,3536.06,156,2023-12-14
4896,TikTok,3433.01,129,2023-03-25
4897,Instagram,4770.97,268,2024-09-16
4898,Email,911.8,471,2023-06-10
4899,Facebook,4988.79,179,2024-11-21
4900,Instagram,2724.87,349,2023-08-26
4901,Email,3063.1,356,2024-09-19
4902,Facebook,1102.48,340,2024-05-30
4903,Facebook,3879.6,359,2023-04-12
4904,Google,988.23,151,2023-03-19
4905,Google,1487.2,97,2024-07-08
4906,Email,4922.01,132,2023-05-10
4907,Google,221.86,172,2023-02-07
4908,Email,1375.85,472,2023-03-20
4909,Email,2595.86,164,2023-07-08
4910,Google,1574.32,177,2023-11-15
4911,TikTok,1089.0,71,2023-02-01
4912,TikTok,3113.04,361,2024-09-25
4913,TikTok,3247.78,436,2023-09-14
4914,Facebook,124.48,287,2024-04-28
4915,Instagram,4519.0,148,2023-05-01
4916,Google,563.09,99,2024-05-09
4917,TikTok,3455.74,190,2023-12-12
4918,Facebook,3343.36,132,2023-06-24
4919,Instagram,4703.44,399,2024-01-30
4920,Instagram,4724.4,248,2024-03-25
4921,Facebook,1106.48,101,2024-11-27
4922,Email,3210.17,238,2024-02-22
4923,Facebook,2045.7,332,2024-05-06
4924,TikTok,4286.68,163,2024-04-19
4925,TikTok,3098.14,296,2023-09-10
4926,Google,4487.15,126,2024-08-27
4927,Email,3936.87,254,2023-05-17
4928,Email,1873.38,341,2023-09-19
4929,Email,1742.4,67,2023-08-22
4930,Email,945.4,402,2023-11-01
4931,Instagram,967.26,426,2023-05-07
4932,TikTok,3668.81,329,2023-08-19
4933,Facebook,69.49,257,2024-11-30
4934,Email,2425.41,428,2024-10-02
4935,TikTok,2312.42,7,2023-11-18
4936,Facebook,3242.94,354,2024-06-16
4937,Email,4201.1,10,2024-08-23
4938,Google,2230.55,15,2023-10-30
4939,Instagram,3024.94,34,2023-05-09
4940,TikTok,4846.31,269,2024-01-31
4941,Facebook,474.79,135,2023-02-11
4942,Facebook,3333.48,480,2023-11-10
4943,Facebook,2502.91,94,2023-11-18
4944,Google,3054.26,275,2023-06-22
4945,Facebook,3041.08,177,2023-03-09
4946,Facebook,3236.45,499,2024-01-22
4947,Facebook,3864.06,58,2023-10-18
4948,Instagram,454.15,6,2023-10-11
4949,Facebook,1885.27,23,2024-02-15
4950,Facebook,2179.62,242,2024-10-13
4951,Instagram,2546.74,487,2023-08-31
4952,TikTok,3219.24,96,2023-12-13
4953,TikTok,1059.22,220,2024-03-05
4954,Email,2656.53,173,2023-07-01
4955,Email,2354.54,386,2024-08-14
4956,Google,3461.29,492,2023-06-05
4957,Google,2820.9,121,2024-08-20
4958,Facebook,508.56,44,2024-11-26
4959,Instagram,840.76,47,2023-06-14
4960,Email,2647.03,142,2024-08-26
4961,Instagram,1520.8,316,2023-04-08
4962,Facebook,3347.13,344,2024-04-25
4963,Email,4730.61,455,2023-03-21
4964,Email,3399.81,156,2024-03-26
4965,TikTok,2429.96,397,2023-12-20
4966,Google,922.18,283,2023-11-12
4967,Facebook,3153.36,226,2023-09-10
4968,TikTok,253.0,274,2023-10-20
4969,TikTok,2730.2,383,2024-04-16
4970,Instagram,2260.87,187,2023-03-13
4971,Facebook,3285.64,149,2023-12-24
4972,Email,1060.05,27,2023-01-11
4973,TikTok,4161.05,316,2023-10-08
4974,Google,2771.17,218,2023-01-10
4975,TikTok,544.44,64,2023-04-14
4976,Instagram,4242.65,454,2023-02-03
4977,Google,4059.23,344,2023-08-05
4978,TikTok,2470.54,301,2024-01-12
4979,Google,4952.85,375,2024-10-21
4980,Instagram,3514.57,433,2023-12-06
4981,Instagram,848.32,450,2023-04-10
4982,Email,1406.51,226,2023-04-23
4983,TikTok,4737.76,456,2024-07-10
4984,Google,4047.8,421,2024-10-26
4985,Facebook,3467.61,493,2023-04-17
4986,Instagram,3384.23,124,2024-08-11
4987,Google,3445.27,191,2024-01-02
4988,Instagram,2580.29,177,2024-10-28
4989,Email,1419.99,218,2024-07-02
4990,TikTok,3664.21,487,2023-07-21
4991,Email,4110.23,103,2024-10-30
4992,Google,409.4,101,2024-02-29
4993,Instagram,931.37,437,2023-04-29
4994,Facebook,4669.78,239,2024-02-23
4995,Google,1421.18,450,2023-12-30
4996,Instagram,959.97,373,2023-04-20
4997,Google,1809.59,247,2023-11-10
4998,Google,1757.66,273,2023-04-17
4999,Instagram,1174.31,127,2024-08-02
5000,Facebook,1169.27,458,2024-07-07
5001,Facebook,899.74,251,2023-05-27
5002,Instagram,4192.46,156,2023-12-15
5003,Instagram,1685.49,367,2024-05-11
5004,Email,2916.34,118,2024-01-15
5005,Facebook,394.3,165,2023-05-10
5006,TikTok,1865.71,152,2024-08-16
5007,TikTok,150.43,220,2023-09-06
5008,TikTok,2223.38,304,2024-11-19
5009,Instagram,3886.28,447,2023-04-27
5010,Facebook,3128.51,207,2024-04-18
5011,Facebook,2334.45,421,2024-11-27
5012,TikTok,4828.71,401,2023-04-27
5013,Instagram,4718.42,162,2024-04-13
5014,Facebook,746.23,274,2023-03-22
5015,Facebook,4568.02,173,2023-02-03
5016,Facebook,3773.27,498,2024-04-11
5017,Instagram,1837.21,226,2023-12-10
5018,Instagram,418.75,53,2024-07-18
5019,TikTok,4458.53,377,2023-05-23
5020,TikTok,202.96,406,2024-01-28
5021,Google,1792.58,85,2023-05-03
5022,TikTok,2799.37,119,2023-05-24
5023,Facebook,4140.29,251,2024-03-21
5024,Instagram,429.71,154,2023-01-14
5025,TikTok,636.78,441,2024-08-27
5026,Instagram,2326.8,160,2024-09-08
5027,Facebook,2348.37,393,2023-01-05
5028,Email,4860.51,150,2023-07-07
5029,Instagram,1691.86,217,2024-09-22
5030,Email,680.46,26,2023-02-03
5031,Email,1079.06,124,2023-03-01
5032,Google,1101.34,343,2023-08-11
5033,Facebook,3728.88,280,2024-01-12
5034,Instagram,1393.18,46,2024-11-27
5035,Email,3817.97,132,2024-10-21
5036,Facebook,1701.82,302,2024-03-22
5037,Google,1472.64,50,2024-07-28
5038,Email,1125.35,334,2023-10-23
5039,Google,3865.45,372,2023-04-10
5040,Facebook,1826.43,249,2024-08-30
5041,Email,3258.82,4,2024-07-17
5042,Google,3128.25,440,2024-03-16
5043,TikTok,2422.24,405,2024-03-28
5044,Google,1740.15,99,2024-06-17
5045,TikTok,3485.31,138,2023-09-29
5046,Instagram,3951.9,56,2023-12-18
5047,Email,962.49,49,2024-07-12
5048,Facebook,3266.05,366,2023-05-20
5049,Email,907.71,365,2023-10-11
5050,Email,3481.75,374,2024-02-02
5051,Facebook,1942.15,35,2023-09-04
5052,Google,907.41,376,2024-08-22
5053,Instagram,3019.82,386,2024-01-16
5054,Facebook,422.23,333,2024-01-04
5055,Email,415.35,30,2024-06-26
5056,Instagram,3796.85,426,2024-08-08
5057,TikTok,4900.5,490,2024-11-27
5058,Google,3952.77,16,2024-02-26
5059,Instagram,3344.83,404,2024-09-09
5060,Google,729.52,118,2024-09-03
5061,Facebook,541.22,103,2024-07-23
5062,Facebook,4636.21,400,2024-02-11
5063,Facebook,3823.74,322,2023-08-14
5064,Email,4985.86,335,2024-01-17
5065,Email,4757.75,108,2024-02-10
5066,Instagram,737.22,376,2023-08-03
5067,Instagram,542.06,50,2023-05-25
5068,Google,271.68,395,2024-08-01
5069,Google,1174.8,167,2023-08-17
5070,Instagram,1903.23,442,2024-04-03
5071,TikTok,2315.28,97,2024-06-02
5072,Google,1935.54,346,2023-06-26
5073,Email,1212.26,128,2024-01-28
5074,Email,3227.56,148,2024-11-14
5075,Facebook,4823.11,208,2024-09-05
5076,Facebook,2946.92,70,2023-12-04
5077,Facebook,3820.57,59,2024-03-22
5078,Google,3012.56,184,2024-11-28
5079,Instagram,4862.11,295,2024-02-09
5080,Google,1292.65,416,2024-10-05
5081,Google,3558.43,310,2024-10-02
5082,Email,1458.98,144,2024-11-01
5083,TikTok,3191.62,222,2023-10-12
5084,Google,1664.71,157,2023-07-09
5085,Email,1958.82,63,2023-03-01
5086,Email,4460.58,27,2024-04-30
5087,Instagram,797.99,381,2024-01-06
5088,Facebook,4666.49,245,2023-06-11
5089,Instagram,4828.89,403,2023-11-10
5090,Google,4227.25,163,2024-08-28
5091,Google,3021.64,457,2024-03-02
5092,Email,527.36,312,2024-03-04
5093,Email,4892.06,487,2024-06-24
5094,Instagram,2733.4,316,2024-10-05
5095,Email,2335.8,118,2024-10-04
5096,Instagram,4175.17,265,2024-07-05
5097,Facebook,4562.92,11,2024-07-12
5098,Instagram,4062.68,451,2023-04-27
5099,Instagram,3627.19,457,2024-10-21
5100,Google,857.2,119,2024-03-15
5101,Google,323.92,136,2023-10-16
5102,Facebook,3225.5,93,2023-03-12
5103,TikTok,4709.81,98,2023-01-18
5104,Google,876.93,365,2023-10-08
5105,Google,1993.61,120,2024-09-18
5106,Google,334.33,80,2023-10-12
5107,Email,4651.23,416,2023-05-25
5108,Facebook,85.87,224,2024-02-18
5109,TikTok,1082.65,445,2023-01-08
5110,Email,3881.82,37,2024-01-21
5111,Google,1670.56,391,2024-03-25
5112,Google,2026.88,131,2023-08-21
5113,TikTok,2417.87,265,2024-07-09
5114,Instagram,458.77,449,2023-09-07
5115,Instagram,3771.74,11,2023-05-19
5116,Email,2611.16,231,2023-04-29
5117,Google,695.36,415,2023-04-05
5118,Instagram,3202.42,465,2023-06-27
5119,Instagram,1859.44,210,2023-05-13
5120,Google,4141.74,433,2024-01-15
5121,Google,3988.43,124,2023-05-05
5122,Email,3206.85,57,2024-05-01
5123,Email,3989.16,243,2024-10-15
5124,Instagram,3550.8,350,2024-08-22
5125,Instagram,4384.58,174,2024-07-09
5126,Google,297.11,158,2023-02-13
5127,Facebook,4974.74,21,2024-11-10
5128,TikTok,3847.12,476,2023-10-17
5129,Google,4848.33,372,2023-10-22
5130,Email,4439.35,247,2024-02-26
5131,Facebook,3715.62,154,2023-07-06
5132,Email,2846.33,134,2023-07-13
5133,Facebook,2154.43,50,2024-11-22
5134,Email,4962.86,471,2023-07-11
5135,TikTok,4164.76,140,2024-01-01
5136,Instagram,4881.21,390,2023-03-25
5137,Google,3737.39,382,2023-05-18
5138,TikTok,218.24,276,2024-10-23
5139,Google,2935.86,261,2023-04-18
5140,TikTok,4863.81,84,2023-07-29
5141,Email,1642.1,321,2023-06-22
5142,TikTok,3889.49,125,2024-02-07
5143,Facebook,2307.71,328,2024-10-20
5144,Instagram,3670.0,104,2023-10-18
5145,Google,928.23,186,2023-10-23
5146,Facebook,1176.09,337,2023-11-11
5147,Facebook,3899.34,276,2024-04-13
5148,Google,3399.8,192,2024-04-08
5149,Email,880.78,138,2023-09-30
5150,Email,4676.21,277,2023-05-29
5151,Instagram,534.89,199,2024-04-16
5152,Facebook,4597.82,178,2024-10-25
5153,Facebook,4784.17,230,2024-03-09
5154,Google,1586.72,357,2024-09-14
5155,Google,2305.36,212,2023-10-09
5156,Instagram,2119.64,474,2023-05-14
5157,Facebook,2315.16,230,2023-01-31
5158,Facebook,794.35,199,2023-12-10
5159,Facebook,2423.7,24,2024-02-06
5160,Instagram,2049.06,269,2024-07-16
5161,Google,2480.92,373,2024-02-14
5162,Email,1389.34,311,2024-08-16
5163,Email,4684.22,386,2023-05-05
5164,Google,4209.28,201,2023-01-20
5165,TikTok,1639.54,296,2024-11-28
5166,Google,2922.78,337,2024-08-26
5167,Google,2022.51,304,2023-12-25
5168,Google,1184.06,62,2023-07-10
5169,Google,4455.37,339,2023-02-03
5170,Instagram,1787.72,218,2024-04-13
5171,Email,1852.76,92,2024-08-09
5172,Instagram,4697.05,373,2023-12-12
5173,Email,840.77,162,2023-01-18
5174,Facebook,3232.51,405,2023-02-20
5175,Facebook,2696.79,406,2024-05-27
5176,Google,1876.82,486,2024-02-21
5177,Facebook,841.97,71,2024-02-27
5178,Facebook,707.41,10,2023-10-30
5179,TikTok,1438.05,109,2024-05-14
5180,TikTok,2491.8,46,2023-08-14
5181,Instagram,1548.99,288,2023-03-04
5182,Google,4513.21,245,2024-01-12
5183,Email,1477.43,151,2024-10-16
5184,Facebook,1916.49,229,2024-04-10
5185,Facebook,4304.05,274,2024-09-22
5186,Email,1527.15,453,2024-03-15
5187,Email,2929.64,351,2023-06-11
5188,Google,195.41,342,2024-08-01
5189,Facebook,559.54,102,2023-02-16
5190,Google,4115.66,261,2023-04-19
5191,Instagram,1457.04,377,2024-11-22
5192,Email,370.12,60,2023-09-07
5193,Email,686.4,165,2023-04-01
5194,Google,1662.24,499,2023-12-27
5195,Instagram,2430.84,141,2023-11-01
5196,Email,4974.2,297,2023-05-14
5197,Instagram,722.85,419,2024-09-02
5198,Facebook,398.76,394,2023-04-30
5199,Google,791.31,427,2023-05-24
5200,Email,1290.17,206,2023-02-01
5201,Email,2227.42,350,2023-03-16
5202,TikTok,4438.89,29,2023-10-17
5203,Instagram,4331.55,160,2023-06-28
5204,TikTok,2679.07,108,2024-01-12
5205,TikTok,681.04,432,2024-01-14
5206,Email,4535.63,134,2023-03-17
5207,Google,4175.65,220,2023-07-13
5208,TikTok,871.08,240,2023-10-12
5209,Google,1813.45,440,2023-03-23
5210,TikTok,1524.47,70,2024-04-18
5211,Instagram,1161.05,337,2024-11-17
5212,Google,4346.23,400,2023-12-14
5213,TikTok,1508.16,135,2024-06-29
5214,Facebook,4569.06,268,2024-06-09
5215,TikTok,3633.64,395,2023-09-22
5216,Facebook,1939.0,220,2024-11-21
5217,Google,1881.0,77,2023-08-29
5218,Google,4745.23,298,2024-01-31
5219,Google,4392.0,66,2024-09-05
5220,Instagram,2195.94,188,2024-05-30
5221,Instagram,911.73,415,2023-09-21
5222,Google,50.53,483,2024-09-22
5223,Email,1960.36,69,2023-03-22
5224,Google,4234.88,133,2024-10-08
5225,Instagram,4621.33,273,2024-07-26
5226,Instagram,1610.13,403,2024-05-27
5227,TikTok,2854.8,343,2023-08-21
5228,TikTok,539.0,296,2024-06-23
5229,Email,3917.92,447,2024-02-12
5230,TikTok,188.29,268,2024-04-27
5231,Facebook,2916.17,91,2023-11-22
5232,Instagram,1338.5,341,2023-07-18
5233,TikTok,2754.09,294,2024-01-12
5234,TikTok,3587.06,450,2023-10-10
5235,Instagram,4783.91,156,2023-09-09
5236,Google,4813.69,355,2024-05-16
5237,Instagram,2710.83,233,2024-02-13
5238,Instagram,2466.28,246,2023-05-11
5239,Google,1753.1,276,2023-03-08
5240,Facebook,1127.49,327,2024-01-23
5241,Google,2113.08,80,2023-01-03
5242,Facebook,2779.18,33,2024-04-09
5243,TikTok,1464.19,306,2023-07-09
5244,TikTok,4712.73,15,2023-03-11
5245,Email,1717.75,35,2024-11-02
5246,Facebook,2230.22,115,2023-02-21
5247,Instagram,4064.06,250,2023-11-17
5248,TikTok,1774.07,252,2024-05-30
5249,Email,1358.73,417,2023-09-26
5250,Google,2150.63,333,2024-02-16
5251,Email,809.4,294,2024-01-23
5252,Instagram,4916.54,263,2024-07-17
5253,Google,472.32,23,2023-06-28
5254,Instagram,225.0,240,2023-06-12
5255,Instagram,3821.38,256,2023-09-05
5256,TikTok,2126.71,216,2024-09-08
5257,Google,1718.99,29,2023-01-27
5258,TikTok,2544.41,132,2024-10-21
5259,Instagram,4737.65,125,2024-10-25
5260,Instagram,1424.16,42,2023-10-07
5261,Instagram,311.41,215,2024-02-23
5262,Google,4832.34,240,2023-07-23
5263,Facebook,3013.3,298,2023-10-31
5264,TikTok,3606.61,240,2023-01-15
5265,Email,1766.31,361,2024-03-15
5266,Google,4411.5,441,2024-01-21
5267,TikTok,1678.48,431,2024-06-16
5268,Facebook,3289.15,71,2024-03-01
5269,Instagram,4410.81,487,2024-02-24
5270,Email,2263.83,57,2024-10-15
5271,Google,3846.57,294,2023-01-20
5272,TikTok,2653.95,331,2023-02-07
5273,Email,4644.3,455,2024-07-02
5274,Email,1831.51,244,2023-11-03
5275,Facebook,1161.25,126,2023-07-23
5276,TikTok,1360.91,55,2023-03-07
5277,Email,1414.02,473,2023-11-17
5278,Facebook,906.72,125,2024-04-06
5279,Instagram,1982.2,447,2023-04-26
5280,Email,1668.94,203,2023-01-16
5281,Google,1489.59,429,2023-08-15
5282,Google,1626.84,308,2024-03-02
5283,Google,1404.99,216,2024-07-17
5284,Google,4826.16,19,2023-04-27
5285,Google,3352.86,289,2023-11-11
5286,TikTok,156.34,204,2023-11-10
5287,Email,2238.08,51,2024-06-15
5288,Facebook,358.66,122,2024-01-18
5289,Email,3962.11,56,2023-12-01
5290,TikTok,3219.6,35,2024-06-10
5291,Email,862.0,245,2023-06-02
5292,Google,4067.76,6,2024-08-01
5293,Email,4350.56,147,2023-07-15
5294,Instagram,2640.36,490,2023-08-22
5295,TikTok,487.69,64,2024-09-01
5296,TikTok,1682.4,242,2023-04-09
5297,Email,4232.68,170,2024-02-13
5298,Google,130.03,414,2023-06-21
5299,Google,3235.71,327,2023-06-13
5300,Google,1375.77,422,2024-07-31
5301,Facebook,3503.31,462,2024-08-05
5302,Google,1812.1,461,2023-04-11
5303,TikTok,348.13,433,2023-02-16
5304,Instagram,4881.89,35,2023-11-16
5305,Email,1700.89,407,2023-08-06
5306,TikTok,2084.39,57,2023-12-16
5307,Email,2678.98,144,2023-03-07
5308,Google,4534.31,400,2023-03-24
5309,TikTok,1250.4,217,2023-11-14
5310,TikTok,4744.82,16,2023-12-31
5311,Instagram,2700.58,460,2023-07-25
5312,Instagram,463.22,477,2023-02-10
5313,Google,770.19,88,2023-06-04
5314,Facebook,3026.25,295,2024-01-01
5315,TikTok,75.34,430,2024-02-12
5316,TikTok,2436.42,197,2023-11-11
5317,Facebook,906.15,316,2023-02-02
5318,Facebook,420.11,441,2024-01-09
5319,Instagram,1851.17,153,2023-03-07
5320,Facebook,2480.04,129,2023-06-21
5321,Email,610.21,283,2023-06-27
5322,Facebook,4760.0,184,2023-06-13
5323,Instagram,389.91,199,2024-09-09
5324,Instagram,3216.32,2,2024-11-11
5325,Email,2995.6,71,2023-04-23
5326,Instagram,1563.19,253,2023-10-15
5327,TikTok,3171.37,60,2023-04-08
5328,Instagram,736.26,181,2023-08-13
5329,Email,4018.05,439,2024-02-04
5330,Instagram,1155.7,409,2023-12-03
5331,Instagram,2819.16,98,2024-07-31
5332,Facebook,3222.75,252,2023-12-07
5333,Instagram,3111.87,121,2024-01-02
5334,Google,3211.27,204,2023-07-24
5335,Google,205.79,401,2023-04-16
5336,Instagram,903.64,117,2024-05-29
5337,Facebook,763.9,186,2023-03-23
5338,Facebook,392.33,316,2023-02-28
5339,Instagram,4940.41,139,2023-09-23
5340,TikTok,177.62,86,2024-09-03
5341,Email,3282.41,19,2023-09-17
5342,Facebook,1269.66,160,2023-04-20
5343,Email,576.97,259,2023-12-16
5344,Facebook,2731.25,10,2024-01-05
5345,Facebook,4054.61,262,2024-10-16
5346,Facebook,525.67,340,2023-08-29
5347,Email,371.58,472,2023-12-08
5348,Google,491.81,81,2024-08-20
5349,Google,2920.82,208,2023-07-27
5350,Instagram,912.26,5,2024-07-21
5351,Google,1873.28,451,2023-04-30
5352,Facebook,1453.94,289,2024-05-06
5353,Google,4731.96,60,2023-08-30
5354,Facebook,4712.5,414,2023-11-17
5355,Email,1965.36,260,2024-06-08
5356,Google,1740.98,151,2024-10-02
5357,Instagram,621.43,47,2024-02-13
5358,Facebook,2267.01,461,2023-12-26
5359,Instagram,444.27,233,2023-11-17
5360,Email,875.5,293,2023-04-23
5361,TikTok,1126.34,186,2024-11-06
5362,Email,2466.65,223,2024-05-01
5363,Instagram,319.52,78,2024-11-25
5364,Instagram,3798.75,86,2024-06-09
5365,Instagram,1907.11,458,2023-07-08
5366,Google,952.46,413,2024-01-05
5367,Email,456.64,68,2024-11-15
5368,Email,1030.48,370,2024-07-22
5369,Facebook,1658.2,412,2024-03-03
5370,Google,4069.96,215,2023-09-09
5371,Instagram,494.01,208,2023-07-16
5372,Email,512.91,484,2024-03-31
5373,Facebook,1000.01,190,2024-05-05
5374,Google,1501.31,81,2023-08-24
5375,TikTok,2192.02,237,2023-02-09
5376,Google,1607.48,379,2024-01-10
5377,Instagram,1443.69,23,2024-05-07
5378,Email,4681.1,140,2024-03-22
5379,Instagram,1360.11,15,2024-11-09
5380,Facebook,3549.35,256,2024-05-02
5381,Facebook,3950.48,495,2023-08-16
5382,Google,2628.22,103,2023-10-12
5383,Facebook,935.69,161,2023-05-10
5384,TikTok,4032.32,481,2024-11-14
5385,Facebook,1543.3,159,2023-04-26
5386,TikTok,3759.24,328,2024-06-28
5387,Facebook,4181.18,380,2023-10-20
5388,Facebook,2304.74,259,2023-08-13
5389,Google,740.95,429,2024-11-14
5390,TikTok,1030.48,487,2023-07-08
5391,Facebook,4141.39,285,2023-01-16
5392,Instagram,4133.16,397,2024-05-04
5393,Google,1668.79,120,2023-10-18
5394,Instagram,4874.13,64,2023-03-19
5395,Google,4156.12,322,2023-02-04
5396,Facebook,2909.42,44,2024-05-19
5397,Instagram,4342.03,150,2024-03-30
5398,Facebook,1847.44,109,2024-11-15
5399,Instagram,169.67,166,2024-07-05
5400,Facebook,2894.09,362,2023-04-14
5401,Google,2784.13,336,2024-07-18
5402,Google,3966.07,21,2023-02-04
5403,TikTok,152.56,325,2024-03-29
5404,TikTok,2411.68,168,2024-03-30
5405,Facebook,4972.5,452,2023-04-14
5406,Facebook,1554.65,337,2023-09-17
5407,TikTok,3350.66,96,2024-02-12
5408,Facebook,1909.44,180,2023-10-21
5409,Instagram,60.88,265,2023-06-02
5410,Facebook,2742.01,121,2024-09-19
5411,Instagram,2610.14,379,2023-10-12
5412,Google,3268.94,356,2024-06-17
5413,TikTok,2759.46,70,2023-04-25
5414,TikTok,2002.09,7,2023-01-02
5415,Facebook,2389.35,254,2024-03-19
5416,Google,4886.22,410,2024-05-16
5417,Facebook,3419.54,195,2024-01-25
5418,Facebook,4194.84,208,2024-02-16
5419,Google,3480.26,8,2023-06-19
5420,Instagram,1377.79,225,2023-01-29
5421,Google,4774.91,330,2023-10-13
5422,Email,1991.97,157,2024-11-05
5423,TikTok,415.6,92,2024-07-21
5424,Instagram,1972.52,416,2023-07-14
5425,Instagram,4830.35,71,2023-06-18
5426,Google,732.88,127,2024-03-17
5427,Email,446.33,25,2024-02-17
5428,Email,3484.08,218,2024-10-06
5429,TikTok,1016.2,414,2024-06-17
5430,Instagram,3376.26,182,2023-02-15
5431,Google,4309.52,197,2024-03-14
5432,Instagram,218.48,39,2024-03-02
5433,Email,1020.85,299,2024-08-05
5434,TikTok,288.54,442,2023-05-18
5435,TikTok,1694.46,352,2024-07-04
5436,Instagram,1268.88,216,2023-07-10
5437,Instagram,124.35,15,2023-11-14
5438,TikTok,1123.41,221,2024-10-26
5439,Facebook,4250.63,179,2023-03-26
5440,Instagram,4201.18,446,2024-03-25
5441,Email,2433.62,467,2024-10-16
5442,Email,3073.44,221,2023-02-20
5443,Instagram,4409.62,488,2023-05-01
5444,Email,1118.7,461,2024-03-21
5445,Email,1036.35,182,2024-06-04
5446,TikTok,3259.44,449,2023-05-19
5447,TikTok,3681.93,37,2024-07-25
5448,Google,84.6,124,2024-09-12
5449,TikTok,2840.93,172,2023-11-14
5450,Facebook,1418.17,435,2024-05-14
5451,Instagram,1820.63,198,2023-09-06
5452,Google,2315.28,235,2024-10-20
5453,Facebook,94.48,455,2023-01-23
5454,TikTok,367.52,101,2023-05-12
5455,Google,553.7,389,2023-10-02
5456,TikTok,69.58,120,2024-11-23
5457,Email,2912.2,223,2023-03-26
5458,Facebook,4648.38,15,2023-04-20
5459,Facebook,4711.63,244,2023-06-23
5460,TikTok,412.25,346,2024-02-18
5461,Google,1015.15,202,2023-01-18
5462,Google,1374.34,123,2024-07-16
5463,Google,3087.02,426,2024-09-04
5464,Email,1205.59,119,2023-05-20
5465,Facebook,1509.13,352,2023-10-06
5466,Instagram,171.14,311,2023-03-08
5467,Instagram,680.78,285,2024-05-10
5468,Email,2373.8,83,2023-01-28
5469,Instagram,1809.6,60,2023-10-18
5470,Facebook,845.21,257,2024-06-12
5471,Google,4173.06,343,2023-09-11
5472,Email,4519.75,378,2023-03-30
5473,Instagram,3813.65,474,2024-03-07
5474,Instagram,4065.62,339,2023-07-10
5475,Facebook,3689.14,264,2024-10-07
5476,Instagram,1200.98,452,2023-02-05
5477,Facebook,4281.28,185,2023-05-07
5478,Email,3804.01,413,2024-06-14
5479,Instagram,4176.46,416,2024-02-07
5480,Google,3976.8,127,2024-07-28
5481,Instagram,1990.34,192,2023-06-10
5482,Facebook,534.66,176,2024-04-15
5483,Instagram,3673.07,469,2023-07-07
5484,Google,4728.86,437,2024-08-23
5485,Google,1170.5,267,2023-01-13
5486,Instagram,893.12,472,2024-02-01
5487,Instagram,3728.81,432,2024-10-08
5488,Facebook,1677.74,431,2024-09-30
5489,Facebook,3280.0,239,2024-03-19
5490,Google,1114.31,418,2023-09-04
5491,Instagram,1015.66,11,2023-12-31
5492,TikTok,544.08,50,2023-08-15
5493,Email,4164.36,39,2024-10-11
5494,Facebook,2813.58,34,2024-04-15
5495,Google,235.55,449,2023-08-22
5496,TikTok,4420.21,340,2023-06-15
5497,Facebook,3210.75,15,2024-09-10
5498,Facebook,754.06,429,2024-05-29
5499,Facebook,4597.73,373,2024-08-27
5500,Facebook,1152.59,180,2024-11-25
5501,TikTok,2313.68,452,2024-10-05
5502,Facebook,63.09,480,2024-10-09
5503,Instagram,4283.33,52,2023-09-12
5504,Email,3612.51,334,2024-10-29
5505,Google,143.84,378,2024-05-25
5506,TikTok,4438.32,357,2024-09-27
5507,Email,4264.53,403,2023-09-25
5508,TikTok,2874.54,232,2023-02-08
5509,Facebook,3522.48,429,2023-06-15
5510,Instagram,4169.89,405,2023-08-22
5511,Email,1023.74,469,2024-08-15
5512,Email,3948.54,42,2024-03-17
5513,TikTok,1300.31,182,2024-09-09
5514,Email,763.12,299,2023-01-26
5515,Email,4085.41,411,2023-12-25
5516,Facebook,4075.68,16,2023-03-26
5517,TikTok,2506.82,262,2024-01-23
5518,TikTok,1951.66,199,2024-03-17
5519,Google,2339.1,116,2024-05-24
5520,Instagram,809.76,422,2023-09-17
5521,Instagram,70.23,491,2023-03-03
5522,Email,2832.19,200,2024-03-19
5523,Email,2257.86,66,2023-02-17
5524,TikTok,691.22,446,2023-09-03
5525,Instagram,1304.14,346,2023-01-03
5526,Email,4580.67,45,2024-03-31
5527,Instagram,4967.81,55,2023-06-01
5528,Email,3831.69,325,2023-05-27
5529,Google,3027.4,271,2023-01-15
5530,Facebook,4930.68,80,2023-11-07
5531,Instagram,2043.53,463,2024-09-28
5532,TikTok,2096.13,341,2023-03-01
5533,Google,756.64,276,2024-01-20
5534,Facebook,4899.9,333,2023-08-17
5535,Google,3972.32,373,2024-08-02
5536,Email,528.67,384,2024-05-06
5537,Instagram,4688.09,379,2024-11-05
5538,Google,3431.74,200,2024-11-23
5539,TikTok,618.23,45,2024-10-26
5540,TikTok,488.43,336,2024-05-04
5541,Email,1970.14,481,2023-08-19
5542,TikTok,893.83,0,2023-06-10
5543,Google,1683.91,149,2023-05-07
5544,Facebook,4671.29,415,2023-04-03
5545,Instagram,3171.92,471,2023-06-07
5546,Instagram,1108.92,101,2023-05-14
5547,TikTok,221.97,162,2024-10-24
5548,Facebook,1614.54,426,2023-02-21
5549,Email,2264.92,300,2024-03-15
5550,Instagram,4765.27,360,2023-10-29
5551,Facebook,2430.4,249,2024-02-29
5552,Instagram,2262.64,269,2023-01-03
5553,TikTok,1246.37,9,2024-02-24
5554,Email,2841.41,62,2024-02-04
5555,Instagram,3732.57,301,2023-01-17
5556,Email,4744.53,232,2023-01-11
5557,Google,1931.34,438,2023-07-28
5558,Google,1671.5,490,2023-05-02
5559,Email,1423.15,457,2024-05-25
5560,Google,3582.38,71,2024-08-20
5561,TikTok,1811.47,471,2023-11-09
5562,Facebook,2007.26,165,2023-11-10
5563,Instagram,327.89,194,2023-11-18
5564,Instagram,1650.21,243,2024-02-23
5565,Email,2254.9,76,2023-04-25
5566,TikTok,2067.89,439,2023-09-14
5567,Email,1338.06,225,2023-10-06
5568,Facebook,646.87,217,2024-01-07
5569,Facebook,1447.89,16,2024-08-16
5570,Instagram,4972.11,302,2024-10-08
5571,Email,1822.63,267,2024-07-22
5572,Google,2089.85,171,2024-05-12
5573,Instagram,2133.78,69,2024-06-04
5574,Google,2120.4,277,2024-08-25
5575,Instagram,83.85,50,2023-05-14
5576,Instagram,3806.74,117,2023-12-11
5577,Google,2473.68,284,2023-09-13
5578,TikTok,180.91,386,2024-03-12
5579,Instagram,4148.23,214,2024-09-06
5580,Instagram,799.31,396,2023-10-03
5581,Email,2344.27,160,2024-04-08
5582,Instagram,3948.68,172,2024-05-16
5583,Facebook,1776.35,57,2023-01-13
5584,Email,2582.9,491,2024-08-27
5585,Email,2997.28,104,2024-05-23
5586,Email,2908.36,43,2024-02-05
5587,Instagram,1803.14,358,2023-11-04
5588,Instagram,1403.06,31,2023-07-29
5589,Google,3369.27,40,2024-06-10
5590,Facebook,1397.5,488,2023-10-07
5591,Instagram,2307.34,165,2024-08-23
5592,Google,564.72,433,2024-03-01
5593,Email,3802.36,175,2024-03-27
5594,TikTok,586.71,428,2024-03-10
5595,TikTok,349.19,337,2023-12-16
5596,TikTok,1535.55,241,2024-07-01
5597,TikTok,2145.76,136,2023-07-22
5598,Instagram,3927.37,207,2024-03-25
5599,Instagram,496.62,81,2023-02-24
5600,TikTok,1622.23,61,2023-11-08
5601,Email,1253.18,221,2024-10-29
5602,Email,3375.47,136,2023-03-30
5603,TikTok,1618.1,307,2024-06-19
5604,TikTok,1738.72,186,2023-06-30
5605,Instagram,3290.1,257,2023-06-08
5606,Instagram,3739.38,6,2023-01-06
5607,Facebook,746.0,149,2023-04-08
5608,TikTok,2523.3,187,2024-04-20
5609,Email,2086.95,497,2023-08-14
5610,Facebook,3279.47,53,2024-10-05
5611,Google,347.09,178,2023-08-24
5612,Email,4854.95,192,2024-08-30
5613,TikTok,4712.09,271,2023-11-25
5614,Google,259.33,239,2023-08-10
5615,Email,587.26,439,2024-09-03
5616,Facebook,1945.92,310,2024-08-16
5617,Google,1992.04,24,2023-03-01
5618,TikTok,4191.69,317,2024-03-04
5619,Facebook,1996.94,342,2024-03-24
5620,Google,4323.83,18,2023-11-30
5621,Instagram,3837.74,147,2023-01-18
5622,TikTok,1906.43,196,2024-07-30
5623,Email,3630.38,114,2023-10-08
5624,TikTok,282.77,433,2024-08-26
5625,Instagram,3009.99,126,2024-03-17
5626,Facebook,494.0,391,2024-01-10
5627,TikTok,3632.36,129,2023-07-07
5628,TikTok,4194.68,41,2024-02-24
5629,Facebook,4601.4,62,2023-10-30
5630,Google,3300.51,158,2023-09-09
5631,Facebook,4001.53,223,2024-09-13
5632,Facebook,1287.91,353,2023-02-05
5633,Instagram,169.62,332,2023-12-09
5634,Email,1303.45,455,2024-11-30
5635,Instagram,3371.52,1,2024-11-25
5636,Email,1083.13,190,2023-01-16
5637,TikTok,1074.31,5,2023-04-06
5638,Google,431.31,20,2023-02-06
5639,Google,407.2,49,2023-07-30
5640,Facebook,3179.79,136,2023-10-21
5641,Google,3517.18,153,2023-04-08
5642,TikTok,4823.55,184,2023-06-25
5643,Facebook,4542.67,60,2023-06-21
5644,Email,4723.96,25,2024-05-20
5645,TikTok,2728.4,196,2023-11-01
5646,Google,216.04,134,2023-01-29
5647,Facebook,4240.95,250,2023-03-08
5648,Google,4976.14,94,2023-02-14
5649,Facebook,2007.57,202,2024-01-03
5650,Instagram,3026.25,115,2023-12-09
5651,Facebook,3632.16,337,2023-03-14
5652,Email,2411.83,170,2023-09-30
5653,TikTok,2972.18,470,2024-06-24
5654,Instagram,3967.6,126,2023-01-11
5655,Facebook,604.87,62,2023-02-05
5656,Instagram,695.84,219,2024-09-12
5657,Email,1223.02,389,2023-03-08
5658,Facebook,1115.87,499,2023-12-25
5659,Facebook,4522.13,133,2023-06-19
5660,Facebook,2968.58,285,2023-10-09
5661,TikTok,958.82,6,2023-01-08
5662,TikTok,2089.3,332,2024-10-17
5663,Email,2635.73,464,2024-04-15
5664,Facebook,3209.54,419,2024-02-27
5665,Google,4336.98,268,2023-07-27
5666,Facebook,4446.44,372,2023-06-15
5667,Facebook,1094.16,466,2023-11-08
5668,Facebook,969.7,162,2023-02-19
5669,Instagram,785.6,137,2024-03-02
5670,Instagram,2422.58,39,2023-03-12
5671,Facebook,1727.09,159,2023-01-30
5672,Google,2157.65,137,2023-06-08
5673,Instagram,962.63,288,2024-07-24
5674,TikTok,546.02,69,2024-05-09
5675,Google,1252.38,168,2024-04-03
5676,Facebook,1536.83,355,2024-01-22
5677,Google,154.99,394,2024-02-26
5678,Facebook,4507.79,383,2024-03-13
5679,Facebook,2785.97,488,2024-04-07
5680,TikTok,3731.83,438,2024-06-20
5681,TikTok,1028.98,169,2024-03-17
5682,TikTok,4693.94,334,2023-05-23
5683,Instagram,4493.87,108,2023-06-14
5684,TikTok,3144.82,491,2024-02-03
5685,TikTok,1196.5,41,2023-03-06
5686,Google,531.17,155,2023-11-04
5687,Google,1820.84,76,2024-05-15
5688,Email,2219.53,276,2023-01-23
5689,Google,4473.26,152,2023-04-04
5690,Facebook,4395.89,138,2023-11-30
5691,TikTok,2472.35,341,2024-03-20
5692,TikTok,864.63,384,2023-11-23
5693,Facebook,4654.06,212,2024-04-20
5694,Email,2794.9,338,2024-09-19
5695,Google,1478.01,189,2024-07-03
5696,Google,130.21,280,2023-11-11
5697,Email,1612.08,143,2024-02-07
5698,Google,3051.12,144,2024-10-19
5699,Google,3080.63,395,2023-05-16
5700,Instagram,1928.17,294,2023-08-01
5701,Instagram,2229.3,66,2024-08-25
5702,Email,1184.27,440,2023-09-23
5703,Google,1976.18,66,2023-05-18
5704,TikTok,4709.14,306,2023-03-28
5705,TikTok,3950.45,412,2023-05-01
5706,Email,1270.99,189,2024-03-14
5707,Email,4265.22,243,2024-06-06
5708,Google,2525.91,436,2024-06-16
5709,Facebook,1130.33,439,2023-02-16
5710,Instagram,758.87,345,2024-11-13
5711,Google,4826.26,104,2023-07-18
5712,Facebook,1037.87,11,2024-11-10
5713,Google,658.99,257,2023-09-09
5714,Email,4158.77,496,2024-04-22
5715,Instagram,2029.87,228,2024-05-12
5716,Email,3265.88,339,2023-11-03
5717,Facebook,3791.97,170,2023-07-25
5718,Facebook,4581.23,122,2024-04-19
5719,Email,677.28,31,2023-09-04
5720,TikTok,2572.19,201,2023-09-28
5721,Email,1810.48,381,2023-07-19
5722,TikTok,4341.09,425,2024-05-06
5723,Facebook,4294.63,112,2024-03-28
5724,Instagram,390.01,314,2023-05-28
5725,Facebook,1452.8,340,2024-08-09
5726,TikTok,4952.76,464,2024-01-30
5727,TikTok,2861.33,392,2023-02-04
5728,Google,3238.29,210,2023-07-01
5729,TikTok,3406.33,18,2023-05-11
5730,TikTok,2736.8,16,2024-05-11
5731,Google,106.67,421,2024-05-11
5732,Instagram,2807.26,396,2024-06-28
5733,Google,4577.2,78,2023-02-18
5734,Facebook,1643.09,419,2023-03-22
5735,Instagram,1538.83,245,2024-07-29
5736,Email,3704.12,32,2024-10-31
5737,Email,877.32,486,2024-01-30
5738,TikTok,501.54,317,2024-04-20
5739,Email,1984.63,358,2023-01-23
5740,Google,4489.82,36,2024-10-24
5741,TikTok,2642.9,444,2023-01-05
5742,TikTok,2815.83,81,2023-05-02
5743,Google,2942.94,151,2023-12-28
5744,TikTok,1498.73,99,2024-07-16
5745,Instagram,2464.53,368,2023-12-18
5746,Google,881.31,383,2024-05-25
5747,Facebook,4127.02,18,2024-04-18
5748,TikTok,3361.33,184,2023-08-18
5749,Facebook,2463.07,27,2023-10-31
5750,Facebook,3135.22,362,2024-05-11
5751,Instagram,2862.13,424,2024-04-15
5752,Instagram,512.81,303,2024-10-27
5753,Google,2538.87,178,2023-02-15
5754,Email,3297.55,459,2023-06-20
5755,Google,3987.93,494,2024-01-16
5756,Google,4513.89,424,2024-06-17
5757,Email,4383.96,283,2024-11-04
5758,TikTok,214.97,283,2024-09-08
5759,Email,121.48,157,2024-01-27
5760,TikTok,982.32,306,2023-12-15
5761,Instagram,1421.46,259,2023-08-17
5762,Google,3747.12,368,2023-01-13
5763,Email,492.74,305,2023-04-23
5764,Google,1516.2,433,2023-04-29
5765,Instagram,1834.91,407,2024-10-10
5766,Facebook,2231.26,224,2024-07-27
5767,Google,70.74,467,2023-05-16
5768,Facebook,2395.16,70,2024-01-06
5769,Google,868.62,287,2024-09-15
5770,Instagram,1709.18,222,2023-11-08
5771,Email,2255.93,2,2023-02-20
5772,Instagram,761.41,343,2023-05-11
5773,Google,3581.0,237,2024-04-26
5774,Google,928.09,448,2023-05-11
5775,Email,3826.84,17,2024-07-22
5776,Instagram,4328.41,328,2023-08-29
5777,Instagram,1160.03,181,2023-10-30
5778,Instagram,370.41,446,2023-02-20
5779,Email,3676.51,214,2024-11-25
5780,Instagram,431.47,95,2024-10-19
5781,Instagram,3123.46,401,2023-05-29
5782,TikTok,4938.29,9,2023-07-29
5783,Facebook,781.79,94,2024-03-24
5784,Facebook,1169.57,123,2023-12-04
5785,TikTok,2173.0,79,2023-07-30
5786,TikTok,3501.09,27,2024-04-04
5787,Facebook,1854.53,192,2023-07-13
5788,Facebook,84.11,418,2023-10-07
5789,Google,4659.58,30,2023-03-16
5790,Facebook,4855.24,254,2023-03-19
5791,Instagram,1541.51,440,2024-05-24
5792,Instagram,959.59,82,2023-08-11
5793,TikTok,1419.18,452,2023-08-06
5794,Facebook,3599.4,63,2023-12-16
5795,Instagram,863.11,241,2023-03-19
5796,Email,2492.42,394,2024-08-16
5797,TikTok,1672.63,31,2024-10-16
5798,Instagram,3405.98,81,2024-06-02
5799,Google,3229.4,43,2023-01-17
5800,Google,2692.98,77,2023-10-09
5801,TikTok,4392.34,438,2024-05-27
5802,Email,208.48,116,2023-01-26
5803,Google,3829.22,8,2023-08-21
5804,Instagram,2806.94,375,2023-03-09
5805,Email,4621.39,325,2024-10-26
5806,TikTok,920.2,119,2023-02-20
5807,TikTok,2280.48,473,2023-02-18
5808,Instagram,3553.14,368,2023-11-14
5809,Email,1296.84,263,2023-05-15
5810,Google,2014.75,305,2023-08-15
5811,Facebook,1932.15,306,2024-10-15
5812,Instagram,3918.02,206,2024-11-14
5813,Facebook,3892.37,178,2023-01-07
5814,TikTok,4901.87,303,2023-02-21
5815,TikTok,3863.34,367,2023-02-25
5816,Google,1991.49,490,2024-06-13
5817,Instagram,3822.41,304,2023-12-11
5818,Google,2977.76,405,2024-11-06
5819,Google,1741.87,60,2023-04-08
5820,Google,3736.34,23,2024-09-30
5821,Google,1220.34,293,2024-01-19
5822,Google,1573.61,313,2023-05-21
5823,TikTok,2765.6,119,2024-08-19
5824,Facebook,2695.98,258,2024-04-05
5825,Facebook,4819.39,287,2024-08-14
5826,Facebook,4757.29,375,2023-10-30
5827,TikTok,1987.15,12,2024-10-20
5828,TikTok,1863.92,269,2024-02-27
5829,Email,3295.41,136,2024-05-28
5830,Facebook,4402.69,52,2023-08-23
5831,Facebook,1706.31,86,2023-08-11
5832,Facebook,1899.62,323,2024-09-21
5833,Facebook,3737.09,452,2024-09-27
5834,Email,2456.95,429,2023-06-26
5835,Email,2926.01,116,2024-10-17
5836,Google,700.47,430,2024-07-06
5837,Instagram,4451.06,409,2023-10-29
5838,Email,4782.46,189,2023-04-29
5839,Facebook,4172.95,133,2024-04-08
5840,Instagram,3189.6,166,2023-10-18
5841,Facebook,204.22,286,2024-09-02
5842,Google,3407.16,238,2024-03-24
5843,Email,4942.96,10,2023-05-13
5844,Google,1479.34,486,2024-10-25
5845,Instagram,2035.97,368,2023-02-06
5846,TikTok,4317.71,423,2023-03-30
5847,Instagram,3343.1,113,2023-03-27
5848,Facebook,786.31,69,2024-10-30
5849,TikTok,900.12,405,2023-12-17
5850,TikTok,3575.59,289,2024-10-14
5851,Email,4369.52,297,2024-08-16
5852,Facebook,4510.04,377,2023-06-21
5853,TikTok,4055.06,308,2024-03-10
5854,Instagram,63.97,434,2023-01-01
5855,Facebook,1152.88,408,2024-08-23
5856,Google,4292.84,443,2023-05-05
5857,Facebook,874.94,447,2023-06-09
5858,Instagram,1490.53,265,2023-09-16
5859,Facebook,3623.18,224,2023-12-23
5860,Facebook,1326.88,429,2024-02-03
5861,Facebook,2650.79,344,2023-10-16
5862,Email,3119.77,307,2023-11-16
5863,Google,2189.97,49,2024-01-15
5864,Facebook,2113.9,396,2023-12-18
5865,Facebook,3239.68,400,2023-12-03
5866,TikTok,4280.59,467,2024-05-27
5867,Google,2998.64,386,2023-08-15
5868,Facebook,4508.41,393,2023-01-08
5869,Google,1219.23,198,2024-10-20
5870,Facebook,598.1,61,2023-01-24
5871,Email,2112.75,310,2024-05-13
5872,Facebook,4295.01,401,2024-01-14
5873,Facebook,1920.58,472,2023-06-02
5874,Google,1630.04,379,2023-09-24
5875,Google,4544.9,58,2024-01-26
5876,Email,1222.35,324,2024-06-02
5877,TikTok,102.75,145,2023-12-11
5878,Facebook,2092.97,170,2024-06-06
5879,Email,2255.19,75,2024-05-05
5880,Email,3039.58,326,2023-01-18
5881,TikTok,3440.09,72,2024-08-03
5882,Facebook,2650.11,139,2023-07-09
5883,Facebook,3547.82,167,2024-03-17
5884,Email,4434.11,205,2024-05-18
5885,Facebook,2936.84,204,2023-12-06
5886,Email,2792.96,160,2024-07-27
5887,Instagram,4020.99,233,2024-07-19
5888,Email,1946.2,270,2023-04-25
5889,Instagram,2920.92,110,2024-04-09
5890,TikTok,4791.44,296,2024-11-10
5891,Google,3783.17,400,2024-10-25
5892,Google,2954.99,61,2023-08-10
5893,Facebook,2846.68,150,2023-09-29
5894,Instagram,99.37,195,2023-08-08
5895,Google,4451.67,269,2023-12-17
5896,Email,4065.37,370,2023-12-24
5897,TikTok,3438.07,467,2023-06-04
5898,Email,1529.01,182,2023-04-20
5899,Facebook,1333.39,168,2024-10-11
5900,Facebook,1825.43,180,2023-11-14
5901,Email,1307.2,10,2023-06-11
5902,Facebook,3274.42,169,2024-09-07
5903,Instagram,328.98,30,2023-06-15
5904,Google,53.3,135,2023-09-05
5905,Instagram,605.08,495,2024-04-19
5906,Email,2298.68,411,2023-07-20
5907,TikTok,2742.3,439,2023-04-03
5908,Facebook,2028.36,423,2024-05-04
5909,Facebook,2727.47,172,2023-12-10
5910,Facebook,561.73,92,2024-06-17
5911,Email,4269.57,227,2023-01-25
5912,Instagram,3067.26,157,2024-03-13
5913,Instagram,1413.86,412,2023-06-16
5914,TikTok,4127.04,444,2024-05-14
5915,TikTok,1013.35,226,2023-11-04
5916,Instagram,79.47,332,2023-07-20
5917,Google,3520.85,436,2023-04-24
5918,Instagram,740.47,365,2023-10-28
5919,Instagram,2779.24,376,2024-01-20
5920,Facebook,2259.44,348,2024-04-24
5921,Google,1324.0,21,2024-10-11
5922,Google,2165.48,453,2023-06-18
5923,Google,250.31,414,2024-07-13
5924,TikTok,725.78,72,2024-04-04
5925,Facebook,1484.83,311,2024-03-29
5926,Facebook,200.02,69,2023-01-18
5927,Instagram,3020.64,130,2024-09-03
5928,Email,164.96,412,2023-12-16
5929,Email,1647.91,446,2024-10-09
5930,Google,4689.14,76,2023-04-18
5931,Facebook,3317.74,160,2024-02-20
5932,Google,3817.82,303,2024-06-10
5933,TikTok,2585.9,204,2023-04-12
5934,Facebook,4076.73,354,2024-05-07
5935,TikTok,2233.59,349,2024-08-18
5936,TikTok,3270.33,138,2023-08-25
5937,Facebook,2034.95,338,2023-06-27
5938,Email,693.34,370,2024-08-10
5939,Email,4425.89,475,2024-11-01
5940,Facebook,3659.32,484,2024-07-05
5941,Facebook,1738.3,381,2024-07-17
5942,Email,142.53,64,2024-04-21
5943,Google,1494.79,296,2024-02-02
5944,Google,188.44,457,2024-06-02
5945,Email,2201.24,56,2023-07-22
5946,Email,1554.33,381,2023-02-07
5947,Google,4001.32,456,2023-07-30
5948,Instagram,3113.46,187,2023-07-10
5949,Google,2268.17,407,2024-06-20
5950,Instagram,2764.04,326,2024-02-09
5951,Instagram,4941.86,311,2023-03-04
5952,Facebook,1371.23,209,2024-08-24
5953,Instagram,3912.36,51,2023-09-06
5954,Google,2037.19,337,2024-06-13
5955,TikTok,2544.21,134,2023-03-14
5956,Facebook,3945.35,490,2023-11-03
5957,TikTok,383.49,189,2024-06-05
5958,Instagram,4972.6,39,2023-11-29
5959,Instagram,3361.34,444,2023-04-01
5960,TikTok,2446.9,60,2023-10-11
5961,Google,3321.82,433,2024-08-25
5962,Email,2038.52,225,2024-06-22
5963,Email,1231.69,220,2023-04-14
5964,Instagram,2492.43,413,2023-08-14
5965,TikTok,2844.49,228,2024-06-10
5966,Email,1715.76,227,2024-07-24
5967,Instagram,918.32,211,2024-03-07
5968,Google,3870.51,59,2023-09-07
5969,Instagram,4875.19,331,2023-01-21
5970,Instagram,735.68,432,2024-06-03
5971,Email,1632.57,349,2023-06-17
5972,Google,1453.37,308,2023-02-12
5973,Instagram,1371.7,91,2024-11-16
5974,Instagram,3832.4,240,2023-10-08
5975,Google,467.15,446,2023-09-05
5976,Instagram,1935.9,94,2024-08-04
5977,Google,1255.18,177,2023-06-05
5978,TikTok,871.95,88,2023-11-24
5979,Facebook,1379.57,29,2023-11-27
5980,Google,1889.81,432,2024-07-20
5981,Instagram,3662.88,261,2023-02-08
5982,Email,4402.42,69,2023-11-05
5983,Facebook,2432.91,157,2023-11-04
5984,Instagram,414.59,293,2024-06-22
5985,Google,3299.72,291,2024-10-10
5986,Email,3904.07,207,2024-04-01
5987,Instagram,4689.4,404,2024-02-06
5988,Google,4667.64,181,2023-04-29
5989,Facebook,3347.05,252,2023-01-30
5990,TikTok,3044.16,173,2023-07-14
5991,Email,1915.9,246,2023-10-31
5992,Facebook,3607.34,339,2024-08-27
5993,Google,4857.31,137,2024-08-23
5994,Google,1523.1,84,2024-04-03
5995,Facebook,1167.74,493,2024-01-07
5996,Facebook,1358.96,254,2023-09-03
5997,Facebook,4939.34,54,2023-04-20
5998,Instagram,4660.75,382,2023-06-01
5999,TikTok,1524.22,431,2023-09-08
6000,TikTok,3839.52,222,2023-10-12
6001,TikTok,84.99,232,2024-05-04
6002,Instagram,246.75,334,2023-12-30
6003,Facebook,1165.68,24,2024-11-23
6004,Facebook,533.81,15,2023-10-23
6005,TikTok,1309.11,494,2023-01-19
6006,Email,379.18,152,2023-03-15
6007,Google,4877.69,372,2023-02-21
6008,Email,636.32,227,2024-03-14
6009,TikTok,1871.23,39,2024-10-26
6010,Facebook,4955.05,109,2024-08-01
6011,TikTok,2116.29,124,2024-09-03
6012,TikTok,3171.16,212,2023-11-02
6013,Email,1901.28,219,2023-01-01
6014,Email,196.17,364,2024-10-07
6015,Facebook,1224.62,1,2023-07-22
6016,TikTok,3318.22,251,2024-09-30
6017,Google,4854.55,436,2024-03-20
6018,Email,4865.5,457,2023-11-13
6019,Google,184.26,380,2023-10-21
6020,Facebook,1065.48,48,2023-08-12
6021,Email,1732.1,150,2024-08-26
6022,Instagram,481.46,239,2024-04-28
6023,Email,2966.0,245,2024-09-08
6024,Instagram,1983.94,393,2023-03-23
6025,Email,2623.06,279,2023-09-01
6026,Facebook,2168.54,159,2024-10-01
6027,Facebook,146.63,408,2023-05-07
6028,Google,4381.77,58,2023-09-01
6029,Facebook,1068.3,369,2024-10-27
6030,Email,4368.59,210,2023-10-04
6031,Facebook,2956.68,305,2023-06-02
6032,Email,4513.9,129,2023-07-10
6033,Email,335.64,487,2024-01-06
6034,Facebook,2730.99,465,2024-01-19
6035,Facebook,652.14,185,2023-09-26
6036,Email,3395.76,228,2023-04-16
6037,TikTok,2588.07,489,2024-11-07
6038,Google,1974.96,470,2023-06-11
6039,TikTok,624.04,71,2024-01-30
6040,Email,2761.42,479,2023-04-08
6041,Instagram,1671.06,140,2023-07-19
6042,Email,619.76,220,2024-05-19
6043,Email,977.16,166,2024-01-26
6044,TikTok,2785.57,274,2023-10-17
6045,Google,3781.15,118,2023-06-17
6046,Google,781.16,492,2023-08-31
6047,Google,4849.01,73,2024-07-03
6048,Email,1443.82,464,2024-07-22
6049,Instagram,3130.9,39,2024-07-07
6050,TikTok,2781.09,378,2023-08-17
6051,Facebook,363.64,488,2024-04-13
6052,Email,1001.25,312,2023-12-25
6053,Google,2262.63,26,2024-09-05
6054,Email,1360.22,164,2024-10-07
6055,Facebook,829.33,184,2024-04-09
6056,Facebook,936.86,198,2023-09-03
6057,Email,4990.35,492,2023-06-05
6058,Google,2926.5,7,2023-02-22
6059,Google,4358.71,278,2023-08-12
6060,Instagram,4362.18,167,2024-01-22
6061,Email,910.74,214,2024-01-05
6062,Facebook,2385.44,18,2023-07-25
6063,Instagram,1895.95,159,2023-03-31
6064,Email,2866.77,220,2024-07-25
6065,TikTok,2678.91,234,2024-04-10
6066,TikTok,1935.82,248,2023-07-07
6067,Facebook,1389.1,487,2023-03-26
6068,Facebook,3456.02,387,2024-05-02
6069,TikTok,1798.13,54,2023-05-02
6070,Google,1504.88,275,2023-06-19
6071,Instagram,3995.18,364,2023-12-21
6072,TikTok,1894.19,463,2023-01-12
6073,Facebook,4666.08,478,2023-09-22
6074,Instagram,1954.19,148,2023-03-04
6075,TikTok,3888.98,406,2024-06-02
6076,Facebook,3465.31,446,2023-12-04
6077,Email,4947.55,286,2023-01-23
6078,Google,1237.87,120,2023-06-15
6079,TikTok,3737.85,127,2023-07-10
6080,Instagram,4249.04,94,2023-10-16
6081,Email,2569.08,390,2023-11-22
6082,Google,4354.38,77,2024-02-26
6083,Google,4155.82,48,2023-03-18
6084,Facebook,1248.55,325,2023-01-05
6085,Facebook,88.52,106,2024-06-17
6086,Instagram,3137.02,128,2023-01-11
6087,Instagram,1259.04,177,2024-09-24
6088,Email,4393.83,247,2024-08-17
6089,Email,4080.43,134,2024-02-25
6090,Email,1409.41,152,2023-05-30
6091,Google,2961.86,79,2024-03-14
6092,Google,1678.13,467,2023-12-10
6093,TikTok,3121.72,478,2024-03-05
6094,Email,1792.4,278,2023-11-28
6095,TikTok,2785.68,203,2023-01-02
6096,Email,4151.91,369,2023-01-09
6097,Instagram,2072.14,453,2023-02-16
6098,Facebook,3933.19,12,2024-06-30
6099,Instagram,2284.46,206,2023-12-27
6100,TikTok,3095.86,214,2024-10-12
6101,Email,2168.07,72,2023-04-28
6102,TikTok,710.99,309,2024-04-30
6103,TikTok,277.85,35,2023-05-01
6104,TikTok,1423.51,93,2024-10-23
6105,Instagram,4438.54,213,2024-03-30
6106,Email,3666.95,346,2024-11-26
6107,Facebook,872.15,416,2023-06-05
6108,Email,3471.97,250,2024-03-02
6109,Email,1801.67,144,2023-04-20
6110,Instagram,4535.39,362,2024-01-20
6111,Instagram,78.75,243,2023-12-09
6112,Google,399.36,407,2024-05-11
6113,Instagram,3001.96,14,2023-12-28
6114,Google,443.69,258,2023-02-27
6115,Facebook,4776.79,402,2023-05-17
6116,Google,258.33,70,2024-02-07
6117,Facebook,1313.98,122,2024-05-24
6118,Instagram,347.31,445,2023-06-12
6119,Email,3482.22,119,2023-06-04
6120,Email,4684.09,372,2024-11-04
6121,Email,853.07,318,2023-04-03
6122,Instagram,2935.23,47,2023-11-17
6123,TikTok,4685.31,216,2023-01-12
6124,Facebook,2436.56,113,2023-04-08
6125,Google,2869.19,6,2023-07-20
6126,TikTok,1827.21,273,2023-04-03
6127,Email,1751.28,333,2023-05-02
6128,Facebook,4764.15,44,2024-07-15
6129,Instagram,4140.85,86,2023-03-25
6130,Instagram,4908.31,303,2024-04-29
6131,Facebook,1451.16,456,2024-01-25
6132,Instagram,2853.48,330,2023-05-20
6133,Email,3197.68,60,2023-11-08
6134,Instagram,100.09,394,2024-09-11
6135,Google,4004.83,153,2024-08-25
6136,Google,2852.22,416,2024-02-14
6137,Facebook,4036.57,65,2024-06-23
6138,TikTok,1072.83,146,2024-10-26
6139,Facebook,3980.16,497,2024-05-30
6140,Google,1537.41,475,2024-10-17
6141,Email,520.43,115,2023-12-30
6142,Instagram,2751.62,380,2023-06-01
6143,Email,4119.38,120,2024-01-24
6144,Email,1288.47,384,2023-04-10
6145,Instagram,3318.26,13,2024-09-15
6146,TikTok,4086.99,30,2023-01-14
6147,Facebook,3512.45,25,2023-03-08
6148,TikTok,773.04,242,2023-11-26
6149,Google,2137.37,9,2023-11-17
6150,TikTok,1421.83,30,2024-11-18
6151,Google,4702.5,16,2024-05-02
6152,Google,2863.44,440,2023-12-14
6153,Email,1249.52,137,2024-05-02
6154,Google,746.49,211,2024-03-22
6155,Email,2242.26,77,2023-04-04
6156,TikTok,603.59,414,2023-01-04
6157,Google,4836.22,311,2023-11-02
6158,Facebook,2661.23,310,2024-01-29
6159,Facebook,458.08,267,2023-06-03
6160,Facebook,2465.1,247,2024-03-29
6161,Email,1021.23,279,2024-06-27
6162,Email,492.32,498,2023-04-23
6163,Instagram,2145.36,398,2024-10-29
6164,Facebook,75.7,144,2023-03-03
6165,Instagram,280.04,343,2024-04-26
6166,Google,1206.6,139,2024-03-25
6167,Instagram,1550.31,113,2024-10-27
6168,Google,1523.78,213,2023-12-12
6169,Facebook,2999.09,326,2024-04-20
6170,TikTok,4041.75,216,2024-03-06
6171,Facebook,4795.53,369,2024-10-16
6172,Google,960.03,270,2024-05-28
6173,Facebook,1921.79,94,2023-06-16
6174,Instagram,4558.42,465,2024-06-23
6175,Google,1571.72,225,2024-04-08
6176,Email,4315.22,243,2023-04-03
6177,Email,3269.43,456,2024-05-14
6178,TikTok,4637.49,2,2024-10-30
6179,Email,3981.92,415,2024-05-01
6180,TikTok,4177.49,119,2024-03-06
6181,Facebook,2528.24,415,2024-08-06
6182,TikTok,3263.44,361,2023-07-13
6183,Instagram,3298.16,3,2024-01-09
6184,Email,4686.67,18,2023-07-18
6185,Google,117.42,7,2023-06-25
6186,Instagram,4723.9,438,2023-03-11
6187,Google,3799.83,431,2024-03-10
6188,TikTok,2609.25,104,2023-11-10
6189,Facebook,3754.18,477,2023-07-18
6190,TikTok,2984.38,113,2023-09-15
6191,Instagram,417.56,285,2024-02-21
6192,Email,3996.12,180,2023-04-11
6193,Facebook,4889.27,17,2023-03-13
6194,Google,3043.06,213,2024-04-07
6195,TikTok,1749.31,53,2023-11-11
6196,Email,3718.13,71,2023-02-05
6197,Facebook,4861.66,306,2023-01-24
6198,Email,2628.71,39,2024-03-23
6199,Google,475.91,75,2024-11-29
6200,Email,1114.33,225,2023-11-25
6201,Email,3753.23,377,2023-07-04
6202,Email,1045.69,418,2024-08-03
6203,Google,1239.76,44,2023-09-08
6204,Facebook,1727.38,287,2024-04-20
6205,Facebook,1910.93,257,2024-07-14
6206,TikTok,3396.78,177,2024-06-02
6207,Google,4937.28,448,2023-05-17
6208,Facebook,1463.08,138,2024-11-26
6209,Email,2467.83,321,2023-03-30
6210,TikTok,1470.77,172,2023-01-28
6211,Instagram,4844.73,315,2023-03-18
6212,Email,4179.47,338,2024-03-14
6213,Facebook,1733.73,289,2024-02-13
6214,Instagram,4485.45,254,2023-08-01
6215,Instagram,1198.14,246,2024-03-05
6216,Instagram,2546.23,95,2023-04-23
6217,TikTok,914.79,72,2023-10-30
6218,Facebook,1213.62,392,2024-03-17
6219,Facebook,2497.16,94,2023-08-01
6220,Email,3179.99,205,2024-05-12
6221,Email,2673.83,228,2023-07-03
6222,Facebook,623.1,312,2023-12-28
6223,Instagram,1030.61,374,2024-11-07
6224,Google,2913.03,162,2023-12-19
6225,TikTok,4341.13,74,2023-07-02
6226,Instagram,1355.38,12,2023-04-30
6227,Instagram,3784.06,226,2024-08-06
6228,Email,4988.64,401,2024-08-30
6229,Instagram,882.98,124,2024-04-25
6230,TikTok,2213.46,360,2024-04-05
6231,Instagram,1895.61,210,2023-08-21
6232,Facebook,1316.85,397,2023-05-07
6233,Email,2299.94,268,2024-10-23
6234,Instagram,3474.74,427,2024-06-19
6235,Instagram,2784.09,439,2024-06-27
6236,TikTok,3983.18,133,2024-03-30
6237,Email,3460.31,363,2024-05-15
6238,TikTok,2506.9,486,2024-07-25
6239,Email,3719.97,228,2024-11-08
6240,Email,4527.64,110,2023-04-27
6241,Google,1876.83,330,2024-01-28
6242,Email,3556.04,151,2024-11-13
6243,Facebook,4393.08,214,2024-05-08
6244,Google,1041.9,419,2023-12-08
6245,Email,115.75,304,2023-07-03
6246,Instagram,2619.43,381,2023-09-17
6247,Google,1975.04,215,2023-08-28
6248,Instagram,937.42,417,2023-12-29
6249,Google,2109.38,359,2023-09-16
6250,Google,4494.47,482,2024-06-15
6251,Email,2948.79,418,2024-03-27
6252,TikTok,3659.9,300,2023-05-06
6253,Google,4672.05,70,2023-05-03
6254,Instagram,494.04,148,2024-10-28
6255,Facebook,3516.64,243,2023-11-24
6256,Google,621.9,95,2023-05-09
6257,Instagram,256.96,354,2023-01-06
6258,TikTok,2874.02,8,2024-07-15
6259,Facebook,1183.29,94,2024-09-09
6260,Instagram,2723.1,282,2024-11-15
6261,Email,2011.87,381,2023-11-03
6262,Instagram,3292.53,362,2023-10-22
6263,Google,3101.98,437,2023-09-13
6264,Google,1122.34,276,2024-11-12
6265,Facebook,3301.36,454,2024-01-19
6266,Facebook,954.34,313,2023-06-29
6267,Google,1934.1,242,2024-06-21
6268,TikTok,1447.18,343,2023-01-06
6269,Email,3643.17,249,2023-08-14
6270,Facebook,2488.2,145,2023-06-02
6271,Email,4323.76,238,2023-05-31
6272,Facebook,873.5,94,2024-05-17
6273,Instagram,3216.06,494,2023-11-21
6274,Email,4345.63,53,2024-05-08
6275,TikTok,4532.48,225,2024-05-21
6276,Google,50.34,86,2023-12-23
6277,Email,1445.84,218,2024-11-22
6278,Instagram,1673.78,489,2024-06-17
6279,TikTok,2929.8,315,2024-04-30
6280,Google,4237.36,397,2024-01-13
6281,Instagram,283.14,455,2023-08-10
6282,Instagram,2684.34,349,2024-05-18
6283,Google,1063.34,189,2023-07-16
6284,Instagram,1020.37,330,2023-09-16
6285,TikTok,3501.28,240,2024-10-08
6286,Email,1701.05,247,2023-12-17
6287,Email,2658.5,213,2024-10-29
6288,Email,2436.66,440,2024-09-12
6289,Email,3977.5,293,2024-02-27
6290,TikTok,1763.86,85,2023-01-16
6291,Instagram,2689.74,286,2024-11-08
6292,Instagram,2804.66,385,2024-10-28
6293,Instagram,1685.81,300,2023-11-14
6294,TikTok,3465.59,470,2024-05-11
6295,TikTok,1154.67,327,2023-04-24
6296,Facebook,2828.96,287,2024-10-02
6297,TikTok,4517.12,77,2023-10-20
6298,Google,3784.94,429,2023-02-22
6299,Email,4704.28,264,2024-10-07
6300,Instagram,4504.67,206,2024-07-28
6301,Facebook,1300.54,287,2023-07-06
6302,TikTok,4814.08,239,2024-07-22
6303,Facebook,828.95,198,2023-10-19
6304,Instagram,2006.34,444,2024-04-25
6305,Google,3519.17,347,2023-09-18
6306,Instagram,2665.16,388,2023-08-23
6307,Google,3876.12,84,2024-01-04
6308,Instagram,4652.11,3,2024-05-05
6309,Google,4424.78,368,2023-12-05
6310,Facebook,2262.92,136,2024-11-07
6311,Instagram,266.0,474,2024-10-23
6312,Email,2906.99,463,2023-08-02
6313,Facebook,753.61,210,2024-10-04
6314,Facebook,3504.27,114,2024-11-01
6315,Email,4203.68,281,2024-10-30
6316,TikTok,751.85,497,2023-05-31
6317,Facebook,2871.32,417,2024-08-14
6318,Instagram,2628.35,363,2024-01-15
6319,Google,4385.78,493,2023-11-09
6320,Google,725.41,18,2023-07-23
6321,TikTok,905.53,151,2023-03-30
6322,Instagram,3837.58,251,2023-08-31
6323,Instagram,1932.73,90,2024-06-22
6324,Instagram,1296.81,386,2024-09-13
6325,TikTok,3170.22,385,2024-02-08
6326,Instagram,4244.63,160,2024-08-03
6327,Instagram,1187.73,9,2024-10-20
6328,Email,3082.06,480,2023-03-12
6329,Email,604.52,23,2024-05-14
6330,Email,2811.05,138,2023-02-03
6331,Instagram,1346.39,88,2024-04-03
6332,Email,561.87,290,2023-08-09
6333,Facebook,4193.13,107,2024-11-14
6334,Email,2595.94,442,2024-06-06
6335,Google,2597.8,370,2023-12-07
6336,Email,3218.84,49,2023-07-12
6337,Instagram,2728.86,272,2023-03-28
6338,TikTok,2875.75,178,2023-01-08
6339,Instagram,3085.33,49,2023-11-05
6340,Facebook,447.85,117,2023-05-31
6341,Google,4834.33,97,2024-05-23
6342,TikTok,1202.85,79,2023-10-31
6343,Instagram,1601.37,221,2023-04-13
6344,Instagram,2999.88,288,2023-05-06
6345,Instagram,1196.34,42,2023-08-15
6346,Instagram,2610.42,270,2024-05-10
6347,Instagram,4472.03,386,2024-02-27
6348,Email,1109.98,130,2023-04-15
6349,Email,4906.99,371,2023-06-27
6350,Google,408.18,423,2024-07-22
6351,TikTok,1038.92,230,2023-04-30
6352,Email,2611.35,273,2024-09-02
6353,Google,4468.1,54,2024-10-05
6354,Instagram,2034.03,299,2023-12-22
6355,Google,1101.78,420,2024-09-18
6356,Instagram,2059.58,15,2024-09-19
6357,Google,3607.09,38,2024-11-24
6358,Facebook,3224.58,273,2023-08-26
6359,Facebook,4792.81,375,2023-10-05
6360,Email,2728.79,129,2023-01-07
6361,Email,323.22,481,2023-05-07
6362,TikTok,1116.77,249,2023-07-31
6363,Instagram,4062.32,95,2023-05-14
6364,TikTok,872.4,21,2023-09-23
6365,Google,2759.15,234,2023-04-06
6366,Email,3641.76,459,2023-07-19
6367,Instagram,3666.36,498,2024-03-26
6368,Facebook,3573.24,86,2024-03-28
6369,Instagram,1992.69,147,2023-03-30
6370,Facebook,1664.02,287,2024-04-23
6371,TikTok,1551.93,18,2024-02-06
6372,Instagram,1317.0,319,2023-12-12
6373,Instagram,3468.17,294,2024-04-22
6374,Facebook,1124.63,452,2024-03-18
6375,Google,2290.92,123,2023-09-29
6376,Facebook,195.51,104,2023-09-06
6377,Google,3775.29,286,2024-07-04
6378,Instagram,189.35,275,2023-01-03
6379,TikTok,1603.89,46,2024-07-01
6380,Instagram,549.64,236,2023-09-25
6381,Instagram,1622.03,266,2023-10-29
6382,Facebook,2720.06,222,2023-03-02
6383,Email,359.88,94,2024-05-17
6384,Email,4627.11,265,2024-03-07
6385,TikTok,4302.47,112,2023-02-03
6386,Instagram,3724.83,147,2024-02-01
6387,Facebook,3534.75,430,2023-05-21
6388,TikTok,506.16,201,2023-07-05
6389,TikTok,2438.04,47,2024-09-02
6390,Email,3346.43,70,2024-05-22
6391,TikTok,3415.75,425,2023-07-10
6392,Email,2700.45,454,2024-03-09
6393,Instagram,4754.0,425,2023-01-27
6394,Facebook,2870.51,141,2023-06-28
6395,Instagram,4170.38,264,2024-03-01
6396,Instagram,2137.18,487,2024-09-27
6397,Google,3427.5,100,2024-10-26
6398,Email,4351.11,377,2024-10-02
6399,Facebook,3177.74,318,2023-06-22
6400,TikTok,4728.36,358,2023-11-05
6401,Google,2526.83,237,2024-06-01
6402,Facebook,2073.85,160,2023-05-19
6403,Facebook,2584.16,79,2023-08-14
6404,TikTok,4380.99,271,2023-03-05
6405,Google,2977.76,35,2024-03-13
6406,Email,966.36,240,2024-01-02
6407,Google,88.75,102,2024-09-26
6408,Email,3952.01,457,2023-05-10
6409,Facebook,2348.68,421,2024-07-04
6410,Instagram,257.92,262,2023-10-08
6411,Instagram,1616.03,107,2024-08-05
6412,TikTok,3706.78,347,2023-10-14
6413,Email,379.88,486,2024-01-11
6414,Google,3492.88,433,2024-02-05
6415,Facebook,4610.3,169,2023-02-23
6416,Email,1686.79,134,2023-01-08
6417,Google,1634.43,485,2023-07-02
6418,Instagram,2221.8,214,2023-12-21
6419,Facebook,2463.35,416,2024-09-23
6420,Google,2550.41,433,2024-06-17
6421,Email,4549.35,468,2024-03-06
6422,Instagram,2360.52,129,2023-07-08
6423,Email,2626.75,126,2023-01-21
6424,Instagram,4318.98,225,2023-09-27
6425,Email,1003.98,125,2023-09-12
6426,Facebook,3456.07,56,2023-04-07
6427,TikTok,2490.07,193,2024-09-17
6428,Email,195.14,364,2023-10-04
6429,TikTok,4941.4,204,2023-06-28
6430,Email,2343.88,283,2024-03-07
6431,Facebook,4220.03,315,2024-10-29
6432,Email,4273.35,174,2024-11-01
6433,Google,1282.98,498,2023-08-01
6434,Google,4812.39,260,2023-09-26
6435,Facebook,4395.88,238,2023-12-07
6436,Facebook,1449.92,437,2024-05-28
6437,TikTok,3132.66,245,2024-08-12
6438,TikTok,4431.9,312,2023-05-15
6439,Email,2468.82,325,2023-01-12
6440,Google,4450.42,393,2023-02-12
6441,Google,1725.36,302,2023-12-31
6442,Facebook,2098.25,307,2024-04-06
6443,Facebook,3847.72,371,2023-10-03
6444,Facebook,3381.63,420,2024-04-01
6445,Google,1508.15,359,2023-09-21
6446,TikTok,3476.68,485,2023-06-02
6447,Instagram,4379.7,77,2024-02-13
6448,Google,3506.88,347,2024-05-06
6449,Google,2715.05,150,2023-02-06
6450,TikTok,362.2,338,2023-02-28
6451,Google,210.64,449,2023-06-27
6452,Instagram,2408.53,154,2023-04-09
6453,Facebook,2394.62,313,2023-12-22
6454,Google,3472.0,377,2023-09-14
6455,Google,3249.12,389,2023-02-20
6456,Email,3205.52,148,2023-10-17
6457,Google,4022.39,322,2024-07-22
6458,Instagram,532.59,94,2024-01-06
6459,Facebook,3395.81,66,2024-05-20
6460,Facebook,406.32,81,2023-06-09
6461,TikTok,4389.21,309,2023-07-02
6462,TikTok,2045.26,233,2024-04-25
6463,Google,1576.65,165,2023-04-29
6464,Email,771.73,343,2023-03-18
6465,Google,1969.0,254,2023-03-05
6466,TikTok,4319.91,452,2024-01-12
6467,Google,380.74,220,2023-07-03
6468,Instagram,4151.17,257,2024-11-07
6469,Facebook,4163.45,436,2023-05-16
6470,Google,1643.14,386,2024-03-23
6471,Instagram,784.35,235,2023-01-13
6472,Email,1912.78,132,2023-07-22
6473,TikTok,3395.12,482,2024-10-02
6474,Instagram,3389.54,145,2024-07-17
6475,Google,4828.4,226,2024-02-09
6476,Instagram,3006.39,403,2023-06-24
6477,Google,994.27,400,2024-06-26
6478,Facebook,1220.15,198,2023-11-13
6479,Instagram,3872.11,202,2023-06-23
6480,Google,4478.25,264,2023-03-23
6481,Email,4117.12,436,2023-08-23
6482,Facebook,4078.14,320,2024-04-24
6483,Email,2770.68,452,2023-07-04
6484,Email,2626.68,304,2023-06-24
6485,Instagram,2831.77,244,2023-05-05
6486,TikTok,2709.01,111,2024-02-22
6487,Google,1619.86,220,2024-02-18
6488,Instagram,69.9,147,2023-08-08
6489,TikTok,1729.65,295,2023-09-24
6490,TikTok,4644.24,46,2023-11-19
6491,Google,1336.45,471,2023-11-01
6492,Email,1158.37,273,2024-01-01
6493,Email,4750.41,12,2024-07-08
6494,TikTok,1645.62,371,2023-01-30
6495,Email,4642.96,38,2024-08-26
6496,Email,2949.61,298,2024-01-14
6497,Email,2356.66,428,2024-10-01
6498,Instagram,3830.49,317,2024-05-17
6499,Facebook,265.11,179,2023-10-21
6500,Facebook,548.87,183,2024-08-16
6501,Facebook,1438.07,120,2024-03-10
6502,Facebook,2831.36,372,2024-05-20
6503,TikTok,737.32,404,2023-06-21
6504,TikTok,519.73,289,2023-02-03
6505,Instagram,1091.16,97,2023-09-05
6506,Facebook,4160.52,296,2024-02-20
6507,Google,4912.39,166,2023-11-27
6508,Facebook,1486.76,395,2023-04-27
6509,TikTok,2272.07,289,2024-01-18
6510,TikTok,2168.67,339,2024-05-02
6511,Instagram,3926.88,173,2023-06-04
6512,Instagram,3929.53,152,2023-11-29
6513,Email,1644.22,208,2023-06-13
6514,Facebook,1650.86,67,2023-02-03
6515,Google,1263.47,270,2024-03-06
6516,TikTok,3021.9,166,2024-07-31
6517,Google,2584.47,358,2023-08-12
6518,Instagram,1706.37,170,2024-06-25
6519,Email,2508.03,92,2023-02-24
6520,Google,3445.3,90,2023-10-14
6521,Email,1451.82,126,2024-11-10
6522,Facebook,636.11,495,2023-11-15
6523,Google,2931.9,201,2023-08-14
6524,Google,3744.38,98,2023-03-23
6525,Email,3647.3,298,2023-06-08
6526,Email,4597.4,207,2024-05-12
6527,Google,1173.66,290,2024-02-04
6528,Google,2713.19,125,2024-08-26
6529,Instagram,4251.5,258,2023-03-21
6530,Instagram,2186.67,364,2024-07-18
6531,Instagram,930.61,459,2023-12-08
6532,Google,1311.79,200,2023-01-05
6533,Facebook,3211.36,250,2023-03-18
6534,Instagram,4667.87,183,2023-09-05
6535,Google,4382.99,154,2023-10-16
6536,Email,2062.4,208,2024-04-01
6537,TikTok,2815.88,31,2023-12-04
6538,Google,4828.96,433,2024-04-09
6539,Facebook,2768.7,470,2023-04-09
6540,Google,2192.11,253,2023-07-09
6541,Instagram,3405.3,173,2024-11-28
6542,Google,163.16,228,2024-10-15
6543,Google,3241.68,379,2024-06-02
6544,Facebook,2161.95,123,2023-12-20
6545,Instagram,2278.99,307,2024-05-05
6546,Facebook,1729.57,283,2024-01-22
6547,Facebook,231.28,165,2024-11-30
6548,Facebook,2063.01,429,2024-07-11
6549,Facebook,2566.89,266,2023-12-11
6550,Google,2742.62,164,2023-01-18
6551,Instagram,4686.83,188,2023-10-28
6552,Email,251.72,124,2024-11-24
6553,TikTok,1082.81,94,2023-12-03
6554,TikTok,4781.66,181,2024-05-14
6555,TikTok,1037.41,20,2024-08-23
6556,Google,4287.64,159,2023-08-29
6557,Facebook,4083.09,37,2024-09-24
6558,Google,4611.86,361,2024-07-09
6559,TikTok,4261.19,99,2023-04-17
6560,Email,1498.7,116,2023-08-26
6561,Google,2362.65,335,2023-01-13
6562,Instagram,4277.7,448,2023-02-02
6563,Facebook,4005.32,385,2024-04-18
6564,Google,4818.03,473,2023-07-31
6565,Instagram,627.03,297,2024-07-16
6566,TikTok,1437.6,241,2024-01-05
6567,Google,3707.19,29,2024-09-22
6568,Email,2417.43,330,2024-10-20
6569,Instagram,4353.61,378,2023-07-27
6570,TikTok,1912.47,495,2024-06-17
6571,Email,470.02,86,2023-10-26
6572,Facebook,2997.84,20,2023-11-25
6573,Email,3027.19,326,2023-08-17
6574,Instagram,997.53,380,2023-11-29
6575,Instagram,1889.98,372,2023-06-14
6576,Instagram,1462.95,342,2023-09-02
6577,TikTok,2367.13,60,2024-10-12
6578,Facebook,3336.45,490,2024-03-26
6579,Google,999.31,56,2024-10-03
6580,Instagram,4051.13,60,2024-02-06
6581,Facebook,768.48,225,2023-09-29
6582,Email,3496.3,89,2023-12-12
6583,Facebook,1414.41,153,2023-08-24
6584,Facebook,4507.41,427,2023-01-13
6585,Facebook,2124.98,322,2024-01-23
6586,Instagram,4584.29,189,2023-01-08
6587,Instagram,314.85,147,2024-05-29
6588,Google,1342.25,296,2023-09-29
6589,Facebook,1343.57,291,2023-02-13
6590,TikTok,2465.85,209,2023-09-09
6591,Facebook,3234.45,440,2023-12-05
6592,Email,3486.59,23,2024-04-27
6593,TikTok,2487.71,422,2023-08-24
6594,Email,2815.42,336,2024-02-09
6595,Instagram,3424.36,472,2023-08-04
6596,Facebook,2784.81,409,2024-05-03
6597,Google,3802.89,376,2023-12-22
6598,Google,2287.33,70,2024-11-05
6599,TikTok,4921.3,123,2023-08-09
6600,Email,1273.89,163,2024-06-12
6601,Email,3811.09,349,2023-07-24
6602,Email,4759.16,30,2024-09-09
6603,TikTok,2780.16,265,2024-07-16
6604,Instagram,4874.93,475,2024-10-09
6605,Facebook,2607.24,292,2023-02-17
6606,Email,802.73,4,2024-06-15
6607,Email,164.7,454,2024-02-07
6608,Instagram,4347.92,243,2023-08-31
6609,Instagram,2975.25,74,2024-02-28
6610,Email,194.83,442,2024-10-14
6611,Email,1832.05,124,2023-07-30
6612,Facebook,469.16,105,2024-01-03
6613,Email,2017.34,4,2024-08-16
6614,Instagram,4327.04,191,2024-09-29
6615,Google,4517.06,487,2023-12-04
6616,Email,4228.85,47,2023-06-08
6617,TikTok,4874.27,220,2023-06-04
6618,TikTok,2260.54,452,2023-01-13
6619,Google,3168.41,103,2024-04-21
6620,Email,3459.6,270,2024-08-24
6621,Facebook,4236.09,432,2023-09-09
6622,Email,2986.61,207,2024-07-25
6623,Facebook,1250.98,171,2023-07-06
6624,TikTok,224.89,396,2024-02-22
6625,TikTok,753.57,91,2023-10-16
6626,TikTok,4870.51,276,2023-09-20
6627,Email,138.46,209,2024-10-15
6628,Email,2244.45,119,2024-08-13
6629,Instagram,3748.93,430,2023-05-21
6630,Email,2190.05,494,2024-04-08
6631,TikTok,955.38,482,2024-09-15
6632,TikTok,318.29,28,2024-06-11
6633,Google,1905.6,194,2023-05-02
6634,Google,2920.48,360,2023-12-06
6635,Facebook,4058.99,211,2023-08-28
6636,Facebook,2904.82,128,2024-11-19
6637,Google,4276.02,470,2023-02-22
6638,Google,4970.8,133,2024-06-16
6639,TikTok,2126.67,88,2024-05-19
6640,Instagram,1225.56,128,2023-03-16
6641,Google,997.4,194,2023-06-06
6642,Instagram,1229.41,325,2023-07-09
6643,TikTok,1803.44,477,2024-07-10
6644,Email,1989.93,175,2024-01-27
6645,Instagram,3917.78,351,2024-10-14
6646,Google,4751.02,344,2023-06-18
6647,TikTok,2433.01,478,2024-06-22
6648,TikTok,2235.11,331,2024-01-21
6649,Email,159.67,29,2024-01-31
6650,Google,1931.15,59,2024-09-10
6651,Facebook,756.0,323,2023-08-01
6652,Google,4349.28,81,2024-01-19
6653,Email,3740.59,127,2024-04-16
6654,Google,2406.47,65,2024-05-21
6655,Email,3707.34,103,2024-07-21
6656,Email,1981.87,337,2023-06-11
6657,Email,1773.19,108,2024-02-07
6658,Facebook,3166.01,413,2024-09-19
6659,Email,4480.98,147,2024-05-28
6660,Email,4511.63,455,2023-11-25
6661,TikTok,3414.54,121,2023-05-23
6662,Email,4871.01,256,2024-10-24
6663,TikTok,855.68,448,2023-04-12
6664,Email,1177.08,102,2024-07-21
6665,Email,4181.89,282,2023-06-17
6666,Google,2211.69,338,2023-01-08
6667,Instagram,808.79,313,2023-09-03
6668,Google,1713.46,194,2024-07-25
6669,Email,247.24,131,2023-11-17
6670,Email,3391.36,476,2024-05-30
6671,Instagram,3697.29,192,2024-10-03
6672,TikTok,4557.81,165,2023-10-25
6673,TikTok,611.31,159,2024-10-21
6674,TikTok,2287.08,139,2023-07-29
6675,TikTok,2720.95,196,2024-01-10
6676,Facebook,4829.94,118,2024-10-19
6677,TikTok,1916.35,136,2024-05-01
6678,Instagram,2142.2,497,2023-08-25
6679,Instagram,3738.71,311,2024-10-01
6680,Instagram,1397.04,76,2024-02-15
6681,Google,2847.69,190,2024-02-18
6682,Email,4707.5,291,2024-01-11
6683,Facebook,4229.07,101,2024-07-31
6684,Google,3434.1,38,2023-05-15
6685,Email,3944.12,222,2023-07-16
6686,Instagram,1442.26,465,2024-05-30
6687,Email,4673.69,198,2024-06-11
6688,Email,2386.5,40,2023-09-04
6689,TikTok,3555.21,212,2024-10-08
6690,Email,1355.64,411,2024-04-29
6691,Instagram,3073.09,122,2024-01-02
6692,Facebook,3949.04,159,2023-06-15
6693,Facebook,1199.87,328,2023-11-15
6694,Facebook,3551.25,30,2023-12-16
6695,Email,1746.54,314,2024-07-01
6696,Facebook,4795.76,7,2023-10-03
6697,Google,904.39,456,2023-06-17
6698,Instagram,2757.55,45,2024-01-13
6699,Email,554.28,250,2024-05-26
6700,Instagram,1324.04,354,2024-05-21
6701,TikTok,4518.54,119,2023-06-28
6702,Google,3445.97,126,2023-01-22
6703,TikTok,1551.78,299,2023-10-31
6704,Facebook,1717.48,1,2024-07-05
6705,Email,1956.39,141,2023-11-08
6706,TikTok,57.28,268,2023-09-11
6707,TikTok,3741.5,59,2024-07-25
6708,Google,4455.74,196,2023-01-09
6709,Email,2329.13,127,2024-06-12
6710,TikTok,4166.04,178,2023-04-29
6711,Google,3464.38,33,2024-07-18
6712,Google,3053.82,374,2024-08-21
6713,TikTok,335.67,399,2023-01-30
6714,Facebook,1731.69,375,2023-11-27
6715,Facebook,2459.58,269,2024-04-15
6716,TikTok,3534.67,380,2023-11-20
6717,Google,1782.58,33,2023-01-01
6718,TikTok,2619.41,204,2023-05-14
6719,Email,3402.07,61,2024-06-18
6720,Facebook,3199.37,449,2024-06-27
6721,Google,2085.09,466,2024-02-11
6722,Email,622.7,15,2024-11-15
6723,Email,915.41,376,2024-04-20
6724,Email,203.64,129,2023-02-16
6725,Instagram,4177.65,141,2024-06-21
6726,Facebook,4026.22,167,2024-10-20
6727,Facebook,933.07,312,2024-03-13
6728,Instagram,3983.61,410,2024-07-16
6729,Instagram,3158.21,220,2024-04-21
6730,Facebook,498.61,260,2023-03-27
6731,Facebook,411.16,2,2023-01-26
6732,Facebook,2810.42,22,2024-07-25
6733,Facebook,1097.39,7,2024-04-11
6734,Google,1051.55,352,2023-02-13
6735,Google,2349.91,417,2023-02-02
6736,Facebook,3860.12,93,2023-12-12
6737,TikTok,3528.65,164,2024-06-09
6738,TikTok,1752.83,420,2024-01-22
6739,TikTok,3911.18,361,2024-08-26
6740,Email,1637.92,368,2023-02-02
6741,TikTok,3477.48,97,2024-10-31
6742,Instagram,3060.5,257,2024-08-14
6743,Instagram,1721.85,148,2023-06-13
6744,TikTok,3170.79,169,2023-12-14
6745,Google,4905.66,387,2023-05-20
6746,TikTok,4676.65,0,2023-04-14
6747,Google,3352.28,82,2023-05-18
6748,TikTok,1173.86,357,2024-09-02
6749,TikTok,4121.91,302,2023-11-14
6750,TikTok,1976.84,421,2023-01-23
6751,Instagram,2146.12,185,2024-03-26
6752,Google,4635.87,217,2023-06-16
6753,Google,3394.19,203,2023-04-19
6754,Google,1099.84,254,2023-08-10
6755,TikTok,1113.52,76,2024-02-22
6756,Email,3014.84,222,2023-03-21
6757,Email,3461.61,40,2024-11-29
6758,Instagram,3741.24,446,2024-08-21
6759,TikTok,478.09,417,2023-05-12
6760,Instagram,3817.02,101,2024-01-29
6761,Email,3904.95,240,2024-09-16
6762,Email,740.25,305,2024-03-08
6763,Facebook,1192.2,60,2024-03-13
6764,Google,1133.38,84,2024-02-10
6765,Facebook,1633.62,237,2023-05-18
6766,Email,2535.38,403,2023-11-12
6767,Email,1371.44,196,2024-04-03
6768,Facebook,3095.13,193,2023-06-20
6769,Instagram,3940.04,373,2023-12-18
6770,Google,983.97,265,2024-09-18
6771,Facebook,1793.21,357,2024-10-02
6772,Email,3193.9,489,2024-01-10
6773,TikTok,2270.62,115,2023-05-04
6774,Instagram,274.23,446,2024-01-31
6775,Facebook,2926.49,180,2024-09-02
6776,Instagram,4202.12,366,2023-05-04
6777,Email,3681.55,421,2024-03-06
6778,Google,2180.78,51,2023-12-27
6779,TikTok,3383.38,96,2023-04-05
6780,Google,3872.71,39,2023-03-19
6781,Email,4223.74,427,2024-10-27
6782,Email,555.2,348,2023-10-31
6783,Email,3754.29,204,2023-12-22
6784,Facebook,2101.68,125,2024-03-14
6785,TikTok,2194.41,172,2024-06-08
6786,Google,3722.64,466,2024-06-02
6787,TikTok,4695.39,462,2024-04-18
6788,TikTok,4216.7,417,2024-01-04
6789,Facebook,1430.49,57,2023-05-02
6790,Facebook,1376.19,152,2023-02-13
6791,Instagram,2275.88,357,2023-11-17
6792,Facebook,4571.07,317,2023-12-31
6793,Instagram,2454.28,296,2023-09-17
6794,Instagram,550.16,408,2023-04-21
6795,Instagram,4529.51,418,2024-01-30
6796,TikTok,1393.04,131,2023-12-18
6797,Email,673.97,467,2023-05-01
6798,Google,695.05,32,2024-06-21
6799,Facebook,504.93,263,2024-08-02
6800,Facebook,2575.35,446,2023-05-27
6801,Google,1949.03,152,2024-05-15
6802,Facebook,2857.86,372,2023-09-13
6803,Google,1092.64,374,2023-07-22
6804,TikTok,4167.6,269,2024-05-21
6805,Google,3580.54,33,2024-10-16
6806,TikTok,3185.88,401,2023-06-20
6807,TikTok,1950.74,237,2023-01-13
6808,Email,945.76,422,2024-09-23
6809,Google,435.47,396,2023-07-11
6810,Google,3448.84,470,2023-08-26
6811,Instagram,244.99,466,2023-05-05
6812,Instagram,2559.34,390,2024-07-14
6813,Instagram,3332.77,400,2024-07-13
6814,Email,881.15,32,2024-08-05
6815,Email,450.75,274,2024-02-09
6816,TikTok,609.46,486,2024-06-16
6817,Instagram,4255.42,17,2023-01-09
6818,Instagram,4136.56,459,2024-01-11
6819,Instagram,2113.67,89,2023-05-29
6820,Email,611.01,334,2023-03-11
6821,Facebook,857.82,213,2024-07-11
6822,Facebook,697.03,449,2024-01-29
6823,Google,3908.16,58,2023-06-22
6824,Facebook,4895.37,61,2024-11-07
6825,Facebook,306.12,129,2024-09-25
6826,Email,3844.73,499,2023-07-17
6827,Instagram,4937.88,310,2024-11-09
6828,Google,2241.57,191,2023-04-27
6829,TikTok,2688.05,474,2023-10-31
6830,TikTok,1620.04,461,2024-03-26
6831,Email,824.18,251,2023-03-12
6832,Instagram,4503.69,150,2023-02-22
6833,TikTok,763.5,162,2023-06-20
6834,Instagram,757.65,64,2024-06-03
6835,Email,2431.65,206,2024-06-17
6836,Instagram,1316.98,224,2024-08-03
6837,Google,3837.81,12,2023-07-30
6838,Email,1739.61,47,2023-01-09
6839,Facebook,2831.58,147,2023-03-22
6840,Google,4759.44,408,2024-11-29
6841,Facebook,3409.73,308,2023-07-15
6842,Facebook,3935.22,269,2024-08-27
6843,Facebook,4477.08,89,2023-02-02
6844,Instagram,674.66,461,2023-08-03
6845,TikTok,497.1,346,2024-01-18
6846,Email,384.96,411,2023-01-06
6847,TikTok,2870.2,396,2024-01-14
6848,Email,3878.92,225,2024-10-17
6849,Facebook,1449.47,248,2024-02-14
6850,TikTok,1928.71,240,2024-05-28
6851,Facebook,4812.14,319,2023-03-20
6852,Facebook,4093.19,219,2024-06-25
6853,Instagram,2736.72,401,2024-06-06
6854,Instagram,2628.79,495,2024-08-04
6855,Instagram,263.33,8,2023-01-09
6856,TikTok,1763.47,432,2023-11-10
6857,Email,2659.05,335,2024-06-04
6858,Facebook,528.4,103,2023-08-25
6859,Instagram,3031.96,440,2023-08-22
6860,TikTok,4124.32,265,2024-03-18
6861,Instagram,2004.1,83,2024-01-20
6862,Google,489.28,2,2023-12-14
6863,Google,1844.6,367,2023-10-18
6864,Google,3191.12,336,2024-03-28
6865,Facebook,3369.73,296,2024-11-16
6866,Google,3763.24,214,2023-04-23
6867,Facebook,683.81,184,2023-05-24
6868,Google,3616.2,95,2024-10-02
6869,Google,2504.79,278,2023-11-24
6870,TikTok,2715.36,2,2023-07-20
6871,Email,2406.18,439,2023-04-04
6872,Instagram,1718.88,327,2023-05-09
6873,Google,851.38,260,2023-02-18
6874,Facebook,4303.24,32,2023-04-08
6875,TikTok,1369.21,45,2023-01-22
6876,Google,2684.61,472,2023-02-06
6877,Google,719.89,212,2024-07-18
6878,Facebook,3834.64,53,2024-02-27
6879,Email,3262.63,379,2023-10-18
6880,Instagram,2863.52,303,2023-09-13
6881,TikTok,915.08,91,2024-11-10
6882,TikTok,2150.05,250,2024-08-08
6883,Email,116.41,486,2023-11-12
6884,Google,314.38,317,2023-11-11
6885,Instagram,2795.95,62,2023-12-14
6886,Google,2284.22,122,2023-08-19
6887,Facebook,4559.73,411,2024-06-17
6888,TikTok,4267.48,91,2023-02-10
6889,TikTok,2313.54,343,2024-01-10
6890,Email,2970.52,260,2023-12-29
6891,Facebook,1885.61,214,2024-06-12
6892,Instagram,1596.74,191,2024-10-13
6893,Email,3950.78,118,2024-09-05
6894,Facebook,833.25,453,2024-06-01
6895,Email,4807.96,487,2023-08-14
6896,Instagram,3951.14,445,2023-02-20
6897,Instagram,747.76,310,2024-09-17
6898,Email,2138.18,305,2023-09-30
6899,Instagram,1316.23,8,2024-07-21
6900,Email,2633.39,427,2024-09-11
6901,TikTok,2905.99,358,2023-06-13
6902,TikTok,4702.47,8,2024-11-19
6903,Email,984.44,435,2023-08-04
6904,Email,4735.19,198,2024-06-17
6905,Facebook,3345.7,93,2024-09-19
6906,TikTok,4140.4,437,2023-01-17
6907,Email,2050.31,256,2023-07-21
6908,Email,1500.1,299,2024-11-29
6909,Email,330.56,444,2023-04-16
6910,Instagram,2784.42,131,2023-05-25
6911,Email,1933.08,178,2024-02-21
6912,Instagram,3541.99,142,2023-06-07
6913,Google,1587.86,437,2023-08-18
6914,Instagram,1503.84,330,2023-04-18
6915,Email,2504.9,493,2024-02-18
6916,Email,4138.01,90,2024-02-21
6917,Google,3052.57,170,2024-08-21
6918,Email,2964.17,109,2023-08-03
6919,TikTok,3932.44,98,2023-05-07
6920,Facebook,460.6,249,2023-10-31
6921,Facebook,3117.8,347,2024-04-04
6922,Facebook,1125.9,80,2023-11-19
6923,Instagram,2496.34,146,2023-11-02
6924,Instagram,585.3,205,2024-04-05
6925,Google,3425.71,299,2024-01-07
6926,Instagram,644.91,78,2023-08-07
6927,Google,740.91,399,2024-11-09
6928,TikTok,3075.12,220,2024-08-10
6929,TikTok,2680.06,76,2024-03-26
6930,Email,136.69,351,2023-12-21
6931,Facebook,775.37,347,2023-06-06
6932,Instagram,1694.69,65,2024-09-26
6933,Google,4119.11,307,2024-01-04
6934,Facebook,3393.46,318,2024-03-19
6935,Email,1791.08,309,2024-10-01
6936,TikTok,1537.8,363,2024-06-08
6937,Google,4445.03,88,2023-02-11
6938,Instagram,3376.62,227,2023-05-02
6939,Facebook,4599.24,147,2024-09-29
6940,Email,2496.54,231,2024-03-12
6941,Email,1455.22,161,2024-02-20
6942,TikTok,2458.4,103,2023-06-11
6943,TikTok,1192.06,73,2024-02-09
6944,Email,3239.33,336,2023-08-29
6945,Instagram,296.08,453,2024-10-27
6946,Instagram,104.75,3,2023-08-16
6947,Google,4331.7,168,2024-09-03
6948,Facebook,172.63,39,2024-09-17
6949,Facebook,4089.64,27,2023-09-01
6950,TikTok,3250.78,116,2024-05-19
6951,Google,2933.01,482,2023-03-31
6952,TikTok,1294.6,229,2024-01-22
6953,Google,619.11,45,2024-07-29
6954,Facebook,232.09,380,2023-03-12
6955,Email,2740.24,251,2023-07-29
6956,TikTok,283.17,144,2023-05-11
6957,Instagram,2680.82,407,2024-09-08
6958,TikTok,1399.77,420,2024-01-18
6959,Facebook,1928.72,75,2023-07-26
6960,Google,4895.96,104,2023-04-02
6961,Email,2951.13,326,2024-01-26
6962,Instagram,270.09,463,2023-04-22
6963,Instagram,919.05,399,2024-05-16
6964,TikTok,4307.23,323,2023-11-30
6965,TikTok,4986.34,470,2024-08-21
6966,Email,1138.85,362,2024-10-09
6967,Email,2575.65,394,2023-03-14
6968,Facebook,4256.01,236,2024-04-09
6969,Facebook,3595.96,108,2024-04-01
6970,Email,4446.85,291,2023-07-19
6971,Email,4093.59,24,2024-02-09
6972,Email,3719.05,182,2023-02-14
6973,TikTok,4165.6,498,2023-08-30
6974,Email,583.0,381,2023-08-19
6975,Email,576.73,37,2024-10-03
6976,Instagram,2866.04,340,2024-08-11
6977,Instagram,3045.47,0,2024-08-29
6978,TikTok,284.02,194,2024-09-10
6979,Email,4092.08,445,2024-01-25
6980,Google,3830.12,204,2023-05-28
6981,TikTok,4602.19,319,2024-07-15
6982,Google,1546.28,147,2023-09-11
6983,Email,1552.77,27,2024-08-13
6984,TikTok,3474.82,8,2023-03-10
6985,Google,658.17,355,2023-05-31
6986,Email,4271.68,231,2023-01-04
6987,Google,3239.14,162,2024-06-30
6988,Facebook,1839.45,27,2024-10-09
6989,Google,1703.38,378,2023-04-01
6990,TikTok,2927.43,67,2023-08-11
6991,Facebook,3533.45,498,2024-05-28
6992,Facebook,177.62,304,2023-03-20
6993,Instagram,1888.54,45,2023-04-05
6994,Facebook,1728.9,262,2024-05-20
6995,Instagram,4878.26,174,2023-05-23
6996,TikTok,2289.26,50,2023-06-23
6997,Google,3359.72,124,2023-05-14
6998,Facebook,2381.95,410,2024-05-02
6999,Facebook,1595.34,479,2024-06-08
7000,TikTok,1033.42,329,2024-05-20
7001,Instagram,1796.45,338,2023-06-04
7002,Instagram,3998.81,395,2023-07-07
7003,Email,1081.66,94,2023-09-27
7004,Email,3950.26,197,2024-05-10
7005,TikTok,3386.67,417,2024-02-11
7006,TikTok,4202.01,330,2023-01-18
7007,Instagram,377.25,40,2024-01-03
7008,Email,4638.08,467,2024-06-11
7009,Facebook,1696.78,297,2024-10-05
7010,Google,3451.33,497,2023-06-29
7011,Email,549.6,141,2024-07-13
7012,Email,3877.07,113,2024-04-23
7013,TikTok,2704.78,137,2023-04-22
7014,Email,2963.44,4,2024-06-30
7015,Facebook,4323.76,101,2023-02-17
7016,Email,1832.29,198,2024-08-08
7017,Facebook,4169.77,132,2023-02-09
7018,Google,3613.0,55,2023-12-06
7019,TikTok,4582.48,311,2023-10-07
7020,Google,250.8,61,2023-08-04
7021,Facebook,3363.17,287,2024-04-04
7022,Google,1515.36,343,2024-02-08
7023,Facebook,2396.54,97,2023-01-23
7024,Google,3509.11,338,2024-05-04
7025,TikTok,2269.43,423,2024-07-18
7026,Email,2639.72,454,2024-06-14
7027,Facebook,4048.61,417,2024-06-18
7028,TikTok,3515.48,419,2023-03-10
7029,TikTok,3304.72,442,2024-10-03
7030,TikTok,2481.49,419,2023-03-22
7031,Facebook,433.16,486,2024-10-05
7032,TikTok,3193.13,85,2023-03-01
7033,TikTok,4420.62,241,2024-10-14
7034,Google,3413.85,133,2024-09-18
7035,Facebook,3812.98,490,2023-01-29
7036,Google,1643.46,477,2023-03-21
7037,Facebook,3874.02,442,2023-11-14
7038,TikTok,4973.96,476,2023-12-02
7039,Facebook,3854.61,34,2024-03-24
7040,Google,1745.95,186,2023-07-21
7041,Email,4097.5,340,2024-11-17
7042,Facebook,1507.01,381,2023-05-02
7043,Facebook,448.04,132,2023-01-06
7044,TikTok,1853.18,49,2024-04-22
7045,Google,656.09,197,2023-08-08
7046,Email,3017.97,200,2023-01-03
7047,Email,3208.64,361,2024-01-11
7048,TikTok,2528.16,119,2023-11-07
7049,Facebook,196.04,398,2024-01-12
7050,TikTok,4635.84,230,2023-03-09
7051,Instagram,2191.04,338,2024-01-20
7052,Instagram,4163.24,23,2024-01-13
7053,Instagram,2927.8,365,2023-04-06
7054,TikTok,2852.73,266,2024-09-27
7055,Facebook,4886.51,320,2024-06-15
7056,Instagram,1738.13,62,2023-11-02
7057,TikTok,2629.33,255,2024-01-04
7058,Google,1672.08,34,2024-09-15
7059,Google,175.28,327,2023-12-29
7060,TikTok,3619.25,483,2024-07-07
7061,Facebook,3818.96,425,2024-07-07
7062,TikTok,2965.44,389,2024-03-03
7063,Google,913.51,18,2024-03-18
7064,Google,1787.05,446,2023-03-18
7065,TikTok,2078.42,165,2024-11-18
7066,Facebook,632.27,206,2023-12-05
7067,Facebook,3066.81,457,2023-10-01
7068,Facebook,2109.75,474,2024-07-16
7069,Facebook,4869.04,343,2023-10-25
7070,Google,4515.58,458,2024-09-15
7071,Facebook,2788.83,264,2023-01-31
7072,Facebook,2976.52,243,2023-03-04
7073,Facebook,3937.58,83,2024-03-06
7074,TikTok,2860.2,301,2023-01-11
7075,Facebook,2029.38,432,2023-09-19
7076,Instagram,3836.14,350,2023-01-08
7077,Email,4251.13,462,2023-03-20
7078,Email,3459.27,415,2024-06-05
7079,Instagram,2420.97,410,2024-07-29
7080,Facebook,1446.76,376,2023-01-22
7081,Facebook,4840.28,105,2023-05-06
7082,TikTok,3526.15,260,2023-01-21
7083,Instagram,2607.21,320,2024-03-18
7084,TikTok,3949.48,269,2023-09-02
7085,Email,826.35,114,2024-01-03
7086,Email,2943.55,48,2024-08-18
7087,Facebook,4375.36,80,2024-01-03
7088,Email,4268.78,97,2024-11-28
7089,TikTok,1813.11,358,2023-04-23
7090,TikTok,2833.04,329,2023-06-30
7091,Instagram,3875.76,288,2024-02-25
7092,Facebook,2776.86,423,2024-04-17
7093,Google,3333.79,188,2024-01-14
7094,Email,3254.09,72,2023-08-21
7095,TikTok,245.05,90,2023-07-22
7096,Google,2945.06,157,2024-06-01
7097,Facebook,1045.64,301,2024-06-03
7098,Email,3330.65,314,2024-06-25
7099,TikTok,4982.05,490,2023-04-09
7100,Facebook,168.21,220,2024-06-30
7101,Google,1125.36,81,2024-05-04
7102,TikTok,1656.51,295,2024-09-05
7103,Email,864.12,143,2023-02-08
7104,Email,668.91,85,2024-09-21
7105,TikTok,3157.15,464,2023-08-15
7106,Email,2422.49,455,2023-05-03
7107,Google,1389.75,261,2023-06-18
7108,Facebook,4069.37,376,2023-02-18
7109,TikTok,4607.33,317,2024-06-24
7110,Google,3472.85,464,2024-04-14
7111,Google,2484.08,348,2024-04-04
7112,Facebook,3522.97,170,2024-04-29
7113,TikTok,4623.8,385,2024-05-29
7114,Google,4003.23,189,2024-01-07
7115,TikTok,3172.16,140,2024-01-16
7116,Instagram,2373.97,366,2023-09-03
7117,Facebook,1688.9,137,2023-07-12
7118,Facebook,1413.28,402,2024-05-19
7119,Google,3765.46,396,2024-11-04
7120,Email,2136.4,315,2023-10-02
7121,Instagram,1140.27,400,2024-11-07
7122,Instagram,4676.28,348,2023-08-20
7123,Instagram,1078.88,81,2024-10-01
7124,Google,4544.32,470,2024-08-12
7125,Instagram,707.79,435,2023-05-10
7126,Instagram,1214.11,141,2024-03-27
7127,Email,3676.55,125,2024-08-30
7128,Email,1168.32,271,2023-11-11
7129,Google,592.32,46,2023-12-13
7130,Facebook,1798.98,404,2024-01-27
7131,Email,4593.03,295,2023-12-28
7132,Email,544.24,97,2024-10-16
7133,TikTok,3547.29,143,2024-09-14
7134,Google,4662.18,174,2024-10-18
7135,Email,2874.1,276,2024-03-07
7136,Google,3457.42,198,2024-05-29
7137,Instagram,3335.5,477,2023-04-08
7138,Facebook,3884.96,210,2023-03-18
7139,Google,2959.77,39,2024-04-24
7140,Google,3880.63,385,2024-03-09
7141,TikTok,4725.06,194,2023-07-20
7142,Facebook,4275.49,352,2023-07-13
7143,Email,4104.81,375,2023-06-01
7144,Facebook,4558.75,278,2023-01-02
7145,Google,2536.13,59,2023-01-15
7146,Google,1293.93,370,2023-12-20
7147,Email,4671.18,343,2024-06-27
7148,Email,4132.97,403,2024-08-03
7149,Instagram,4525.82,103,2024-01-11
7150,Facebook,1095.33,387,2024-09-01
7151,Email,1488.96,202,2024-07-28
7152,Google,1804.24,473,2024-06-13
7153,Instagram,395.66,399,2024-10-29
7154,TikTok,2708.24,227,2024-11-09
7155,Email,2804.58,155,2024-09-02
7156,Facebook,1555.27,258,2023-01-10
7157,Facebook,2746.41,340,2024-05-08
7158,TikTok,2990.06,487,2023-12-26
7159,Facebook,4674.28,61,2023-11-29
7160,Google,2266.21,213,2023-01-01
7161,Google,3336.58,202,2024-01-11
7162,Facebook,1467.2,204,2023-02-28
7163,Facebook,2657.75,494,2023-12-20
7164,Instagram,2741.06,395,2023-01-19
7165,Google,3705.33,429,2024-04-01
7166,Instagram,4324.71,452,2024-07-04
7167,Facebook,923.75,10,2023-10-08
7168,Email,4178.32,459,2024-06-26
7169,Facebook,1239.96,367,2023-12-12
7170,Email,4800.14,226,2023-02-14
7171,Instagram,1825.5,167,2023-02-22
7172,Email,2644.12,222,2023-01-18
7173,Google,2609.23,92,2024-05-03
7174,TikTok,419.65,280,2024-09-03
7175,Google,3371.19,385,2023-08-23
7176,Instagram,4932.81,184,2023-08-18
7177,Email,1619.89,208,2024-02-05
7178,TikTok,1113.5,311,2024-11-17
7179,TikTok,3301.32,93,2023-11-13
7180,Email,4319.02,451,2023-03-04
7181,Facebook,4609.82,116,2023-01-04
7182,Email,638.17,476,2024-05-15
7183,TikTok,3155.68,76,2024-03-10
7184,Email,3638.8,16,2024-08-05
7185,Email,3356.02,429,2023-09-05
7186,Instagram,2528.38,228,2024-02-19
7187,Instagram,421.86,172,2024-01-09
7188,Email,1060.45,430,2023-10-25
7189,Email,4575.71,389,2023-12-13
7190,Instagram,810.24,371,2024-05-14
7191,Google,3109.34,424,2024-01-18
7192,Instagram,3623.42,349,2024-06-08
7193,Instagram,359.3,180,2024-03-17
7194,TikTok,4775.05,252,2024-03-19
7195,Google,798.99,182,2023-07-31
7196,Facebook,3461.24,364,2024-05-26
7197,Google,4816.22,334,2024-09-18
7198,TikTok,2843.18,136,2023-09-07
7199,Google,2014.91,399,2023-07-29
7200,Google,1885.88,303,2023-09-27
7201,Instagram,1858.03,356,2023-05-31
7202,Facebook,199.6,275,2023-12-31
7203,Email,3017.7,279,2023-03-09
7204,TikTok,2936.26,113,2024-01-21
7205,Google,2499.48,188,2023-10-01
7206,Facebook,238.1,478,2023-07-02
7207,TikTok,4885.31,475,2023-11-12
7208,TikTok,4537.93,231,2024-03-21
7209,Facebook,1918.88,401,2023-04-12
7210,Email,4429.84,318,2024-07-18
7211,Google,1468.95,423,2024-04-23
7212,Google,2480.58,476,2024-08-24
7213,Google,2572.54,89,2024-07-13
7214,Email,3208.38,45,2023-12-22
7215,Email,4953.22,467,2024-02-14
7216,Email,4914.02,362,2024-11-21
7217,TikTok,4211.54,130,2024-08-10
7218,Facebook,2285.59,257,2023-08-10
7219,Google,1257.14,126,2023-07-31
7220,TikTok,3837.7,249,2024-05-08
7221,Google,223.6,65,2024-09-02
7222,Instagram,4923.43,295,2024-05-02
7223,Email,3145.24,183,2023-07-01
7224,Facebook,3076.3,248,2023-04-05
7225,TikTok,1153.1,61,2024-01-25
7226,TikTok,1778.67,3,2023-01-18
7227,Facebook,2684.32,497,2023-12-07
7228,Email,2327.47,434,2023-12-16
7229,Google,3129.91,336,2023-06-05
7230,Instagram,4377.51,468,2024-08-26
7231,Google,411.11,24,2024-08-07
7232,TikTok,3996.17,417,2023-01-31
7233,Instagram,1115.87,248,2023-07-17
7234,Instagram,1448.24,40,2024-04-17
7235,Facebook,3059.35,194,2023-07-16
7236,Instagram,2076.52,110,2024-07-31
7237,TikTok,2633.36,309,2023-08-17
7238,TikTok,633.15,140,2024-02-07
7239,Facebook,1243.48,224,2023-01-07
7240,TikTok,2334.2,418,2024-08-24
7241,Facebook,3130.23,453,2023-09-18
7242,Facebook,1773.19,375,2024-09-13
7243,TikTok,1836.0,176,2023-02-12
7244,Google,2930.94,426,2023-05-15
7245,Facebook,1308.27,223,2023-07-12
7246,Facebook,459.02,209,2024-01-20
7247,Instagram,325.91,446,2024-02-10
7248,Email,376.13,380,2024-04-26
7249,Email,1161.61,58,2023-01-04
7250,Email,3543.08,105,2023-10-18
7251,Instagram,887.43,42,2023-03-12
7252,Email,2265.47,9,2023-07-29
7253,Instagram,949.97,184,2023-02-20
7254,Google,3655.54,346,2023-12-26
7255,Google,1378.63,375,2024-11-10
7256,Email,2127.5,377,2024-05-12
7257,Facebook,1996.39,174,2024-05-26
7258,Instagram,721.22,82,2024-11-21
7259,Facebook,1292.8,51,2023-04-02
7260,TikTok,295.34,463,2024-10-28
7261,Email,1947.14,207,2024-10-20
7262,TikTok,2977.49,388,2024-11-04
7263,Email,4579.85,157,2024-06-12
7264,Google,2307.22,82,2024-06-27
7265,Instagram,2132.87,86,2024-05-28
7266,Email,895.6,295,2024-01-05
7267,TikTok,2284.36,199,2023-05-07
7268,Instagram,1870.97,452,2023-06-08
7269,Google,3929.97,241,2023-02-12
7270,Instagram,4873.38,469,2023-06-24
7271,Email,4015.55,33,2023-06-21
7272,Email,3310.27,13,2024-08-20
7273,Instagram,686.88,270,2023-08-22
7274,Email,4049.39,135,2024-01-22
7275,Facebook,4958.86,404,2023-02-28
7276,Google,1169.92,142,2024-02-14
7277,TikTok,2624.7,484,2023-10-03
7278,Email,1827.51,430,2024-05-24
7279,TikTok,1807.01,330,2024-03-21
7280,Facebook,2324.0,140,2024-08-10
7281,Google,254.28,42,2023-04-10
7282,Facebook,4641.53,24,2023-02-03
7283,Google,1709.66,351,2024-06-15
7284,Email,1865.31,474,2024-01-13
7285,TikTok,2638.34,465,2023-04-18
7286,Instagram,4244.93,321,2023-08-05
7287,Google,88.0,311,2024-06-21
7288,Email,2950.94,393,2024-04-29
7289,Instagram,4590.27,192,2024-03-24
7290,TikTok,2566.76,117,2024-07-02
7291,Instagram,176.41,301,2023-01-26
7292,Instagram,2262.81,421,2024-02-06
7293,Google,3527.72,459,2023-11-22
7294,Email,4567.28,64,2023-11-29
7295,Facebook,4586.55,213,2024-03-12
7296,Facebook,3677.9,169,2023-04-17
7297,TikTok,1753.76,157,2024-11-27
7298,Email,3924.57,329,2024-01-07
7299,Email,3658.1,491,2023-03-28
7300,Facebook,3024.99,436,2024-07-14
7301,Google,1176.0,361,2023-04-27
7302,TikTok,1962.43,58,2023-04-25
7303,TikTok,4741.83,100,2024-05-01
7304,TikTok,2978.27,155,2024-02-15
7305,TikTok,3095.4,123,2024-03-05
7306,Google,3204.63,19,2023-01-02
7307,Google,2066.3,437,2024-10-25
7308,Google,1805.7,147,2023-03-18
7309,Google,1770.79,410,2023-06-28
7310,Instagram,4170.84,269,2023-08-28
7311,Email,154.57,263,2024-04-26
7312,Facebook,829.85,358,2024-08-21
7313,TikTok,367.16,362,2023-04-29
7314,Email,4094.5,437,2023-09-03
7315,Email,1798.41,301,2024-08-30
7316,Facebook,3387.55,185,2024-10-31
7317,Facebook,2510.24,1,2024-09-04
7318,Email,4789.72,4,2023-06-06
7319,Facebook,996.16,205,2023-03-15
7320,Facebook,2602.28,455,2023-01-13
7321,TikTok,1057.84,56,2023-03-23
7322,Google,3284.83,9,2023-10-19
7323,Google,3556.38,257,2023-06-14
7324,Google,3737.38,166,2024-11-09
7325,Facebook,584.11,358,2024-10-29
7326,Google,2434.89,444,2023-07-06
7327,TikTok,3230.43,287,2023-08-25
7328,Email,2371.93,110,2024-07-03
7329,Email,4040.77,76,2023-06-11
7330,TikTok,3376.0,107,2023-12-21
7331,Instagram,3939.73,205,2023-03-06
7332,Facebook,4493.01,34,2024-08-16
7333,Google,1653.04,111,2023-12-10
7334,Email,3771.35,184,2024-07-16
7335,Email,3849.52,19,2023-06-16
7336,Instagram,1865.08,275,2024-10-15
7337,Instagram,1554.61,81,2024-09-05
7338,Instagram,827.49,40,2024-03-02
7339,Google,415.01,369,2024-05-08
7340,Facebook,1968.95,178,2024-06-21
7341,Instagram,1813.81,177,2023-04-27
7342,Instagram,4740.0,182,2023-07-21
7343,Instagram,345.36,247,2023-12-05
7344,Facebook,1028.78,342,2024-02-07
7345,Instagram,3521.37,446,2023-05-04
7346,Facebook,443.6,439,2023-12-10
7347,TikTok,2424.42,412,2024-11-29
7348,TikTok,2511.12,352,2024-09-15
7349,Google,2632.67,372,2024-05-20
7350,Instagram,1384.38,132,2023-01-12
7351,Email,455.84,456,2023-11-09
7352,Google,399.37,231,2024-11-18
7353,Facebook,854.58,443,2023-07-26
7354,Instagram,4158.6,299,2023-03-28
7355,Email,308.46,314,2024-08-26
7356,Facebook,3319.15,287,2023-03-18
7357,Email,134.42,59,2023-03-21
7358,Instagram,3263.52,264,2023-03-08
7359,TikTok,3294.84,40,2023-04-11
7360,Instagram,2700.73,355,2023-01-09
7361,TikTok,4835.23,51,2024-03-03
7362,Email,2059.0,33,2023-12-10
7363,Google,510.7,89,2023-12-19
7364,Google,2093.61,274,2023-11-02
7365,Email,1240.26,17,2024-10-08
7366,TikTok,3155.45,238,2024-08-12
7367,Google,2198.43,390,2023-08-20
7368,Email,2431.43,344,2023-01-28
7369,Google,1401.38,372,2023-03-15
7370,Google,2708.55,431,2024-07-13
7371,Google,3355.44,233,2024-03-28
7372,Instagram,1208.57,123,2023-08-07
7373,Instagram,195.84,461,2023-04-05
7374,TikTok,1474.54,449,2023-02-06
7375,Email,1443.12,287,2024-02-05
7376,Email,2231.23,134,2024-01-21
7377,Google,3066.41,90,2024-08-05
7378,TikTok,3603.85,445,2023-06-16
7379,Google,332.76,226,2024-07-24
7380,Facebook,2704.08,317,2023-04-10
7381,Email,3275.73,120,2023-03-25
7382,Google,646.58,290,2024-01-09
7383,Email,3648.36,324,2023-05-26
7384,Facebook,180.99,265,2024-06-10
7385,Email,568.71,262,2023-06-18
7386,TikTok,4310.58,206,2023-02-19
7387,Email,2269.75,491,2024-04-23
7388,Email,710.62,111,2024-10-22
7389,Google,1174.09,134,2024-04-14
7390,Google,3758.12,458,2024-03-27
7391,TikTok,279.81,346,2023-01-21
7392,Email,3904.81,269,2023-06-27
7393,Email,2053.35,94,2023-06-27
7394,Google,1290.63,74,2024-02-06
7395,TikTok,4879.41,267,2024-04-17
7396,Instagram,4428.32,123,2024-03-31
7397,Google,4982.97,13,2023-12-17
7398,Instagram,1509.09,71,2023-01-20
7399,Google,3692.23,417,2023-12-28
7400,Instagram,1921.42,30,2023-06-09
7401,Facebook,3070.9,27,2023-12-11
7402,Facebook,3299.79,8,2024-07-13
7403,TikTok,2052.77,227,2023-04-04
7404,Instagram,3469.4,492,2024-09-16
7405,Instagram,2393.45,98,2023-02-15
7406,Google,2029.88,343,2023-10-21
7407,Email,4902.16,213,2023-10-11
7408,Google,616.07,93,2023-04-19
7409,Email,4320.55,108,2024-09-17
7410,TikTok,1842.36,113,2024-01-28
7411,TikTok,3559.58,379,2024-11-10
7412,Google,3465.86,254,2023-05-05
7413,Email,139.51,441,2024-09-15
7414,Instagram,2703.07,290,2023-01-24
7415,Google,4440.82,461,2024-10-18
7416,Email,1160.88,485,2023-12-07
7417,Instagram,4311.77,193,2024-02-28
7418,Google,1642.28,434,2023-02-04
7419,TikTok,1984.96,209,2024-05-15
7420,Facebook,992.45,105,2024-02-27
7421,Instagram,1945.57,267,2024-03-13
7422,Google,748.0,262,2023-01-19
7423,Facebook,3338.66,406,2023-10-24
7424,Email,929.78,340,2023-04-25
7425,Google,4385.87,247,2023-10-26
7426,Facebook,1619.47,372,2023-11-20
7427,TikTok,624.77,22,2023-12-29
7428,Facebook,1947.76,333,2024-02-25
7429,TikTok,4347.03,172,2024-11-01
7430,Instagram,2048.54,114,2023-07-13
7431,Email,1853.73,351,2024-04-30
7432,Facebook,4496.73,87,2023-06-15
7433,TikTok,2325.7,234,2024-07-31
7434,Google,4714.94,164,2024-01-20
7435,TikTok,1596.11,52,2023-12-23
7436,Facebook,68.64,375,2024-04-18
7437,Email,3685.97,196,2023-08-31
7438,Google,2249.33,188,2024-03-16
7439,Email,3017.14,421,2024-10-15
7440,TikTok,3110.14,208,2023-11-20
7441,Email,4964.14,496,2023-08-16
7442,Facebook,4721.64,379,2024-01-02
7443,Instagram,4995.7,383,2023-06-22
7444,Instagram,2595.64,434,2024-07-24
7445,Instagram,1664.73,106,2024-03-20
7446,Instagram,3517.63,117,2024-02-19
7447,TikTok,1783.27,309,2023-12-04
7448,Email,198.4,239,2024-09-24
7449,Google,894.41,249,2023-03-20
7450,Google,782.57,68,2024-07-19
7451,Email,4722.79,318,2024-04-03
7452,Email,4784.5,489,2024-04-06
7453,TikTok,1126.91,337,2023-07-31
7454,Instagram,1530.1,33,2023-01-20
7455,TikTok,3131.78,250,2023-12-02
7456,Facebook,1128.27,261,2023-10-17
7457,Email,3460.66,367,2024-01-24
7458,Email,4272.71,200,2023-02-13
7459,Google,3080.09,71,2023-08-01
7460,Facebook,3210.35,241,2024-06-20
7461,Google,993.36,48,2023-08-09
7462,Email,1603.03,311,2024-11-02
7463,Instagram,1557.43,327,2023-04-13
7464,TikTok,2488.24,461,2023-02-24
7465,Instagram,2548.49,134,2024-08-12
7466,Email,1347.42,9,2023-02-14
7467,Instagram,4514.05,143,2024-06-29
7468,Facebook,4515.99,369,2023-01-23
7469,Facebook,3358.69,69,2024-08-06
7470,TikTok,1287.97,57,2023-06-11
7471,Facebook,1192.0,86,2023-02-22
7472,Email,1507.66,164,2024-11-30
7473,Email,486.98,47,2023-04-23
7474,Google,1767.82,117,2023-09-22
7475,Instagram,509.15,245,2023-01-07
7476,Facebook,2354.39,110,2023-06-25
7477,TikTok,3352.84,274,2024-11-10
7478,TikTok,1947.11,190,2024-01-16
7479,Email,4095.54,263,2024-05-22
7480,Instagram,1661.43,351,2024-03-15
7481,TikTok,3411.31,195,2023-12-31
7482,Email,3323.23,386,2023-11-03
7483,Instagram,4008.1,101,2024-04-27
7484,Instagram,1424.75,26,2024-01-03
7485,Email,2487.16,377,2024-03-19
7486,TikTok,2759.23,187,2023-08-17
7487,Facebook,2738.3,256,2023-10-15
7488,Google,1728.36,80,2023-01-11
7489,Google,3626.55,351,2024-08-02
7490,Facebook,4452.17,436,2024-02-20
7491,Google,941.61,373,2023-01-07
7492,Google,1312.99,157,2023-12-03
7493,Instagram,3041.61,36,2024-03-04
7494,TikTok,4326.34,418,2023-05-25
7495,TikTok,4794.55,230,2023-04-06
7496,Facebook,1409.56,34,2024-06-13
7497,Email,2763.7,380,2023-05-26
7498,Email,4035.11,61,2024-03-25
7499,Instagram,2963.51,79,2023-01-07
7500,Instagram,3418.95,419,2023-04-07
7501,Facebook,3499.13,347,2024-02-25
7502,Google,3298.65,369,2024-01-05
7503,Facebook,3923.04,196,2024-01-02
7504,Instagram,378.46,338,2023-12-26
7505,Google,4461.96,390,2024-08-09
7506,Facebook,2027.84,19,2024-07-13
7507,Instagram,2807.9,216,2024-09-19
7508,TikTok,4761.05,166,2023-12-08
7509,Email,3892.97,105,2023-11-28
7510,Email,1360.84,166,2023-09-08
7511,TikTok,2424.39,222,2023-03-15
7512,Email,1979.85,37,2023-01-21
7513,TikTok,2938.45,149,2023-08-19
7514,Instagram,1217.77,85,2024-10-06
7515,Instagram,3754.55,108,2024-05-30
7516,Facebook,4742.61,419,2024-10-25
7517,Email,340.27,333,2024-01-02
7518,Instagram,2219.3,428,2024-08-07
7519,Email,4069.87,7,2024-03-15
7520,Instagram,1107.12,292,2023-11-22
7521,Facebook,1595.53,164,2023-03-23
7522,Instagram,3062.83,63,2024-11-16
7523,Email,3732.68,419,2023-06-28
7524,Facebook,1160.75,368,2024-07-30
7525,TikTok,2658.58,62,2023-06-08
7526,Facebook,3311.48,222,2023-04-28
7527,Email,1546.61,18,2024-05-07
7528,Email,3021.47,451,2024-06-07
7529,TikTok,3142.58,370,2024-01-16
7530,TikTok,1276.5,299,2023-12-25
7531,Instagram,192.54,22,2024-06-30
7532,Google,3466.11,313,2024-08-20
7533,Facebook,464.31,438,2023-03-04
7534,Facebook,186.52,418,2023-02-16
7535,Google,2436.94,177,2024-02-12
7536,Email,4113.92,0,2023-05-13
7537,TikTok,4609.41,466,2023-06-17
7538,Facebook,1778.84,230,2023-11-28
7539,Email,3392.04,219,2023-04-11
7540,Instagram,4554.9,279,2023-07-16
7541,Email,1049.41,41,2023-11-12
7542,Facebook,2251.37,89,2023-11-15
7543,Instagram,2610.29,100,2023-07-09
7544,Facebook,2174.27,447,2024-05-31
7545,Google,4365.66,218,2024-06-06
7546,Email,2959.72,134,2024-05-26
7547,TikTok,3439.18,261,2023-04-06
7548,TikTok,3631.54,480,2024-10-19
7549,Email,398.71,69,2023-03-30
7550,Google,3089.65,234,2023-02-05
7551,Google,505.17,339,2023-10-23
7552,Google,4624.26,393,2024-02-26
7553,Instagram,4413.24,164,2024-09-13
7554,Instagram,796.88,103,2024-01-06
7555,Email,3291.95,85,2023-01-19
7556,Instagram,728.28,477,2023-11-14
7557,Instagram,3658.03,472,2023-05-05
7558,TikTok,2499.49,347,2023-01-04
7559,Email,2770.94,267,2024-09-25
7560,TikTok,3004.66,334,2023-06-22
7561,Google,3128.56,318,2024-01-12
7562,TikTok,1447.83,146,2023-05-29
7563,Google,156.22,163,2024-02-13
7564,Instagram,1936.17,264,2023-04-17
7565,Instagram,4043.99,311,2024-08-10
7566,Instagram,1137.85,405,2023-11-24
7567,Facebook,4651.62,200,2023-11-08
7568,Facebook,4435.31,414,2023-12-06
7569,Google,2091.82,432,2024-11-17
7570,Google,4450.38,152,2024-07-30
7571,Instagram,1215.09,366,2023-05-21
7572,TikTok,4193.58,33,2024-01-18
7573,Email,3619.85,162,2023-12-08
7574,Email,591.59,369,2023-04-03
7575,Facebook,2263.25,133,2024-04-12
7576,TikTok,4192.32,55,2024-05-16
7577,Email,3749.62,185,2023-09-09
7578,Google,3481.41,125,2023-06-15
7579,Facebook,3750.8,256,2023-11-03
7580,TikTok,1619.43,117,2023-04-03
7581,Email,2373.71,60,2024-09-27
7582,Google,2803.45,142,2023-08-30
7583,Instagram,1135.4,28,2023-08-25
7584,Instagram,1296.25,339,2024-04-12
7585,Instagram,2843.72,140,2024-01-22
7586,Email,4476.49,180,2023-08-21
7587,Instagram,2315.64,351,2023-03-17
7588,Email,1211.51,286,2023-04-03
7589,Google,3371.37,159,2023-06-12
7590,Instagram,3561.36,460,2023-01-22
7591,Email,4586.62,481,2023-07-10
7592,Google,2693.7,289,2023-10-08
7593,TikTok,4381.55,38,2023-08-03
7594,Email,2938.7,471,2023-05-24
7595,Email,2074.66,63,2024-07-15
7596,Email,693.48,364,2024-02-02
7597,Email,1312.8,11,2024-05-23
7598,TikTok,2306.2,496,2024-11-21
7599,Facebook,2435.96,366,2024-09-26
7600,Google,2514.87,47,2023-11-01
7601,Google,4011.81,0,2023-11-02
7602,TikTok,3954.53,327,2024-02-02
7603,Email,4315.64,347,2023-04-27
7604,Google,3151.52,100,2024-02-16
7605,Instagram,3475.01,37,2024-06-03
7606,Instagram,388.58,315,2024-01-30
7607,TikTok,866.1,288,2024-10-13
7608,Google,2841.43,33,2023-10-31
7609,Facebook,691.14,66,2023-04-11
7610,Google,601.69,137,2023-02-02
7611,Google,3967.6,277,2023-07-12
7612,Google,2579.12,369,2024-09-24
7613,Google,549.78,476,2023-02-22
7614,Email,1357.38,443,2024-10-01
7615,Facebook,3947.56,263,2023-02-27
7616,TikTok,4899.65,217,2024-10-05
7617,Email,4419.72,423,2023-10-16
7618,Google,2624.27,149,2024-07-07
7619,Google,4554.91,73,2024-11-22
7620,Instagram,4531.8,45,2023-04-03
7621,Facebook,2414.94,424,2024-03-04
7622,Google,2234.84,421,2023-02-03
7623,Google,2438.77,374,2023-07-05
7624,Google,4003.94,302,2023-07-19
7625,Google,853.7,314,2023-06-01
7626,TikTok,753.12,334,2023-09-22
7627,Google,3814.39,9,2023-05-15
7628,Facebook,2983.34,349,2023-01-31
7629,Email,1013.15,339,2024-02-12
7630,TikTok,4611.4,443,2024-07-20
7631,Instagram,1472.84,135,2023-11-20
7632,Google,2566.48,62,2024-05-15
7633,Facebook,379.98,26,2023-03-16
7634,Google,1657.72,271,2024-01-22
7635,Google,1256.69,468,2024-06-12
7636,Instagram,2320.62,4,2024-08-18
7637,Email,3022.15,262,2023-03-13
7638,Facebook,2218.89,61,2023-03-27
7639,Instagram,67.13,350,2023-04-06
7640,TikTok,492.63,44,2024-08-07
7641,Google,4338.55,93,2023-07-19
7642,Facebook,2734.5,279,2023-08-20
7643,Facebook,2300.91,476,2023-01-24
7644,Instagram,1721.23,41,2023-10-30
7645,Facebook,4474.6,318,2023-01-17
7646,Facebook,4371.41,300,2024-04-02
7647,TikTok,4661.21,322,2024-11-26
7648,Facebook,3080.96,83,2024-09-27
7649,Instagram,1495.66,218,2023-01-03
7650,Google,346.43,346,2024-02-14
7651,TikTok,4050.29,113,2023-08-02
7652,Email,914.48,304,2023-05-13
7653,Email,670.48,460,2024-05-22
7654,TikTok,2191.24,275,2023-04-23
7655,Email,1954.32,467,2024-01-05
7656,Instagram,418.66,182,2024-08-05
7657,TikTok,2319.91,336,2023-01-05
7658,Instagram,2243.89,77,2023-07-07
7659,Instagram,1085.78,47,2024-11-26
7660,Email,4045.33,96,2024-05-15
7661,Facebook,1665.86,31,2024-08-28
7662,Facebook,2519.89,287,2024-06-20
7663,Facebook,4520.29,491,2023-12-14
7664,Email,4551.5,373,2024-04-04
7665,Google,2981.01,299,2023-03-09
7666,Facebook,764.02,237,2023-10-07
7667,Instagram,165.43,212,2023-01-27
7668,Google,3379.19,210,2023-08-13
7669,Instagram,191.63,16,2023-08-02
7670,Facebook,1646.42,162,2024-03-19
7671,Facebook,505.03,212,2024-06-30
7672,Google,2605.85,374,2023-08-22
7673,TikTok,2054.55,403,2024-02-27
7674,Instagram,1694.73,207,2024-03-06
7675,Google,1954.98,266,2024-10-22
7676,Email,460.58,207,2024-02-14
7677,Instagram,2070.34,210,2024-06-08
7678,Facebook,1676.19,148,2023-01-28
7679,Instagram,4462.96,160,2024-05-09
7680,Instagram,2050.5,6,2024-04-15
7681,Google,3115.47,290,2023-09-07
7682,Email,1536.58,76,2023-12-26
7683,Facebook,4058.05,264,2024-08-26
7684,Facebook,836.81,346,2024-07-30
7685,Instagram,1069.75,30,2023-08-10
7686,Google,2772.68,223,2024-04-02
7687,Email,80.92,217,2024-01-16
7688,Facebook,1506.14,430,2023-08-16
7689,Facebook,3922.26,354,2024-07-28
7690,Facebook,2591.47,366,2023-01-03
7691,TikTok,2117.44,260,2023-05-01
7692,TikTok,717.99,299,2024-11-02
7693,TikTok,286.28,360,2023-10-07
7694,Email,462.67,219,2023-12-12
7695,Email,1925.16,83,2024-03-10
7696,Facebook,3777.27,370,2023-09-02
7697,Facebook,4899.78,70,2023-03-25
7698,Facebook,1339.18,281,2023-04-14
7699,TikTok,2769.27,437,2024-01-26
7700,Google,97.41,285,2023-03-02
7701,Facebook,4682.07,118,2024-03-11
7702,TikTok,1876.9,10,2024-03-12
7703,Google,2098.88,374,2023-05-08
7704,Facebook,1063.98,447,2023-06-17
7705,Email,1767.59,416,2024-11-22
7706,Instagram,1140.74,43,2023-01-20
7707,Facebook,256.13,265,2023-04-08
7708,Google,4242.03,374,2023-09-21
7709,Email,4513.89,458,2023-07-11
7710,TikTok,4595.96,19,2023-09-11
7711,Facebook,2798.72,251,2024-03-19
7712,Google,2659.21,268,2023-12-16
7713,TikTok,4895.07,360,2024-10-04
7714,Facebook,4721.66,468,2023-03-03
7715,TikTok,3921.91,94,2024-07-05
7716,TikTok,4548.51,463,2024-10-31
7717,Facebook,2204.62,127,2023-08-05
7718,Facebook,2951.22,159,2024-05-31
7719,Google,918.26,246,2024-07-17
7720,Google,1680.86,387,2023-05-24
7721,Google,3423.68,466,2023-03-13
7722,Facebook,4130.43,457,2024-01-11
7723,Email,4752.02,60,2023-08-21
7724,Instagram,3951.19,238,2024-08-20
7725,Email,2118.24,67,2023-09-11
7726,Instagram,1345.31,70,2024-03-08
7727,Facebook,2229.59,408,2024-10-28
7728,Instagram,2599.31,424,2023-04-12
7729,TikTok,123.45,83,2024-07-12
7730,Email,1695.48,2,2023-12-10
7731,Instagram,877.81,284,2024-01-27
7732,Instagram,78.9,167,2024-10-27
7733,Email,417.17,415,2023-11-28
7734,TikTok,4907.21,386,2023-10-17
7735,Instagram,4915.58,272,2023-09-26
7736,Google,537.33,113,2023-03-13
7737,TikTok,441.69,42,2024-04-10
7738,Google,3138.23,452,2024-05-04
7739,TikTok,3071.83,63,2023-09-25
7740,Facebook,3699.09,348,2024-05-05
7741,TikTok,4796.88,37,2024-07-23
7742,Email,2027.86,185,2024-07-05
7743,Instagram,2188.76,10,2023-02-15
7744,TikTok,1428.08,496,2023-12-07
7745,TikTok,475.87,462,2024-04-29
7746,Google,974.77,376,2023-11-24
7747,Facebook,2148.69,137,2024-03-21
7748,Instagram,489.9,117,2024-10-18
7749,Google,119.28,47,2024-06-07
7750,Instagram,858.15,76,2023-09-03
7751,Google,459.9,134,2024-06-08
7752,TikTok,2059.23,105,2024-11-13
7753,Email,764.84,431,2023-08-16
7754,TikTok,1562.56,406,2023-09-11
7755,Google,608.46,277,2023-02-10
7756,Email,2328.73,344,2023-03-23
7757,Instagram,2207.63,6,2023-07-16
7758,Facebook,4604.52,314,2023-07-03
7759,Email,1485.86,74,2024-10-05
7760,Google,4546.04,418,2023-03-27
7761,TikTok,1010.27,466,2024-01-26
7762,Email,3675.15,425,2023-07-01
7763,Facebook,2736.79,89,2024-06-23
7764,Email,2885.51,224,2024-05-26
7765,Facebook,916.09,390,2023-05-07
7766,Instagram,972.71,62,2024-09-03
7767,Instagram,368.99,246,2023-07-26
7768,TikTok,2603.37,308,2024-04-05
7769,Facebook,865.65,499,2023-12-23
7770,Email,3006.15,429,2023-10-11
7771,TikTok,2977.69,424,2023-07-10
7772,TikTok,2718.86,447,2023-06-05
7773,Email,3619.9,122,2023-09-28
7774,Email,1112.63,359,2023-12-02
7775,TikTok,2098.84,136,2023-02-12
7776,Instagram,3142.76,25,2024-04-08
7777,Instagram,1638.11,318,2024-06-18
7778,Facebook,223.04,188,2024-02-14
7779,Facebook,384.68,142,2023-03-09
7780,Google,2731.99,130,2023-12-13
7781,Email,2032.28,160,2024-09-02
7782,Email,2804.01,379,2024-11-27
7783,TikTok,4751.39,485,2024-08-09
7784,Google,4793.51,138,2023-06-09
7785,TikTok,4162.58,364,2023-12-13
7786,Google,2180.91,26,2024-07-14
7787,TikTok,124.86,491,2023-05-09
7788,Facebook,185.3,72,2024-01-16
7789,Instagram,4681.19,338,2023-11-21
7790,Instagram,1567.42,207,2023-05-03
7791,Instagram,1652.83,459,2023-10-23
7792,Facebook,1631.81,413,2024-04-26
7793,Instagram,4586.2,157,2024-06-15
7794,Facebook,1387.62,386,2024-07-19
7795,Email,2396.4,138,2024-09-09
7796,Google,3149.02,483,2024-02-18
7797,Facebook,2350.5,331,2024-08-17
7798,TikTok,1404.37,250,2023-05-01
7799,Google,1254.64,20,2024-04-29
7800,Google,149.65,358,2023-12-28
7801,Facebook,3903.27,476,2023-06-28
7802,TikTok,3852.32,263,2023-05-28
7803,Google,3410.47,435,2023-02-07
7804,Google,1824.33,354,2024-05-14
7805,TikTok,4234.85,195,2023-01-11
7806,Facebook,135.08,112,2023-06-11
7807,TikTok,4995.58,480,2023-08-28
7808,Instagram,1631.58,138,2023-03-09
7809,Facebook,4221.24,295,2024-08-05
7810,Email,4150.51,463,2023-10-27
7811,Facebook,703.48,108,2023-09-21
7812,Instagram,4789.93,298,2024-03-14
7813,TikTok,803.83,429,2023-07-31
7814,Google,903.0,236,2023-06-01
7815,Facebook,3719.22,162,2024-03-21
7816,Email,959.45,213,2024-01-27
7817,Email,811.82,283,2024-03-30
7818,Instagram,4225.89,425,2023-03-10
7819,Facebook,2227.26,47,2023-03-05
7820,Google,3726.28,337,2023-05-10
7821,Email,398.55,4,2023-01-03
7822,Google,4975.96,314,2024-03-01
7823,Email,2360.95,377,2023-04-28
7824,Instagram,367.13,151,2023-09-16
7825,TikTok,4305.45,255,2023-02-23
7826,Email,4441.61,433,2023-02-08
7827,Instagram,4780.21,196,2024-05-19
7828,TikTok,2931.64,177,2024-06-21
7829,TikTok,2263.29,275,2023-08-20
7830,Google,2515.91,470,2024-04-15
7831,Facebook,748.24,497,2023-07-23
7832,Facebook,458.3,443,2024-04-12
7833,TikTok,3188.51,186,2023-02-21
7834,Google,804.75,294,2023-05-27
7835,Instagram,3670.17,9,2023-11-12
7836,Email,2054.76,401,2024-02-25
7837,Facebook,646.5,161,2023-08-05
7838,TikTok,3906.94,152,2024-10-02
7839,Google,706.6,219,2024-08-24
7840,Google,3574.61,327,2023-10-10
7841,Google,2746.97,465,2023-02-03
7842,Facebook,1395.34,41,2023-08-14
7843,Facebook,1688.26,437,2023-08-29
7844,Google,2380.71,313,2023-04-30
7845,Instagram,2244.21,207,2023-12-28
7846,Instagram,4725.87,440,2024-11-07
7847,Facebook,1154.11,46,2023-01-04
7848,Facebook,1604.54,206,2023-11-08
7849,Facebook,529.7,305,2024-05-10
7850,Facebook,796.48,96,2024-07-01
7851,Facebook,2160.98,237,2024-05-11
7852,Instagram,993.41,82,2023-10-16
7853,Email,2328.51,117,2023-05-24
7854,Google,1463.93,196,2024-09-19
7855,TikTok,3654.86,364,2023-08-05
7856,Email,4397.09,126,2024-08-09
7857,Instagram,2874.52,460,2024-06-08
7858,Email,2271.94,456,2023-01-13
7859,Facebook,4645.47,31,2024-03-17
7860,Google,4649.99,108,2024-09-29
7861,Facebook,293.42,53,2023-04-29
7862,Google,1252.48,441,2024-10-16
7863,TikTok,3293.46,153,2024-09-26
7864,Facebook,4099.06,141,2023-02-15
7865,Email,4732.33,471,2023-02-07
7866,Facebook,3928.22,63,2023-02-12
7867,TikTok,3836.05,409,2023-11-02
7868,Instagram,2721.38,270,2024-03-23
7869,Email,1933.11,32,2023-03-03
7870,Instagram,1202.44,14,2024-05-09
7871,Facebook,4849.52,256,2024-03-30
7872,Email,4346.32,408,2023-07-17
7873,TikTok,901.53,177,2023-08-06
7874,TikTok,128.93,122,2024-06-07
7875,Email,3735.56,283,2023-05-09
7876,Instagram,2361.02,276,2023-07-19
7877,Email,2292.06,254,2024-05-28
7878,Facebook,3664.58,26,2024-09-09
7879,Instagram,4758.3,244,2023-04-13
7880,Instagram,1857.71,369,2023-08-05
7881,Instagram,1025.94,443,2024-03-21
7882,Email,182.13,116,2024-01-10
7883,TikTok,2185.04,401,2023-12-31
7884,Instagram,1469.62,2,2024-05-05
7885,TikTok,4937.29,321,2023-09-03
7886,TikTok,2839.53,54,2024-05-04
7887,TikTok,4526.84,160,2024-11-16
7888,TikTok,1348.27,152,2024-06-07
7889,Email,4648.0,489,2023-07-07
7890,TikTok,2792.08,359,2023-02-08
7891,Instagram,518.94,57,2023-06-24
7892,Facebook,939.6,166,2023-05-06
7893,Instagram,136.71,142,2024-06-23
7894,Facebook,289.8,144,2023-11-06
7895,Google,2861.0,72,2024-09-28
7896,Instagram,4025.85,223,2024-07-27
7897,Email,4838.93,183,2024-07-31
7898,Google,4057.63,226,2023-02-26
7899,TikTok,3007.11,17,2024-10-08
7900,Facebook,1343.2,61,2023-05-09
7901,Instagram,2379.94,423,2023-12-03
7902,Facebook,3928.78,229,2024-07-17
7903,Google,2081.54,86,2023-03-10
7904,Instagram,1496.84,50,2023-02-04
7905,Google,1161.37,198,2024-06-30
7906,Email,2860.91,414,2024-07-20
7907,TikTok,4709.23,237,2024-04-20
7908,Instagram,277.28,444,2024-06-19
7909,TikTok,2586.76,408,2023-12-01
7910,Google,3771.96,385,2023-08-13
7911,Facebook,1260.6,420,2023-07-30
7912,Email,2965.39,260,2023-10-03
7913,Instagram,1149.9,216,2024-03-15
7914,Instagram,3712.24,395,2023-12-03
7915,Google,4462.01,268,2023-03-11
7916,Email,2578.69,265,2024-03-01
7917,Email,4673.75,114,2023-10-10
7918,Email,3334.69,443,2023-08-22
7919,Instagram,2548.86,247,2024-06-04
7920,Email,1602.83,138,2024-02-22
7921,Email,3349.6,219,2023-09-05
7922,Email,956.37,329,2024-10-15
7923,Instagram,1891.6,51,2023-09-18
7924,Instagram,4647.4,0,2024-02-09
7925,Instagram,3716.87,152,2023-02-15
7926,Facebook,4336.85,428,2023-10-12
7927,TikTok,209.84,360,2023-10-05
7928,TikTok,2203.67,54,2024-03-01
7929,Instagram,1553.77,13,2024-10-04
7930,TikTok,1244.19,118,2024-03-18
7931,Google,3208.15,329,2024-06-07
7932,Google,283.97,300,2023-06-16
7933,Facebook,4282.93,156,2023-01-28
7934,Email,1201.31,235,2023-07-23
7935,Instagram,2212.0,74,2024-06-27
7936,TikTok,1934.86,87,2023-10-31
7937,Facebook,3961.95,170,2023-09-04
7938,Instagram,498.45,210,2023-03-27
7939,Instagram,4156.5,411,2024-02-06
7940,Instagram,4918.58,324,2023-07-10
7941,Instagram,2110.58,27,2024-04-16
7942,Email,4126.69,174,2023-02-09
7943,Facebook,1152.38,393,2023-06-24
7944,Instagram,4024.78,337,2023-11-06
7945,Facebook,4499.38,211,2023-06-13
7946,TikTok,3500.02,119,2024-05-16
7947,TikTok,4899.94,251,2024-11-11
7948,Instagram,660.92,290,2024-07-21
7949,Instagram,2353.14,70,2024-02-14
7950,Email,3347.34,137,2023-12-14
7951,Instagram,3358.29,265,2023-07-14
7952,Email,2424.71,48,2024-10-10
7953,Facebook,2948.01,258,2023-09-08
7954,Facebook,4088.58,299,2024-08-20
7955,Email,3774.92,279,2023-07-25
7956,Instagram,1053.5,359,2024-01-03
7957,TikTok,3722.36,293,2023-06-18
7958,Email,1368.68,171,2024-06-25
7959,TikTok,1956.96,101,2024-09-07
7960,Instagram,3776.54,478,2023-11-24
7961,Google,4455.16,25,2023-11-23
7962,Facebook,3159.55,447,2024-08-25
7963,Email,1913.03,124,2024-06-06
7964,Email,423.09,248,2023-04-21
7965,Email,4613.66,194,2024-03-17
7966,Facebook,989.62,304,2024-03-14
7967,Email,789.08,30,2023-10-15
7968,Instagram,1633.38,311,2024-10-28
7969,Google,3390.26,466,2023-07-11
7970,Instagram,3078.66,148,2024-03-21
7971,TikTok,836.38,147,2023-01-21
7972,Google,3501.77,220,2023-09-28
7973,Google,1528.95,78,2023-10-06
7974,Google,3119.58,237,2024-01-10
7975,TikTok,3631.82,312,2023-08-28
7976,TikTok,1504.17,124,2023-02-18
7977,Email,3610.29,323,2024-06-29
7978,Facebook,3498.68,478,2024-08-02
7979,Google,2352.95,28,2024-02-03
7980,Google,1884.73,341,2023-03-11
7981,Facebook,3892.5,220,2024-05-10
7982,Facebook,2977.98,381,2024-01-15
7983,Facebook,4628.36,136,2024-01-18
7984,Instagram,3904.47,278,2023-12-29
7985,Google,988.46,376,2023-09-17
7986,Instagram,1473.62,149,2024-07-02
7987,Facebook,1226.06,369,2024-08-17
7988,Email,673.05,220,2023-05-28
7989,Facebook,412.46,229,2023-03-06
7990,TikTok,3183.68,485,2023-02-25
7991,Instagram,2719.49,415,2023-11-21
7992,TikTok,2845.7,267,2023-03-29
7993,Instagram,320.47,407,2023-10-23
7994,Email,4401.01,80,2023-07-01
7995,Google,906.7,294,2023-11-19
7996,Instagram,524.71,226,2023-11-03
7997,TikTok,4827.28,38,2023-05-31
7998,Facebook,1645.47,436,2024-03-02
7999,Facebook,2725.1,160,2023-04-28
8000,Email,4698.1,116,2023-03-31
8001,TikTok,4351.49,133,2024-10-11
8002,Google,4978.17,388,2024-02-18
8003,TikTok,2953.43,3,2023-10-14
8004,TikTok,99.71,30,2023-01-05
8005,Email,4549.74,440,2023-09-11
8006,Google,662.19,476,2023-05-30
8007,TikTok,3355.98,289,2023-02-09
8008,Google,1979.44,54,2024-11-30
8009,Email,2266.09,150,2024-03-27
8010,Instagram,2853.33,190,2024-05-30
8011,Email,1739.63,348,2023-03-15
8012,TikTok,636.9,207,2023-12-11
8013,TikTok,229.72,475,2023-03-22
8014,TikTok,3352.09,320,2023-06-05
8015,Google,2146.5,313,2023-05-22
8016,Google,4897.59,378,2023-06-25
8017,TikTok,366.7,33,2023-12-15
8018,Email,3266.92,403,2023-11-02
8019,Instagram,3722.16,172,2024-06-10
8020,TikTok,4479.89,224,2023-07-01
8021,Email,2696.29,487,2024-05-15
8022,Email,1993.07,110,2024-10-17
8023,Google,4255.58,199,2024-01-08
8024,Google,1057.7,474,2023-06-03
8025,Instagram,3790.9,241,2023-10-02
8026,Instagram,4693.47,302,2024-01-17
8027,Facebook,4991.25,469,2023-01-01
8028,TikTok,1162.81,195,2023-11-12
8029,Google,935.37,328,2023-08-31
8030,Email,4168.78,391,2024-09-10
8031,Google,3376.86,493,2024-03-25
8032,Email,4997.9,494,2023-05-27
8033,Google,55.62,487,2024-01-02
8034,TikTok,2215.61,94,2023-06-18
8035,Instagram,4234.15,447,2024-08-08
8036,Instagram,2621.48,176,2024-10-22
8037,Google,794.32,25,2024-03-03
8038,Facebook,3028.77,30,2024-07-07
8039,Facebook,1913.12,359,2023-09-12
8040,Facebook,824.24,427,2023-04-16
8041,TikTok,278.63,17,2024-11-25
8042,TikTok,154.55,131,2023-04-11
8043,Instagram,1554.99,448,2024-11-11
8044,Google,1997.97,402,2024-08-03
8045,TikTok,4297.89,332,2024-07-11
8046,Facebook,3502.35,223,2024-10-11
8047,Facebook,1682.59,336,2023-11-21
8048,TikTok,392.75,171,2024-10-15
8049,Facebook,390.74,10,2023-06-13
8050,Email,3860.04,214,2023-02-19
8051,TikTok,4568.29,250,2023-03-23
8052,Facebook,1667.49,264,2023-08-22
8053,Facebook,3497.69,51,2024-01-13
8054,TikTok,1892.98,168,2023-08-24
8055,Google,942.43,39,2023-02-01
8056,Facebook,431.91,192,2024-01-11
8057,Facebook,2719.96,44,2024-10-06
8058,Instagram,2129.75,212,2023-08-03
8059,Instagram,4794.47,157,2024-06-28
8060,Instagram,4412.76,483,2023-09-24
8061,Instagram,3863.22,284,2023-12-21
8062,Email,4410.93,418,2023-08-05
8063,Facebook,632.18,269,2023-03-02
8064,Email,538.57,342,2023-06-28
8065,TikTok,2911.96,477,2024-04-11
8066,Google,4265.04,125,2023-11-21
8067,Facebook,4873.73,272,2023-03-23
8068,Google,4495.21,93,2024-08-09
8069,Instagram,1979.25,20,2024-03-20
8070,Facebook,3449.25,498,2024-04-10
8071,Google,3604.36,352,2023-01-16
8072,Instagram,3952.47,300,2023-01-09
8073,Google,4008.56,109,2024-08-05
8074,Email,1166.86,366,2024-03-23
8075,Google,2650.26,254,2023-06-24
8076,Facebook,2393.48,355,2024-03-17
8077,Google,2884.21,211,2023-05-24
8078,TikTok,3764.13,203,2024-02-23
8079,Email,640.02,122,2023-10-14
8080,Google,322.26,220,2024-02-14
8081,Instagram,724.35,69,2024-05-05
8082,Google,514.41,255,2023-11-15
8083,Facebook,2477.96,125,2023-12-10
8084,Facebook,1552.33,351,2024-02-28
8085,Email,3348.02,113,2024-03-13
8086,Facebook,395.49,128,2024-06-10
8087,TikTok,237.53,263,2024-02-22
8088,TikTok,3294.57,398,2024-11-22
8089,Email,1770.6,256,2023-07-23
8090,Email,998.25,85,2024-08-24
8091,Facebook,3028.34,103,2024-09-02
8092,TikTok,4443.49,373,2023-06-19
8093,Instagram,379.57,194,2023-04-04
8094,Google,952.67,132,2023-11-23
8095,TikTok,2808.75,19,2023-01-20
8096,Google,4574.19,480,2024-05-18
8097,TikTok,3119.17,143,2024-04-01
8098,Email,2405.82,296,2023-06-26
8099,Instagram,3068.99,273,2024-01-23
8100,Google,2458.95,58,2023-09-29
8101,TikTok,3104.0,360,2023-03-15
8102,Google,2295.89,444,2024-01-16
8103,Email,540.26,10,2024-04-12
8104,Email,1791.49,217,2024-10-05
8105,Email,1679.89,339,2024-02-29
8106,Google,2728.2,390,2024-05-09
8107,Facebook,2284.3,332,2023-07-26
8108,TikTok,607.72,455,2024-01-10
8109,Facebook,4367.66,179,2024-02-01
8110,Google,340.69,421,2023-05-28
8111,Facebook,4383.04,158,2023-05-19
8112,Email,1303.12,405,2024-08-22
8113,Facebook,2447.67,156,2024-02-11
8114,Google,670.51,75,2023-01-04
8115,TikTok,1492.32,429,2023-07-08
8116,Instagram,2158.38,370,2024-05-25
8117,Email,139.94,189,2023-09-08
8118,Facebook,861.33,459,2023-03-22
8119,Email,2823.01,491,2024-02-11
8120,Google,1924.82,46,2023-09-23
8121,Facebook,3246.85,183,2024-05-05
8122,Google,3214.59,389,2023-12-28
8123,TikTok,1101.14,212,2023-08-25
8124,TikTok,2043.26,416,2023-01-31
8125,Email,1715.64,223,2024-01-08
8126,Facebook,1366.26,104,2024-05-28
8127,Google,4883.87,120,2024-06-28
8128,Email,435.72,304,2024-02-27
8129,Instagram,3901.89,492,2023-10-20
8130,TikTok,1918.72,0,2024-03-25
8131,Email,1488.13,65,2023-03-04
8132,Instagram,4999.65,348,2024-01-08
8133,TikTok,2443.31,81,2023-05-23
8134,Facebook,2878.81,14,2024-10-03
8135,Instagram,2320.18,371,2023-02-26
8136,TikTok,1395.65,27,2023-09-02
8137,Facebook,3710.75,40,2024-11-21
8138,Email,1069.81,95,2023-03-14
8139,TikTok,3653.81,226,2024-01-09
8140,Facebook,2650.2,162,2024-05-13
8141,Facebook,3955.72,410,2023-04-17
8142,TikTok,1995.85,169,2024-03-11
8143,Facebook,3602.26,55,2023-08-27
8144,Email,718.35,224,2024-04-12
8145,Email,4817.31,290,2024-05-28
8146,Google,2219.17,247,2024-02-14
8147,TikTok,2345.71,214,2023-07-21
8148,Google,1975.29,84,2023-06-13
8149,TikTok,562.99,97,2024-08-15
8150,Instagram,1609.91,98,2023-02-12
8151,Facebook,2459.91,251,2024-03-21
8152,Facebook,282.57,432,2024-05-20
8153,Instagram,3454.52,155,2024-08-06
8154,Google,4914.12,341,2023-01-14
8155,Facebook,4188.21,157,2024-02-19
8156,Facebook,350.67,125,2023-02-23
8157,Instagram,2694.95,41,2023-03-29
8158,TikTok,4603.57,451,2023-08-31
8159,Google,3969.69,161,2024-04-25
8160,Google,2749.68,107,2024-03-10
8161,TikTok,4632.86,313,2024-03-25
8162,Facebook,1856.39,347,2024-11-20
8163,TikTok,3794.78,202,2023-12-15
8164,Instagram,4966.19,169,2024-06-04
8165,TikTok,4133.29,184,2023-05-25
8166,Facebook,782.88,386,2024-07-29
8167,TikTok,1235.57,230,2023-11-11
8168,Google,3073.4,60,2023-04-24
8169,TikTok,2487.31,449,2024-09-16
8170,Instagram,2154.34,97,2023-09-21
8171,TikTok,2385.55,484,2024-07-18
8172,TikTok,3582.47,353,2023-11-28
8173,TikTok,4799.65,48,2024-05-30
8174,Instagram,2025.0,412,2023-02-19
8175,Instagram,4114.35,189,2024-02-15
8176,Facebook,4228.2,56,2023-07-30
8177,Facebook,1460.39,105,2023-05-27
8178,Google,4699.29,210,2024-04-04
8179,Facebook,2472.56,2,2023-02-21
8180,TikTok,817.58,294,2024-07-29
8181,Instagram,4224.69,493,2024-04-21
8182,Instagram,4831.68,138,2024-08-20
8183,Google,2512.26,274,2024-08-13
8184,Facebook,4033.74,487,2024-06-24
8185,Email,1618.27,11,2023-12-25
8186,Facebook,4921.37,61,2023-06-08
8187,Instagram,3962.08,378,2023-04-05
8188,Google,3241.75,55,2023-05-03
8189,TikTok,2215.41,419,2024-01-11
8190,TikTok,4262.67,93,2023-10-31
8191,Instagram,3534.89,432,2024-04-15
8192,TikTok,799.48,340,2023-09-03
8193,Facebook,2683.92,451,2024-09-14
8194,Facebook,955.8,198,2023-01-22
8195,TikTok,4179.33,431,2024-09-11
8196,Instagram,1484.41,301,2023-10-09
8197,TikTok,2369.37,471,2023-04-30
8198,TikTok,4547.09,109,2024-10-07
8199,Facebook,4673.55,253,2024-07-07
8200,Email,3627.29,12,2024-08-29
8201,Instagram,3545.47,300,2023-02-25
8202,TikTok,4184.28,172,2023-11-16
8203,Facebook,3979.29,61,2024-04-24
8204,TikTok,2816.91,494,2024-07-06
8205,Facebook,4635.09,172,2024-11-15
8206,Instagram,2682.05,168,2024-07-26
8207,Google,1067.55,368,2023-01-24
8208,Google,4601.68,277,2024-04-06
8209,Facebook,2304.92,88,2024-04-15
8210,TikTok,4152.82,243,2024-05-16
8211,Google,2707.59,470,2023-02-02
8212,Email,399.82,401,2024-04-14
8213,Email,4700.78,286,2023-06-29
8214,TikTok,2983.17,109,2023-07-03
8215,Email,2253.41,202,2024-06-15
8216,TikTok,2349.17,379,2023-10-11
8217,Instagram,524.39,462,2023-04-12
8218,Facebook,529.98,107,2024-02-09
8219,TikTok,157.13,39,2023-08-18
8220,Instagram,3173.5,167,2024-08-17
8221,Facebook,3928.05,210,2024-01-21
8222,Facebook,2934.15,63,2023-04-06
8223,TikTok,2678.21,302,2023-12-15
8224,Email,2458.25,330,2024-01-06
8225,Email,3993.91,443,2024-09-30
8226,Instagram,556.93,302,2023-02-24
8227,Facebook,4002.5,421,2024-03-05
8228,Email,1888.05,3,2024-02-08
8229,TikTok,4217.82,72,2024-11-16
8230,Email,3199.03,143,2023-09-17
8231,Google,2246.68,119,2024-09-30
8232,Email,1391.26,228,2024-01-06
8233,Email,4192.54,341,2023-03-15
8234,Instagram,4710.01,121,2024-04-05
8235,TikTok,4997.51,117,2023-08-06
8236,Google,2599.03,371,2023-02-01
8237,Google,2357.93,176,2023-07-26
8238,Facebook,1721.31,435,2023-07-30
8239,TikTok,4669.93,262,2024-07-24
8240,Email,4765.89,67,2023-05-29
8241,Email,2165.41,352,2024-06-18
8242,TikTok,3299.88,332,2024-07-19
8243,Facebook,3285.92,464,2023-01-25
8244,Instagram,3523.18,261,2024-10-12
8245,Google,1017.14,340,2024-05-19
8246,Google,3806.87,455,2024-11-07
8247,Email,4248.72,299,2023-05-02
8248,Google,1419.42,383,2023-01-04
8249,Google,2444.89,362,2023-08-17
8250,TikTok,2375.34,115,2024-08-26
8251,Google,862.79,113,2023-01-25
8252,TikTok,437.18,438,2024-02-10
8253,Instagram,4740.42,442,2024-02-29
8254,Instagram,3987.79,70,2024-11-13
8255,Facebook,2631.09,319,2023-01-01
8256,TikTok,410.12,139,2023-07-05
8257,Email,888.56,22,2023-05-01
8258,Google,3777.93,297,2023-07-24
8259,Facebook,1948.27,448,2024-01-17
8260,Instagram,1314.38,291,2024-03-03
8261,Email,649.44,299,2024-07-05
8262,TikTok,4738.22,498,2024-04-22
8263,Email,3572.87,431,2023-07-31
8264,Instagram,1378.59,60,2023-07-25
8265,Email,2158.68,149,2024-10-13
8266,TikTok,770.93,437,2024-06-18
8267,Instagram,2107.83,22,2024-02-29
8268,Instagram,2827.33,447,2024-03-12
8269,TikTok,1226.83,136,2024-02-14
8270,Instagram,4457.91,210,2024-05-31
8271,Google,2110.44,309,2023-07-18
8272,Instagram,3003.29,407,2023-09-22
8273,Instagram,4802.89,411,2024-04-17
8274,Facebook,2997.62,172,2023-06-26
8275,Google,527.43,159,2024-10-25
8276,Google,3761.79,59,2023-11-04
8277,Instagram,460.29,141,2023-02-24
8278,TikTok,2405.69,295,2023-07-08
8279,TikTok,2970.91,457,2024-04-15
8280,TikTok,709.08,361,2023-01-08
8281,Instagram,3676.24,416,2023-01-18
8282,TikTok,449.56,454,2024-04-17
8283,Email,4792.38,126,2024-01-14
8284,Instagram,4291.19,375,2023-10-06
8285,Email,2641.44,173,2023-10-08
8286,Instagram,242.98,493,2023-10-19
8287,TikTok,1496.55,125,2024-02-25
8288,Email,4379.02,153,2024-10-31
8289,Email,538.4,381,2024-07-06
8290,Facebook,1333.44,477,2024-01-23
8291,Email,1188.34,221,2024-10-15
8292,Instagram,4503.11,316,2024-09-19
8293,Instagram,3394.37,125,2023-05-06
8294,Google,997.46,276,2024-09-15
8295,Instagram,593.63,99,2024-05-28
8296,Facebook,1264.19,414,2023-11-16
8297,Google,1361.93,440,2023-08-22
8298,Facebook,2257.09,351,2024-10-08
8299,Email,3564.63,245,2024-08-25
8300,Email,786.36,63,2023-09-12
8301,Email,3354.56,461,2023-06-18
8302,Google,2542.22,326,2023-10-26
8303,Instagram,2087.83,327,2024-09-02
8304,TikTok,1057.1,223,2023-07-18
8305,Facebook,3220.9,308,2024-10-12
8306,Google,964.78,341,2023-02-07
8307,TikTok,1755.05,338,2023-06-11
8308,TikTok,508.8,285,2024-08-28
8309,Google,976.84,379,2023-01-07
8310,Facebook,1059.04,60,2023-12-20
8311,Instagram,319.55,398,2024-03-24
8312,TikTok,1080.51,499,2023-11-10
8313,Google,2515.77,139,2023-10-01
8314,Instagram,4879.42,47,2023-03-31
8315,Facebook,3676.03,289,2023-10-14
8316,Google,1623.85,445,2024-03-23
8317,Facebook,1581.81,105,2024-02-07
8318,TikTok,4303.86,42,2024-06-27
8319,TikTok,2151.53,302,2023-08-14
8320,Email,4085.33,49,2023-01-12
8321,Facebook,730.94,200,2023-11-16
8322,Email,4371.59,344,2023-09-02
8323,Google,898.02,453,2024-01-08
8324,Instagram,3474.15,395,2023-07-31
8325,Email,3080.35,47,2023-06-13
8326,Email,3739.99,28,2023-08-20
8327,TikTok,3330.63,451,2023-03-14
8328,Email,1338.9,184,2023-11-03
8329,Google,3493.38,471,2024-01-14
8330,TikTok,1654.96,296,2024-08-08
8331,Google,3813.9,437,2023-09-10
8332,Instagram,1395.77,186,2024-05-09
8333,TikTok,434.4,356,2024-10-12
8334,Instagram,269.36,238,2023-02-14
8335,Google,3250.18,363,2023-04-08
8336,Google,1411.83,170,2023-05-10
8337,Email,1477.74,356,2024-08-13
8338,Facebook,3841.7,495,2024-04-18
8339,Instagram,1805.1,227,2024-06-15
8340,Facebook,4717.43,481,2024-04-18
8341,TikTok,1088.2,290,2024-07-19
8342,Email,3604.48,244,2023-04-17
8343,TikTok,306.74,347,2023-04-26
8344,TikTok,3832.45,409,2024-01-24
8345,Instagram,612.23,29,2024-03-03
8346,TikTok,2778.75,96,2024-04-29
8347,Google,3437.38,281,2023-03-04
8348,Instagram,2401.52,323,2024-11-07
8349,TikTok,1453.71,172,2023-11-07
8350,Email,4368.45,111,2023-11-01
8351,TikTok,4283.07,120,2024-01-20
8352,Google,1665.27,410,2023-07-02
8353,TikTok,1786.03,19,2023-01-15
8354,Instagram,4409.31,175,2023-12-29
8355,Email,1330.95,70,2023-08-25
8356,Google,4429.0,430,2023-12-02
8357,Google,630.34,74,2023-01-09
8358,TikTok,1104.93,324,2023-07-05
8359,Facebook,2890.26,178,2024-11-18
8360,Email,2743.62,473,2024-09-21
8361,Google,2790.77,323,2023-07-30
8362,Instagram,4130.01,280,2024-09-26
8363,Email,1648.2,78,2023-03-22
8364,Facebook,3244.54,461,2024-06-13
8365,TikTok,3251.28,206,2023-06-23
8366,Email,4339.45,170,2023-10-29
8367,TikTok,363.11,187,2024-11-01
8368,Google,1295.44,452,2023-06-24
8369,Google,3573.63,298,2024-05-09
8370,Email,1343.73,450,2024-08-04
8371,Google,1473.77,292,2024-11-01
8372,Facebook,4890.07,31,2024-06-19
8373,Google,1851.78,162,2023-02-14
8374,Facebook,3738.61,105,2023-10-06
8375,Email,3698.93,50,2023-03-16
8376,Instagram,2941.86,438,2024-09-07
8377,Facebook,3657.83,478,2023-03-05
8378,Instagram,2238.63,339,2024-10-27
8379,Facebook,1090.28,311,2023-11-22
8380,TikTok,2912.83,78,2024-06-16
8381,Email,3060.83,351,2023-09-28
8382,Email,593.54,55,2023-07-26
8383,TikTok,4066.67,101,2023-12-03
8384,Google,3903.31,428,2024-03-25
8385,Facebook,1078.58,477,2023-12-23
8386,TikTok,4512.13,50,2024-02-20
8387,Email,1148.95,127,2024-03-09
8388,Google,3181.16,33,2023-10-21
8389,Email,2945.64,93,2024-08-09
8390,Email,4902.98,479,2024-10-26
8391,Email,2999.49,289,2023-08-07
8392,TikTok,2755.54,183,2023-11-01
8393,TikTok,4524.02,200,2023-02-26
8394,Email,1134.67,444,2023-05-30
8395,Email,4039.62,362,2024-06-12
8396,TikTok,2660.93,16,2023-03-23
8397,Email,1376.9,25,2023-04-27
8398,Google,2688.61,441,2024-11-10
8399,TikTok,2248.57,26,2024-01-01
8400,Google,3799.1,268,2023-08-11
8401,TikTok,3267.91,246,2024-01-06
8402,Email,4040.54,275,2023-08-11
8403,TikTok,3775.38,100,2024-06-14
8404,Email,4314.77,322,2024-06-22
8405,TikTok,2097.66,149,2024-04-19
8406,Email,2035.44,277,2024-06-01
8407,Facebook,370.09,447,2024-04-01
8408,Email,1889.14,337,2023-08-21
8409,Google,119.48,133,2024-08-25
8410,Email,1706.02,61,2023-04-19
8411,Email,2609.26,392,2023-05-09
8412,Google,424.67,23,2023-12-12
8413,Email,234.65,260,2023-10-08
8414,Instagram,2571.46,411,2023-09-13
8415,TikTok,3834.66,123,2023-06-10
8416,Facebook,601.62,156,2023-11-09
8417,TikTok,2758.96,445,2024-06-16
8418,Email,1594.02,324,2023-02-10
8419,Google,2330.84,322,2023-12-26
8420,Email,1093.47,39,2023-11-19
8421,Google,62.72,287,2024-06-28
8422,Facebook,4398.08,53,2023-05-28
8423,Facebook,3748.62,439,2023-02-07
8424,Facebook,3776.4,66,2023-08-13
8425,TikTok,3957.4,446,2024-07-19
8426,Instagram,853.13,491,2024-07-03
8427,Instagram,4893.81,165,2023-02-08
8428,Email,2900.39,36,2024-07-18
8429,Email,98.01,198,2023-10-21
8430,Instagram,1593.06,445,2024-04-06
8431,Instagram,1379.98,455,2024-04-07
8432,Facebook,1889.34,73,2023-02-26
8433,Instagram,4778.74,433,2024-04-03
8434,Instagram,2895.69,11,2023-12-25
8435,TikTok,3443.38,408,2024-09-13
8436,Google,3972.52,16,2023-01-03
8437,Instagram,2211.82,373,2024-03-05
8438,Instagram,694.52,475,2023-04-29
8439,TikTok,296.2,71,2023-06-21
8440,TikTok,889.5,358,2023-03-14
8441,Instagram,1915.23,7,2023-05-22
8442,Email,3895.76,177,2023-06-23
8443,Facebook,657.01,373,2024-08-10
8444,Email,2774.18,213,2023-06-25
8445,TikTok,4253.54,171,2024-08-22
8446,Facebook,4114.34,60,2023-08-14
8447,Instagram,243.16,356,2023-01-20
8448,Google,2538.36,36,2023-12-10
8449,Facebook,877.79,50,2023-05-30
8450,Instagram,4270.76,341,2023-03-05
8451,Facebook,3853.59,236,2024-11-08
8452,Email,4268.61,363,2023-08-08
8453,Google,901.57,27,2024-02-23
8454,Google,2639.28,342,2023-06-16
8455,Email,498.59,388,2024-01-27
8456,Email,1748.8,182,2024-09-11
8457,Google,2086.37,318,2024-05-20
8458,Facebook,3779.43,114,2023-05-26
8459,TikTok,2572.03,291,2023-02-02
8460,Facebook,1101.2,314,2024-04-18
8461,Facebook,2226.11,38,2023-01-02
8462,TikTok,846.18,192,2024-09-10
8463,Google,3770.19,99,2023-01-31
8464,Facebook,3946.85,405,2023-05-15
8465,Google,661.32,33,2024-09-11
8466,Google,4618.63,302,2024-06-15
8467,Instagram,2645.53,362,2024-08-14
8468,Instagram,3974.1,416,2024-09-21
8469,Facebook,2619.15,218,2024-01-19
8470,TikTok,3181.14,44,2023-04-19
8471,Google,3212.95,50,2023-03-16
8472,Facebook,4999.61,270,2023-08-07
8473,Google,501.89,320,2024-04-15
8474,Google,4747.28,241,2024-07-27
8475,TikTok,1984.08,240,2024-01-29
8476,Email,4728.36,283,2024-07-13
8477,Facebook,179.7,236,2024-05-27
8478,Instagram,3126.44,181,2023-04-13
8479,Facebook,1410.06,326,2024-05-04
8480,Facebook,2350.08,337,2023-09-03
8481,Email,1573.93,131,2023-12-13
8482,Email,281.44,274,2024-09-24
8483,TikTok,2118.22,474,2024-07-03
8484,Email,4228.33,39,2024-08-14
8485,TikTok,1439.62,198,2023-01-24
8486,TikTok,116.83,427,2023-02-26
8487,Facebook,3898.17,194,2024-10-16
8488,Instagram,4257.45,335,2023-10-01
8489,TikTok,2061.49,64,2023-04-23
8490,Instagram,3182.01,22,2024-09-03
8491,Instagram,4333.45,50,2023-05-29
8492,Email,1647.97,70,2024-04-06
8493,TikTok,2079.0,16,2024-06-09
8494,Instagram,641.35,72,2024-10-17
8495,Facebook,4458.31,435,2023-05-31
8496,Email,4681.88,480,2024-06-16
8497,Google,2284.88,53,2024-09-20
8498,Facebook,315.63,283,2024-01-18
8499,TikTok,4733.32,490,2024-05-15
8500,Instagram,2297.55,219,2024-02-08
8501,Instagram,498.49,372,2024-03-01
8502,Google,2445.76,39,2024-02-18
8503,Facebook,4428.18,114,2024-08-28
8504,TikTok,206.72,354,2023-04-23
8505,Google,4568.89,88,2024-06-09
8506,TikTok,3510.22,165,2024-08-22
8507,Instagram,1858.54,229,2024-04-15
8508,Google,1794.48,93,2024-02-23
8509,Instagram,4262.37,288,2024-03-11
8510,Email,2706.84,371,2023-06-09
8511,Instagram,4868.28,363,2024-02-15
8512,Email,2549.04,288,2023-11-13
8513,Email,4464.05,188,2024-08-21
8514,Instagram,3766.67,39,2023-03-12
8515,Instagram,1351.47,435,2024-03-20
8516,TikTok,1736.74,64,2024-09-04
8517,TikTok,2223.65,30,2023-08-02
8518,Email,4325.05,5,2023-01-16
8519,Google,1535.86,106,2023-08-21
8520,TikTok,3232.99,136,2023-08-10
8521,TikTok,93.89,257,2023-10-25
8522,Facebook,3082.22,2,2023-05-07
8523,TikTok,3306.81,362,2024-11-04
8524,Google,2592.8,458,2023-02-17
8525,Instagram,3455.85,150,2023-07-13
8526,Instagram,3911.65,0,2023-05-18
8527,Google,4105.02,404,2024-09-20
8528,Facebook,3705.81,352,2024-05-14
8529,TikTok,3629.4,224,2023-11-09
8530,TikTok,398.7,51,2023-02-04
8531,Facebook,4011.86,168,2023-11-14
8532,TikTok,2940.26,124,2024-11-17
8533,Instagram,393.18,303,2023-04-13
8534,Google,267.04,27,2023-12-16
8535,Instagram,2591.68,64,2023-08-30
8536,Google,1324.84,210,2023-09-26
8537,Email,4387.72,401,2023-06-02
8538,Facebook,4872.11,336,2023-03-17
8539,TikTok,4941.18,291,2024-09-28
8540,TikTok,4945.77,203,2024-08-20
8541,Instagram,1418.6,54,2024-04-10
8542,TikTok,1040.39,59,2023-10-10
8543,Facebook,344.28,358,2024-05-14
8544,Email,3939.15,341,2023-01-21
8545,Email,4121.78,183,2023-02-27
8546,Email,4836.94,358,2023-09-11
8547,Email,4813.91,406,2023-02-17
8548,Facebook,152.36,103,2024-03-25
8549,TikTok,2007.19,113,2024-08-22
8550,Google,3881.03,416,2024-02-29
8551,Facebook,3394.2,369,2024-03-14
8552,Google,1672.03,195,2023-12-02
8553,Instagram,2498.52,454,2024-08-03
8554,Instagram,4549.77,422,2023-11-16
8555,TikTok,928.78,140,2023-09-15
8556,Instagram,4563.52,235,2024-07-24
8557,Instagram,1709.3,187,2023-03-15
8558,Google,1896.85,263,2024-08-31
8559,Instagram,4881.39,346,2023-12-16
8560,Instagram,3658.18,260,2023-05-29
8561,Facebook,2914.67,275,2023-10-11
8562,Facebook,2681.89,120,2023-01-15
8563,TikTok,997.36,63,2023-06-27
8564,Email,2426.82,164,2024-08-09
8565,Facebook,601.93,130,2023-01-13
8566,Google,1972.02,311,2023-01-28
8567,Instagram,847.37,331,2024-06-05
8568,Facebook,2547.95,216,2023-04-19
8569,TikTok,865.75,129,2023-10-01
8570,Email,4346.97,208,2024-02-26
8571,Google,4532.92,469,2024-09-18
8572,TikTok,1468.88,66,2023-01-14
8573,Email,3344.76,108,2024-06-26
8574,Email,1039.11,205,2024-04-01
8575,Email,4318.62,303,2023-03-26
8576,Facebook,3024.86,483,2023-06-16
8577,Email,761.76,18,2024-04-26
8578,Google,4397.69,496,2024-02-03
8579,Google,3719.37,132,2024-08-13
8580,Instagram,711.01,88,2024-08-02
8581,Instagram,1733.84,25,2024-02-29
8582,Email,3735.75,48,2024-11-19
8583,Email,643.26,327,2024-08-30
8584,Facebook,2374.38,359,2023-03-29
8585,TikTok,3342.6,322,2024-08-03
8586,Instagram,342.96,121,2023-12-26
8587,Facebook,3697.46,34,2023-09-14
8588,Google,1181.82,105,2023-05-26
8589,Email,1220.64,420,2024-07-05
8590,TikTok,2597.48,392,2024-04-24
8591,Google,270.14,462,2024-06-19
8592,Instagram,942.57,18,2023-08-11
8593,Instagram,183.54,135,2024-03-20
8594,Instagram,1773.06,458,2023-11-11
8595,Email,3741.86,324,2023-09-28
8596,Email,1378.36,83,2024-02-19
8597,Google,1164.0,461,2023-04-22
8598,TikTok,4289.27,407,2024-01-10
8599,Google,2586.01,478,2023-02-02
8600,Email,542.83,33,2023-12-18
8601,Facebook,356.83,483,2023-12-13
8602,Google,4757.78,377,2023-02-01
8603,TikTok,4770.65,297,2024-07-05
8604,Email,1029.0,247,2023-03-16
8605,Google,4688.75,208,2023-06-18
8606,Facebook,3772.12,56,2023-01-28
8607,TikTok,2705.53,356,2023-08-11
8608,Instagram,2636.0,267,2024-06-19
8609,Email,3876.24,27,2023-07-27
8610,Facebook,2684.63,170,2024-05-23
8611,Google,2937.73,85,2024-04-12
8612,Google,1849.38,25,2024-01-11
8613,Facebook,4095.63,289,2023-08-26
8614,Google,1282.61,276,2023-11-01
8615,Instagram,4490.18,237,2023-09-16
8616,TikTok,494.8,454,2023-01-26
8617,Facebook,445.76,485,2023-12-24
8618,Instagram,3432.64,482,2023-06-17
8619,Facebook,2455.0,89,2023-08-25
8620,Facebook,2312.19,489,2023-04-27
8621,Email,953.3,181,2023-12-27
8622,Email,3912.88,270,2023-01-02
8623,Facebook,609.53,41,2024-03-19
8624,Instagram,824.41,4,2024-08-21
8625,Google,1347.72,168,2023-12-12
8626,Instagram,4886.68,132,2024-07-02
8627,Instagram,2910.42,47,2024-08-06
8628,TikTok,4231.56,309,2023-12-03
8629,Email,803.27,211,2023-11-03
8630,Email,1750.87,55,2024-06-16
8631,Google,4249.63,434,2024-10-16
8632,Facebook,1918.82,120,2024-02-12
8633,Google,1867.33,406,2024-05-26
8634,Facebook,127.96,444,2023-11-30
8635,Google,2653.43,58,2023-11-24
8636,Facebook,3081.13,452,2023-02-06
8637,Facebook,1732.2,335,2023-03-15
8638,Google,2296.41,74,2023-04-27
8639,TikTok,4755.15,77,2023-11-27
8640,Google,3608.08,82,2023-08-05
8641,Facebook,479.57,73,2023-10-09
8642,Google,1428.73,6,2023-01-09
8643,TikTok,1421.51,408,2023-03-05
8644,Email,1924.22,45,2023-02-01
8645,Google,679.83,496,2023-10-19
8646,Instagram,3654.32,266,2024-10-22
8647,TikTok,4404.16,210,2024-07-14
8648,TikTok,1623.98,223,2023-07-28
8649,Email,2256.92,269,2024-06-09
8650,Email,4861.68,23,2024-10-16
8651,Email,3721.32,446,2023-03-05
8652,Google,589.42,127,2023-09-08
8653,Facebook,3844.66,111,2023-06-17
8654,Facebook,2629.38,179,2023-05-23
8655,Facebook,3786.42,15,2023-05-01
8656,TikTok,4845.82,429,2024-09-09
8657,TikTok,4261.65,368,2024-01-07
8658,Instagram,4537.49,339,2023-02-15
8659,TikTok,2387.73,499,2023-01-24
8660,Email,2352.63,217,2023-09-04
8661,TikTok,2478.09,148,2024-08-29
8662,TikTok,1462.47,20,2023-11-07
8663,Google,289.35,331,2023-12-22
8664,Email,2913.99,431,2023-02-02
8665,Facebook,1644.4,227,2024-03-27
8666,Google,2753.65,164,2023-03-26
8667,Email,2083.97,114,2023-12-16
8668,Email,2591.74,487,2024-03-18
8669,Email,2357.4,189,2023-08-20
8670,TikTok,3009.29,303,2023-08-28
8671,TikTok,3044.96,155,2024-06-21
8672,TikTok,4943.03,175,2023-12-07
8673,TikTok,1946.87,35,2024-10-27
8674,TikTok,148.7,80,2023-03-20
8675,TikTok,1464.8,57,2024-01-15
8676,Instagram,4995.1,377,2023-04-15
8677,Instagram,2177.86,322,2023-07-06
8678,Email,3197.85,439,2023-03-01
8679,Email,3783.87,239,2024-02-04
8680,TikTok,151.02,475,2023-09-21
8681,Email,2655.37,174,2023-08-28
8682,Facebook,683.26,21,2023-08-30
8683,Email,4264.2,149,2024-04-21
8684,Email,3848.12,452,2024-01-02
8685,Google,117.16,495,2023-01-15
8686,Instagram,339.56,224,2024-11-20
8687,Email,179.82,370,2024-06-30
8688,Email,1604.22,356,2023-04-09
8689,Email,3709.71,483,2024-03-20
8690,Instagram,3357.06,364,2024-07-03
8691,Email,1638.16,196,2024-04-21
8692,Facebook,3587.91,229,2023-11-16
8693,Instagram,1432.88,253,2023-08-31
8694,Email,3796.48,154,2024-02-19
8695,TikTok,943.81,412,2023-08-17
8696,Facebook,3152.66,110,2024-10-20
8697,TikTok,1006.85,29,2024-02-16
8698,Instagram,306.41,469,2023-01-25
8699,Google,1634.54,352,2023-09-24
8700,TikTok,4901.83,310,2024-07-19
8701,Email,4214.7,341,2023-03-19
8702,Google,1257.68,110,2023-08-25
8703,TikTok,1138.6,260,2023-10-27
8704,TikTok,2960.76,238,2024-11-16
8705,Instagram,3983.96,446,2023-11-08
8706,Instagram,2233.05,126,2024-03-19
8707,Instagram,2078.65,365,2023-04-02
8708,Instagram,2222.55,181,2023-03-18
8709,Facebook,101.03,238,2023-12-25
8710,Instagram,528.02,282,2023-02-26
8711,Instagram,2367.89,193,2024-09-10
8712,Facebook,2325.67,18,2024-07-14
8713,Facebook,1827.95,373,2023-04-24
8714,Instagram,4780.21,498,2024-03-13
8715,Google,2527.4,301,2024-11-10
8716,Instagram,299.58,91,2023-05-07
8717,Google,85.01,433,2023-01-30
8718,Instagram,4841.88,180,2024-03-10
8719,Instagram,691.95,82,2023-05-08
8720,TikTok,959.65,246,2023-04-11
8721,Email,4613.91,216,2023-08-09
8722,Instagram,4516.14,199,2023-12-04
8723,TikTok,2598.38,293,2023-05-13
8724,TikTok,150.65,182,2023-04-10
8725,Google,1741.48,355,2023-10-13
8726,Facebook,1373.95,141,2024-06-15
8727,TikTok,2283.21,309,2023-11-12
8728,Email,4587.5,97,2023-05-06
8729,Facebook,677.93,424,2024-04-07
8730,Facebook,3399.98,440,2024-08-16
8731,TikTok,4719.77,32,2024-06-17
8732,Email,1770.59,197,2023-08-17
8733,Instagram,136.73,211,2023-07-31
8734,TikTok,2500.25,2,2023-07-13
8735,Email,2651.23,34,2024-11-30
8736,Google,3230.3,235,2023-01-07
8737,Instagram,2880.51,53,2023-05-22
8738,Google,2300.87,400,2024-11-01
8739,Google,3609.86,278,2023-07-01
8740,TikTok,2720.26,459,2023-08-25
8741,Google,4805.17,7,2024-07-26
8742,Facebook,1418.32,178,2024-04-05
8743,TikTok,1188.01,33,2023-08-24
8744,Google,2278.09,89,2023-07-09
8745,Google,3875.99,275,2024-08-10
8746,TikTok,4467.35,495,2024-05-22
8747,Email,1392.11,28,2023-07-09
8748,Instagram,3529.19,477,2023-04-29
8749,Email,335.1,159,2024-07-18
8750,Google,2366.13,407,2023-07-01
8751,Facebook,2444.87,460,2023-09-06
8752,Facebook,4442.49,138,2024-03-14
8753,Google,3034.77,186,2024-03-04
8754,TikTok,1067.42,75,2023-11-01
8755,Instagram,798.89,78,2024-03-12
8756,TikTok,1968.75,216,2023-09-12
8757,Facebook,4315.55,89,2023-02-15
8758,Google,1236.4,122,2023-04-26
8759,Google,4757.86,27,2024-04-07
8760,Instagram,1190.09,304,2024-02-02
8761,Google,845.48,180,2024-05-01
8762,Google,3662.65,178,2024-07-19
8763,Email,1606.58,179,2024-09-17
8764,Email,848.37,110,2024-02-27
8765,TikTok,4795.75,373,2024-11-09
8766,Email,1381.56,408,2023-07-11
8767,Email,3098.28,23,2024-08-17
8768,Email,1328.37,431,2023-06-27
8769,Facebook,1435.87,352,2024-09-21
8770,Instagram,4074.22,442,2023-09-09
8771,Google,3501.88,113,2023-10-11
8772,Instagram,4811.27,284,2023-02-27
8773,Facebook,1155.31,2,2023-10-26
8774,TikTok,1917.56,45,2023-06-14
8775,Google,4656.24,328,2024-07-01
8776,Facebook,269.4,368,2023-11-10
8777,Email,4704.81,228,2024-10-28
8778,Email,1485.22,20,2024-07-15
8779,Email,3477.48,79,2024-03-18
8780,Instagram,3169.4,304,2023-10-15
8781,Email,3295.7,212,2023-09-03
8782,Email,3146.63,407,2024-10-14
8783,TikTok,4823.41,444,2024-02-07
8784,Google,2303.6,207,2024-05-25
8785,Instagram,236.98,411,2023-05-01
8786,Instagram,1735.78,80,2023-12-06
8787,Google,3936.59,495,2023-11-11
8788,Instagram,4329.6,222,2023-12-17
8789,Instagram,417.21,350,2023-09-16
8790,Instagram,2381.46,405,2023-05-27
8791,Instagram,1194.43,355,2023-09-16
8792,Facebook,122.96,367,2023-01-06
8793,Facebook,4853.4,90,2024-08-25
8794,Instagram,3669.13,188,2024-06-16
8795,Email,1554.27,204,2024-09-15
8796,Facebook,3186.55,342,2023-07-10
8797,Instagram,2201.94,73,2024-06-02
8798,TikTok,2270.74,6,2024-11-24
8799,Google,2397.45,154,2023-10-03
8800,Google,189.42,330,2023-08-18
8801,Instagram,1023.6,233,2024-07-25
8802,Facebook,711.03,408,2023-04-04
8803,Facebook,4606.86,449,2023-07-02
8804,TikTok,4715.24,156,2023-08-07
8805,Email,2509.46,53,2023-01-12
8806,Facebook,2583.65,335,2024-02-02
8807,Facebook,1782.31,52,2024-07-06
8808,Instagram,4816.0,4,2024-11-30
8809,Email,3966.73,387,2024-01-17
8810,TikTok,3450.84,90,2023-01-31
8811,TikTok,2423.99,435,2023-06-27
8812,Email,1548.14,279,2023-03-10
8813,Instagram,4314.59,424,2024-01-23
8814,Instagram,2047.37,398,2023-09-30
8815,Email,1862.31,485,2023-09-23
8816,Google,91.04,400,2024-04-06
8817,Facebook,4729.74,359,2024-09-20
8818,Google,4640.89,467,2024-09-09
8819,Facebook,3407.76,296,2023-12-05
8820,Instagram,546.59,53,2024-11-14
8821,TikTok,2019.1,196,2024-03-26
8822,TikTok,1635.77,154,2023-04-10
8823,Facebook,1082.15,331,2024-03-04
8824,TikTok,3215.23,329,2024-08-10
8825,TikTok,1053.79,326,2023-11-06
8826,Google,4576.74,314,2023-10-08
8827,Google,3121.59,269,2023-12-13
8828,Instagram,2579.69,340,2023-03-27
8829,TikTok,4134.11,280,2023-04-07
8830,Facebook,762.9,382,2023-06-12
8831,Instagram,937.91,458,2023-05-13
8832,Email,3636.78,447,2023-01-23
8833,TikTok,2091.04,499,2023-04-27
8834,Email,659.02,448,2024-03-26
8835,Facebook,2853.54,436,2023-03-30
8836,Google,1808.09,461,2023-12-28
8837,TikTok,3150.7,1,2023-06-30
8838,Instagram,3262.58,176,2024-02-19
8839,Facebook,4740.0,253,2023-03-15
8840,Facebook,83.59,61,2024-04-09
8841,Email,3314.85,104,2023-11-09
8842,Email,1594.35,116,2023-07-12
8843,Facebook,433.29,19,2023-01-08
8844,Facebook,4733.18,258,2023-11-30
8845,Instagram,981.02,360,2023-05-27
8846,Instagram,572.74,158,2024-03-08
8847,Instagram,3582.07,409,2023-04-03
8848,Instagram,1147.05,145,2024-05-23
8849,Email,3777.46,494,2023-04-12
8850,Email,123.83,439,2023-06-09
8851,Facebook,4870.56,80,2023-01-06
8852,TikTok,1819.52,323,2023-12-23
8853,TikTok,3231.65,476,2023-05-20
8854,Google,2004.36,103,2023-10-18
8855,Google,435.73,282,2024-06-18
8856,Instagram,2168.4,57,2024-06-04
8857,Google,2559.94,310,2024-06-19
8858,Facebook,4501.2,444,2023-10-07
8859,Instagram,2790.27,204,2024-11-22
8860,Google,3929.45,413,2023-06-10
8861,Email,1055.57,273,2023-11-21
8862,Facebook,1357.5,4,2023-07-02
8863,Facebook,67.33,405,2024-10-31
8864,TikTok,84.39,375,2024-01-01
8865,TikTok,3657.0,49,2023-11-26
8866,Facebook,3467.69,268,2023-06-22
8867,Facebook,2013.5,42,2023-07-17
8868,Email,4975.69,260,2024-07-29
8869,TikTok,4319.88,46,2024-08-15
8870,Google,1977.08,426,2023-02-21
8871,Facebook,3192.72,80,2024-04-05
8872,TikTok,2684.0,414,2024-05-09
8873,Google,1448.95,138,2023-09-27
8874,Email,1856.42,402,2023-04-05
8875,Email,1504.4,0,2023-04-13
8876,Facebook,3477.14,298,2024-06-14
8877,Facebook,4682.68,229,2024-05-31
8878,Facebook,4159.0,380,2024-10-07
8879,Facebook,4674.53,115,2023-02-19
8880,Instagram,991.36,198,2023-07-19
8881,Email,213.64,255,2023-11-22
8882,Google,4739.73,246,2024-05-25
8883,Google,1018.3,135,2023-12-17
8884,Email,358.56,133,2024-02-04
8885,Email,1858.05,197,2023-04-30
8886,Google,661.15,456,2023-07-18
8887,Email,3767.25,312,2023-01-16
8888,Instagram,1544.33,432,2023-01-09
8889,TikTok,2018.52,84,2023-10-08
8890,Email,1154.11,351,2023-04-28
8891,Facebook,1756.51,54,2024-04-22
8892,Google,1194.57,203,2024-10-24
8893,Facebook,4563.47,101,2023-04-23
8894,Instagram,3873.6,238,2024-04-09
8895,Instagram,1805.02,445,2023-04-20
8896,Email,3218.9,261,2024-11-01
8897,Instagram,4908.89,75,2024-04-29
8898,Facebook,4618.95,351,2023-03-26
8899,Instagram,2482.83,341,2024-04-23
8900,Facebook,1275.82,425,2024-08-25
8901,Instagram,610.18,106,2024-11-07
8902,Facebook,98.24,32,2023-11-17
8903,TikTok,4596.57,415,2024-03-11
8904,Google,4437.28,444,2023-02-07
8905,Instagram,2502.88,175,2023-04-24
8906,Google,578.87,492,2023-04-09
8907,Google,3051.97,349,2024-03-23
8908,Instagram,3191.33,208,2023-10-04
8909,Google,1339.16,336,2024-01-23
8910,Email,3586.69,296,2023-09-24
8911,Instagram,1454.01,132,2023-09-11
8912,TikTok,1846.8,310,2023-03-14
8913,Instagram,4006.53,236,2024-05-22
8914,Facebook,2356.36,391,2024-02-20
8915,TikTok,2884.79,440,2023-05-04
8916,Instagram,3579.82,438,2023-10-24
8917,Facebook,3091.98,74,2024-10-27
8918,Email,292.93,398,2023-03-31
8919,TikTok,1446.67,93,2024-11-11
8920,Google,2749.78,150,2024-02-17
8921,Facebook,2167.55,219,2024-03-30
8922,TikTok,2423.84,270,2024-05-18
8923,Instagram,4714.91,334,2023-10-15
8924,Facebook,1152.12,114,2023-12-12
8925,Email,68.8,313,2024-10-04
8926,Google,3674.96,160,2023-04-07
8927,Email,4368.03,294,2023-03-03
8928,Google,762.79,63,2023-10-12
8929,Facebook,3653.84,376,2023-08-04
8930,Instagram,1544.25,201,2023-06-08
8931,Instagram,634.02,310,2024-03-05
8932,Instagram,623.09,126,2024-07-14
8933,TikTok,4302.05,18,2024-06-27
8934,Email,3409.84,43,2023-12-31
8935,Email,2144.59,477,2023-06-26
8936,TikTok,4270.46,172,2024-10-06
8937,Google,2201.54,213,2023-03-16
8938,TikTok,1240.66,3,2024-04-27
8939,Google,4501.69,106,2023-10-26
8940,Google,74.28,486,2023-01-09
8941,Instagram,2601.12,301,2024-07-24
8942,Instagram,2218.44,90,2024-08-27
8943,Email,575.46,216,2023-09-14
8944,Instagram,4747.92,479,2023-02-18
8945,Google,462.19,312,2023-01-11
8946,Facebook,1523.38,299,2023-05-21
8947,Email,1073.01,426,2023-11-28
8948,Email,2884.07,173,2023-03-25
8949,Google,3609.37,122,2024-08-09
8950,Email,2769.46,283,2023-07-30
8951,Facebook,984.58,194,2024-08-15
8952,Instagram,1652.5,495,2024-11-30
8953,Instagram,3695.34,254,2023-07-20
8954,Facebook,3668.72,408,2023-07-03
8955,Email,3878.27,93,2023-05-17
8956,Instagram,433.15,271,2024-01-11
8957,TikTok,4107.06,333,2024-10-30
8958,Email,4197.43,339,2023-09-05
8959,Email,3331.32,23,2023-06-03
8960,TikTok,1675.96,194,2023-10-07
8961,Instagram,3289.89,218,2024-03-07
8962,Instagram,2416.02,177,2024-01-19
8963,Google,2943.21,328,2023-09-21
8964,Email,3751.61,362,2023-01-15
8965,Instagram,3254.48,126,2023-07-07
8966,Email,1485.62,82,2024-03-05
8967,Instagram,410.89,87,2023-02-02
8968,Google,638.87,343,2024-11-06
8969,Instagram,1430.79,108,2023-07-26
8970,Email,2511.55,21,2023-05-18
8971,Instagram,2353.76,475,2024-06-10
8972,Facebook,4787.15,261,2023-12-26
8973,TikTok,726.57,334,2023-04-02
8974,Google,4373.79,110,2024-01-31
8975,Google,1214.14,473,2023-07-14
8976,Instagram,2953.85,258,2023-12-06
8977,Email,3062.22,355,2023-05-15
8978,TikTok,1428.56,9,2024-01-28
8979,Instagram,3956.8,185,2023-12-16
8980,TikTok,252.04,18,2024-03-13
8981,Instagram,938.6,402,2023-12-19
8982,Instagram,728.37,460,2023-07-22
8983,Google,514.72,193,2024-03-04
8984,Google,4420.03,53,2023-01-06
8985,Email,2108.51,258,2024-07-30
8986,Facebook,1172.07,325,2023-09-24
8987,TikTok,3749.0,36,2023-11-30
8988,Instagram,4542.95,478,2024-08-30
8989,Google,453.95,3,2023-09-24
8990,Instagram,2411.04,205,2023-05-23
8991,TikTok,198.8,138,2024-08-21
8992,Google,2574.57,398,2024-11-29
8993,Google,1161.87,276,2023-07-21
8994,Instagram,2071.12,135,2023-10-10
8995,Facebook,2900.43,234,2024-02-02
8996,Google,1643.53,460,2024-07-06
8997,TikTok,4307.83,118,2024-01-28
8998,Facebook,2818.24,184,2023-04-09
8999,Instagram,3338.01,499,2023-09-29
9000,Google,449.45,348,2024-05-01
9001,Instagram,621.97,70,2024-05-22
9002,Instagram,156.05,368,2023-05-27
9003,Facebook,3022.42,364,2024-02-14
9004,TikTok,2041.56,366,2024-10-15
9005,Email,3924.41,111,2023-02-06
9006,Google,1727.49,111,2023-02-10
9007,Facebook,4183.03,74,2024-06-09
9008,Email,3435.85,303,2023-08-14
9009,Instagram,1739.26,224,2023-08-16
9010,TikTok,2156.45,18,2024-05-30
9011,Google,3257.03,76,2024-08-03
9012,Email,2397.29,491,2024-02-21
9013,Google,4508.6,30,2023-05-08
9014,Google,2227.19,274,2023-05-10
9015,Email,1272.27,176,2023-04-25
9016,Instagram,382.15,101,2023-03-22
9017,Google,992.32,40,2024-11-14
9018,Facebook,1282.68,464,2024-10-10
9019,Instagram,1082.5,233,2023-09-27
9020,Facebook,2913.12,347,2023-11-13
9021,TikTok,4199.51,96,2023-08-09
9022,TikTok,3348.96,182,2024-11-16
9023,TikTok,4872.52,58,2023-04-13
9024,Email,727.07,216,2023-02-27
9025,Email,1333.08,387,2024-09-17
9026,Email,3590.17,379,2024-09-10
9027,Instagram,250.8,361,2023-09-07
9028,TikTok,2075.39,173,2024-05-04
9029,Facebook,1122.62,43,2023-07-15
9030,Email,2973.87,85,2023-02-21
9031,TikTok,569.49,492,2023-03-23
9032,Google,4384.77,384,2024-07-06
9033,Google,4584.09,34,2024-10-07
9034,TikTok,4883.32,341,2024-05-06
9035,Email,1008.42,398,2024-05-27
9036,TikTok,3838.64,449,2023-12-28
9037,Google,4145.96,138,2023-10-29
9038,Email,2077.95,150,2023-06-19
9039,Email,1300.78,252,2024-01-30
9040,Facebook,4562.62,263,2023-06-06
9041,Google,3560.15,497,2024-10-28
9042,Email,1747.97,112,2023-05-08
9043,Facebook,307.86,472,2023-11-27
9044,Instagram,1128.76,68,2023-08-06
9045,Email,1499.73,93,2024-07-19
9046,Instagram,2103.81,96,2023-03-29
9047,TikTok,4404.3,192,2024-11-28
9048,Email,1474.71,32,2024-09-20
9049,Instagram,201.08,310,2023-03-23
9050,Email,2109.77,256,2023-08-16
9051,Instagram,3441.88,189,2024-05-27
9052,Google,1279.47,256,2024-06-27
9053,Email,2354.24,102,2024-04-23
9054,Google,2432.65,419,2023-11-25
9055,Facebook,1750.67,25,2024-08-22
9056,Facebook,4195.92,158,2023-01-28
9057,Email,2999.21,364,2023-09-14
9058,TikTok,569.05,88,2024-08-22
9059,TikTok,3051.63,134,2023-05-09
9060,Instagram,3463.14,466,2024-11-20
9061,TikTok,2397.88,366,2024-05-19
9062,Google,1773.57,299,2023-06-14
9063,Email,549.25,365,2024-07-19
9064,Instagram,4857.26,343,2023-01-05
9065,Instagram,274.66,48,2024-03-06
9066,Google,84.51,235,2023-05-05
9067,Email,467.79,483,2024-06-04
9068,Email,97.03,179,2024-09-19
9069,Instagram,1202.59,466,2023-06-11
9070,Instagram,1247.23,21,2024-05-18
9071,Google,3728.7,165,2024-11-16
9072,Email,1995.05,211,2024-01-04
9073,Email,4287.76,50,2024-02-09
9074,Google,788.07,109,2023-12-16
9075,Google,985.68,71,2023-07-18
9076,Instagram,3913.57,408,2023-04-11
9077,Instagram,3220.44,376,2024-03-10
9078,TikTok,3181.89,320,2023-10-28
9079,Google,563.07,17,2024-11-07
9080,Facebook,3848.35,50,2024-01-09
9081,TikTok,1247.41,470,2024-06-01
9082,Instagram,75.93,57,2023-04-11
9083,TikTok,3849.82,78,2023-10-15
9084,Facebook,4911.36,346,2023-04-28
9085,Email,3245.65,204,2023-01-25
9086,Google,4529.13,375,2023-01-12
9087,Facebook,4085.48,218,2023-12-18
9088,Facebook,912.56,222,2023-03-08
9089,Instagram,2015.69,72,2023-09-16
9090,Email,4111.43,154,2024-01-17
9091,Instagram,2259.94,488,2024-08-19
9092,Instagram,404.95,16,2023-03-23
9093,Instagram,2908.91,122,2023-08-28
9094,Instagram,3939.98,484,2023-05-10
9095,Email,4951.96,191,2023-02-23
9096,TikTok,96.22,477,2023-05-31
9097,Google,1544.06,165,2023-09-28
9098,TikTok,3678.51,130,2024-07-09
9099,TikTok,2615.95,306,2024-10-07
9100,Instagram,3378.02,238,2024-07-27
9101,Facebook,2033.28,236,2024-01-23
9102,Email,1914.49,24,2023-11-08
9103,Instagram,1185.35,36,2024-09-23
9104,Instagram,2792.88,230,2024-11-09
9105,Email,1996.12,445,2023-12-02
9106,Google,4647.01,191,2023-09-04
9107,Google,3180.35,333,2023-06-09
9108,Email,1599.4,29,2024-08-19
9109,TikTok,3603.25,472,2024-06-09
9110,TikTok,4455.91,3,2023-12-18
9111,Google,108.24,171,2023-05-13
9112,Instagram,3777.45,95,2023-09-11
9113,Email,2080.64,440,2023-04-14
9114,Facebook,3325.63,168,2023-06-10
9115,Google,2725.8,488,2024-05-24
9116,TikTok,2040.64,302,2023-08-30
9117,TikTok,1677.22,118,2023-09-16
9118,Instagram,1928.4,69,2024-09-10
9119,Email,2070.61,285,2024-05-30
9120,Google,2569.37,1,2024-06-06
9121,TikTok,3167.16,195,2023-04-27
9122,Google,1238.17,203,2024-11-12
9123,Facebook,2766.85,70,2024-10-25
9124,Instagram,4279.81,297,2024-08-04
9125,TikTok,1126.17,167,2024-10-10
9126,Instagram,1878.3,138,2023-05-25
9127,TikTok,2599.05,490,2024-06-29
9128,Google,4463.42,336,2024-02-15
9129,Facebook,3322.02,448,2024-09-19
9130,Facebook,2316.54,317,2023-08-05
9131,Email,4425.48,279,2024-09-24
9132,Facebook,3029.42,183,2024-10-25
9133,Facebook,2339.6,373,2024-06-03
9134,Facebook,844.08,342,2023-04-25
9135,Instagram,467.96,88,2023-01-22
9136,Email,682.68,261,2023-02-03
9137,Facebook,1349.01,487,2024-01-29
9138,Facebook,3380.08,101,2024-09-07
9139,Google,1705.29,407,2023-12-20
9140,TikTok,227.17,214,2023-04-07
9141,Facebook,3187.71,224,2023-09-27
9142,Google,1781.23,484,2023-10-10
9143,Google,867.88,296,2024-11-28
9144,Facebook,1275.07,53,2024-10-22
9145,TikTok,3075.92,474,2023-08-03
9146,Google,2891.22,110,2024-07-14
9147,Google,1743.06,310,2023-03-21
9148,Facebook,1657.35,98,2024-11-13
9149,TikTok,4131.13,358,2023-06-17
9150,Email,4644.09,188,2024-08-04
9151,TikTok,3681.27,442,2023-08-27
9152,Facebook,4115.5,11,2023-09-12
9153,Email,3413.44,418,2024-04-20
9154,Google,2598.67,348,2024-01-10
9155,Email,2933.29,407,2024-11-23
9156,Google,1127.34,305,2024-05-25
9157,Facebook,92.97,272,2024-01-02
9158,Email,269.01,11,2023-03-16
9159,TikTok,3537.72,479,2023-02-22
9160,Instagram,1799.36,162,2023-12-03
9161,Google,3307.84,376,2023-04-10
9162,Email,3457.94,103,2024-08-28
9163,Facebook,3224.32,199,2024-11-29
9164,Facebook,151.49,451,2023-11-23
9165,TikTok,976.74,235,2023-02-22
9166,Instagram,4901.41,111,2023-08-03
9167,Google,3677.32,185,2024-11-20
9168,Instagram,2720.3,17,2023-12-10
9169,Instagram,2821.01,356,2023-05-17
9170,Google,466.88,27,2023-07-04
9171,TikTok,2803.36,232,2024-01-07
9172,Facebook,2386.29,426,2023-02-16
9173,Facebook,1178.05,499,2023-05-06
9174,Email,2016.43,152,2023-04-20
9175,Instagram,4367.34,106,2023-07-08
9176,Email,925.63,325,2024-08-30
9177,TikTok,2381.24,430,2023-09-19
9178,Email,2598.13,395,2024-08-13
9179,Facebook,3685.39,24,2024-08-25
9180,Instagram,973.56,436,2024-09-29
9181,TikTok,2509.09,378,2024-06-19
9182,Email,2495.99,261,2023-11-07
9183,Facebook,4847.41,283,2024-04-24
9184,Google,1361.71,320,2023-07-10
9185,Google,513.42,362,2024-01-02
9186,Email,1549.48,439,2023-05-29
9187,Google,1082.21,447,2023-12-27
9188,Email,1352.81,185,2024-07-18
9189,Google,3602.92,417,2023-01-22
9190,Instagram,4862.37,499,2024-10-21
9191,TikTok,680.54,418,2023-05-17
9192,Google,3759.43,86,2024-10-14
9193,TikTok,1332.02,395,2023-09-22
9194,TikTok,3228.05,170,2024-03-08
9195,Email,1068.33,467,2023-02-10
9196,Email,956.57,56,2023-12-07
9197,Instagram,4028.3,477,2023-05-14
9198,Google,4966.01,346,2023-07-14
9199,Facebook,3793.89,149,2023-08-09
9200,Google,4084.18,132,2024-05-08
9201,TikTok,2124.56,104,2023-02-17
9202,Facebook,4355.22,217,2023-08-27
9203,TikTok,3702.5,464,2023-06-30
9204,TikTok,2309.62,44,2023-07-02
9205,Facebook,3541.86,301,2023-07-07
9206,TikTok,3208.82,64,2023-01-20
9207,Instagram,1615.64,345,2024-08-30
9208,Google,370.47,73,2023-04-14
9209,Email,2666.75,179,2024-01-29
9210,TikTok,1396.49,154,2023-08-13
9211,Google,3607.31,426,2024-03-11
9212,Instagram,2249.17,69,2023-04-02
9213,Facebook,1980.67,490,2023-12-06
9214,Instagram,1251.91,165,2024-07-30
9215,TikTok,702.18,248,2023-05-10
9216,Email,1391.46,465,2023-09-09
9217,TikTok,2648.45,491,2023-06-24
9218,Facebook,4902.14,39,2023-05-18
9219,Email,1006.51,494,2024-06-12
9220,Email,4250.05,156,2023-10-05
9221,Instagram,2592.25,226,2024-11-24
9222,Google,2377.4,205,2023-08-15
9223,Email,795.38,278,2024-02-08
9224,Instagram,4782.6,41,2023-03-05
9225,TikTok,848.99,334,2023-03-09
9226,Email,2651.13,214,2024-07-28
9227,Email,1352.22,378,2023-08-11
9228,Email,2055.83,315,2023-04-12
9229,Instagram,2155.64,96,2024-07-03
9230,TikTok,2116.31,260,2023-10-03
9231,Instagram,1572.95,428,2024-01-10
9232,TikTok,466.7,178,2023-08-05
9233,Instagram,2514.92,360,2023-03-04
9234,Facebook,260.78,168,2024-10-17
9235,Instagram,1747.61,136,2024-10-31
9236,Email,961.78,295,2024-06-10
9237,Email,1946.13,21,2023-04-21
9238,TikTok,2686.88,488,2023-06-21
9239,TikTok,1199.06,143,2024-07-14
9240,Email,126.69,454,2024-10-07
9241,Google,120.29,134,2024-10-11
9242,Facebook,1395.37,258,2023-03-14
9243,Facebook,2312.01,461,2024-09-30
9244,Facebook,2079.23,477,2024-06-11
9245,Google,4741.19,197,2024-03-25
9246,TikTok,2772.97,373,2023-10-18
9247,Facebook,1815.74,457,2024-11-29
9248,Instagram,4141.41,80,2024-03-04
9249,Instagram,4652.12,412,2024-02-01
9250,Instagram,4815.5,26,2024-06-12
9251,Google,3570.26,167,2024-07-06
9252,TikTok,856.37,472,2023-08-12
9253,Google,170.35,264,2023-12-12
9254,Google,370.73,261,2023-02-13
9255,TikTok,2133.84,361,2023-12-05
9256,Instagram,3459.17,40,2024-05-02
9257,Facebook,3086.43,292,2024-02-10
9258,Instagram,1725.28,303,2023-06-21
9259,Email,3082.32,456,2023-10-07
9260,Instagram,3327.34,369,2023-09-25
9261,Email,899.11,195,2023-05-13
9262,TikTok,3582.25,52,2024-05-19
9263,Facebook,2415.98,98,2023-05-31
9264,Facebook,3853.61,442,2024-05-07
9265,Facebook,1381.31,376,2023-08-27
9266,Google,2181.44,428,2024-08-14
9267,Instagram,4670.43,142,2023-05-31
9268,TikTok,3781.05,72,2024-01-18
9269,Email,1187.84,379,2023-06-20
9270,Email,4809.04,447,2024-10-26
9271,Email,3885.96,184,2024-09-12
9272,TikTok,4985.62,455,2024-01-08
9273,Instagram,2261.11,304,2023-05-03
9274,Google,919.83,224,2023-04-14
9275,Instagram,1841.5,393,2023-05-15
9276,Google,3500.76,287,2023-04-09
9277,Facebook,3454.83,78,2024-01-15
9278,TikTok,3162.86,321,2024-03-30
9279,TikTok,275.71,298,2023-03-06
9280,Email,1094.88,37,2023-05-18
9281,Google,2491.51,486,2024-10-12
9282,TikTok,3411.24,455,2023-02-09
9283,Facebook,1883.01,3,2024-11-24
9284,Google,1231.36,316,2024-08-04
9285,Google,344.51,412,2023-06-05
9286,TikTok,2490.52,208,2024-03-07
9287,TikTok,3710.58,372,2023-07-22
9288,Facebook,2148.17,27,2023-06-06
9289,Facebook,915.97,313,2024-07-09
9290,Instagram,3047.62,464,2023-02-17
9291,Google,4698.91,491,2024-05-14
9292,Google,453.44,119,2023-08-16
9293,Facebook,339.01,376,2023-08-27
9294,TikTok,3090.75,193,2024-02-06
9295,Google,3064.66,240,2023-03-23
9296,TikTok,224.85,446,2023-05-10
9297,Instagram,1802.47,194,2023-11-05
9298,Google,2973.41,109,2023-08-16
9299,Google,2605.82,398,2023-06-28
9300,Facebook,4276.16,57,2024-11-18
9301,Google,4676.9,204,2023-12-24
9302,Email,4064.58,235,2024-04-21
9303,TikTok,4967.02,366,2023-07-30
9304,TikTok,2023.95,430,2023-09-08
9305,Email,4432.34,116,2024-10-31
9306,TikTok,3663.91,370,2024-05-04
9307,TikTok,3165.31,453,2023-05-04
9308,Email,1858.36,384,2024-09-19
9309,Google,3320.38,286,2023-05-17
9310,Email,2781.18,412,2024-07-16
9311,TikTok,2060.19,157,2023-03-28
9312,Instagram,1232.71,208,2023-08-04
9313,TikTok,1398.48,181,2024-10-13
9314,Google,419.72,352,2023-12-19
9315,Google,4976.32,489,2024-04-02
9316,Facebook,571.79,450,2023-11-17
9317,Google,4056.57,65,2023-11-28
9318,TikTok,877.81,409,2023-11-18
9319,Facebook,3886.21,352,2024-02-16
9320,TikTok,2456.61,262,2023-09-06
9321,Instagram,1040.52,344,2024-01-06
9322,Google,3534.56,286,2024-11-29
9323,Facebook,1474.7,244,2023-01-23
9324,Email,4832.83,365,2023-04-13
9325,Instagram,2765.74,351,2023-07-23
9326,Google,183.89,10,2024-08-10
9327,TikTok,1329.37,201,2023-05-13
9328,Email,1262.06,131,2023-07-15
9329,Instagram,2784.7,281,2023-03-01
9330,Google,1894.21,324,2023-12-25
9331,Instagram,2106.91,352,2023-05-17
9332,TikTok,4224.88,308,2023-09-29
9333,Instagram,4017.8,445,2024-03-17
9334,Facebook,445.53,116,2024-11-18
9335,Instagram,3997.58,74,2023-06-02
9336,Google,4481.28,332,2024-07-21
9337,TikTok,4763.27,43,2024-11-04
9338,TikTok,4331.92,334,2024-07-17
9339,Google,2461.67,43,2024-11-25
9340,Google,3341.95,129,2024-11-15
9341,Facebook,809.28,237,2024-03-19
9342,Facebook,3526.58,412,2023-04-13
9343,Email,1116.39,189,2023-04-23
9344,Email,2952.64,134,2024-04-10
9345,Google,1381.18,317,2024-03-14
9346,Facebook,2974.49,417,2024-02-29
9347,Facebook,1591.26,172,2024-10-14
9348,Email,4100.78,5,2023-03-10
9349,Google,4864.5,145,2024-09-19
9350,Google,2464.26,147,2024-04-15
9351,TikTok,4366.26,212,2023-06-27
9352,Google,2952.64,385,2024-05-22
9353,Instagram,4646.01,26,2024-05-11
9354,TikTok,4444.29,347,2023-07-06
9355,Facebook,1093.02,376,2024-05-26
9356,Google,643.75,72,2023-03-13
9357,TikTok,281.88,463,2024-11-25
9358,Instagram,3039.39,137,2024-11-05
9359,Google,1594.92,10,2024-01-11
9360,TikTok,3845.81,489,2023-09-30
9361,Google,1383.63,367,2023-04-26
9362,Instagram,2374.38,341,2023-03-06
9363,TikTok,3909.45,292,2023-04-20
9364,TikTok,414.67,449,2024-01-23
9365,Google,4066.52,103,2023-06-03
9366,Facebook,3151.87,369,2023-03-07
9367,Email,2353.64,323,2023-04-28
9368,Email,805.04,185,2024-05-14
9369,Email,4257.46,383,2024-07-22
9370,Instagram,438.8,453,2023-08-30
9371,TikTok,61.63,319,2023-12-21
9372,Google,4214.48,384,2024-09-09
9373,Facebook,1250.64,173,2024-01-05
9374,TikTok,4372.08,370,2023-12-17
9375,Instagram,4860.0,400,2024-04-30
9376,Google,2621.62,271,2024-03-16
9377,Google,984.82,81,2023-10-24
9378,Email,4929.82,100,2024-04-23
9379,Email,2087.76,236,2023-08-23
9380,Email,4840.89,394,2024-11-11
9381,Instagram,3371.46,460,2024-10-07
9382,Email,4557.53,87,2024-01-08
9383,Facebook,4040.24,25,2023-04-25
9384,TikTok,4198.67,42,2024-06-14
9385,Facebook,1422.84,429,2023-05-19
9386,Facebook,3597.17,262,2024-05-10
9387,Google,2632.86,493,2024-08-24
9388,TikTok,1981.16,49,2023-10-09
9389,TikTok,599.32,470,2023-05-24
9390,Google,963.13,471,2024-04-23
9391,Facebook,2891.55,159,2023-06-13
9392,Email,1015.79,324,2024-02-15
9393,Email,3074.48,418,2023-07-20
9394,Instagram,4533.06,206,2023-11-20
9395,Facebook,3237.97,117,2023-02-01
9396,Email,4488.21,391,2024-07-17
9397,Email,1327.72,404,2023-04-13
9398,TikTok,3920.83,216,2024-07-16
9399,TikTok,1293.23,464,2023-02-23
9400,Email,69.09,268,2023-12-23
9401,TikTok,4064.7,33,2024-11-01
9402,Instagram,1170.95,292,2024-04-04
9403,Google,3512.24,181,2023-01-29
9404,TikTok,3646.72,207,2023-03-21
9405,Email,465.48,20,2024-04-26
9406,TikTok,3116.04,269,2023-01-03
9407,Email,2487.95,89,2024-02-24
9408,Email,3537.42,239,2023-07-16
9409,Google,3518.61,30,2024-05-12
9410,TikTok,3324.91,279,2023-11-04
9411,TikTok,2119.49,40,2023-09-19
9412,Facebook,54.21,388,2024-04-28
9413,TikTok,2085.08,219,2023-04-16
9414,Google,1131.98,425,2023-03-25
9415,Facebook,1694.71,194,2024-02-15
9416,TikTok,4525.0,283,2024-06-28
9417,Google,1892.98,152,2024-10-25
9418,Email,3963.41,272,2024-10-30
9419,Instagram,1195.7,72,2023-12-19
9420,Facebook,1220.22,140,2024-09-17
9421,Google,4617.22,26,2024-05-28
9422,Instagram,1661.55,368,2023-06-05
9423,Instagram,1970.73,211,2024-10-02
9424,Email,2331.15,482,2023-09-17
9425,Google,3505.8,257,2024-02-04
9426,Facebook,2812.3,202,2024-08-28
9427,Google,1618.56,364,2023-06-16
9428,Instagram,4396.16,151,2024-06-22
9429,TikTok,2784.12,293,2023-07-07
9430,Google,786.97,383,2023-02-22
9431,Facebook,4854.52,111,2023-06-04
9432,Google,2616.26,22,2024-03-01
9433,Facebook,67.98,277,2023-06-10
9434,Email,1794.15,323,2024-05-14
9435,Google,3264.11,349,2024-01-08
9436,Email,393.07,175,2023-08-30
9437,Facebook,2971.88,126,2023-06-01
9438,Email,580.37,37,2023-11-26
9439,TikTok,652.29,417,2024-07-19
9440,Google,215.66,152,2023-08-21
9441,Google,3845.64,330,2023-11-18
9442,Instagram,1418.91,262,2024-09-24
9443,Email,2569.33,44,2023-10-17
9444,Google,4465.09,425,2023-08-05
9445,Instagram,2198.14,166,2024-09-11
9446,Facebook,3180.47,171,2023-11-23
9447,TikTok,3748.31,458,2023-08-21
9448,Google,785.1,376,2024-07-21
9449,TikTok,4791.26,200,2023-05-29
9450,Instagram,1590.96,231,2023-07-30
9451,Email,2649.09,386,2024-09-12
9452,Instagram,2495.82,478,2024-01-29
9453,Facebook,1184.4,88,2023-11-08
9454,Google,4013.75,163,2024-04-06
9455,Facebook,1080.24,201,2023-06-23
9456,Instagram,3246.37,270,2024-05-24
9457,Facebook,396.54,99,2023-09-21
9458,TikTok,4618.73,246,2023-11-04
9459,Instagram,1933.5,291,2023-05-03
9460,Facebook,4374.89,404,2023-04-14
9461,TikTok,2035.52,165,2024-08-01
9462,TikTok,236.55,352,2024-10-02
9463,Email,2369.75,375,2023-07-25
9464,TikTok,1039.63,315,2024-06-19
9465,Facebook,3557.12,74,2023-03-04
9466,Google,196.52,147,2024-08-07
9467,TikTok,559.36,163,2024-09-27
9468,TikTok,3163.0,321,2024-11-12
9469,Email,217.83,68,2024-08-21
9470,Facebook,1128.17,73,2023-11-20
9471,Google,2296.81,120,2024-10-12
9472,TikTok,2445.43,82,2023-04-30
9473,Google,1252.53,238,2024-06-15
9474,Instagram,3776.23,218,2023-01-24
9475,Instagram,467.86,83,2023-02-07
9476,Instagram,1982.21,78,2024-10-16
9477,Email,1794.6,69,2024-05-29
9478,Google,668.45,229,2024-10-28
9479,TikTok,2498.59,203,2024-04-29
9480,TikTok,1026.01,396,2024-10-30
9481,TikTok,2146.98,165,2023-12-03
9482,Instagram,4254.31,124,2023-05-25
9483,Instagram,2676.69,23,2024-01-10
9484,Facebook,4646.14,107,2024-09-26
9485,Instagram,2283.31,375,2024-02-29
9486,Instagram,4691.42,172,2024-05-07
9487,Google,2259.7,229,2023-02-20
9488,Email,193.17,318,2024-05-13
9489,Facebook,2655.33,465,2023-12-19
9490,Google,4764.58,374,2024-02-22
9491,Facebook,4703.54,133,2023-03-27
9492,TikTok,145.61,286,2023-02-05
9493,Facebook,1316.25,204,2024-07-10
9494,Email,3654.71,200,2024-10-09
9495,Google,1454.82,15,2024-09-17
9496,Instagram,722.58,235,2023-06-17
9497,Email,4467.18,379,2024-07-05
9498,Facebook,447.1,268,2023-03-14
9499,Facebook,3627.09,188,2023-08-30
9500,Instagram,4220.23,363,2024-07-25
9501,Email,2970.41,408,2023-02-28
9502,Facebook,3543.0,317,2023-12-20
9503,Facebook,262.14,392,2024-11-25
9504,Instagram,1364.0,143,2024-03-04
9505,TikTok,1136.69,329,2024-11-09
9506,Instagram,2873.54,73,2023-06-20
9507,Instagram,1681.7,46,2023-05-21
9508,Email,1820.33,474,2023-03-02
9509,Facebook,3411.65,307,2023-02-25
9510,Instagram,1954.56,40,2023-06-09
9511,Email,2747.28,78,2023-06-11
9512,Facebook,3607.31,391,2023-06-30
9513,TikTok,4009.67,35,2024-09-13
9514,TikTok,3624.69,422,2024-07-17
9515,Google,4934.02,130,2023-04-22
9516,Google,4763.71,138,2024-03-17
9517,TikTok,2058.41,103,2023-12-24
9518,Email,4173.93,15,2023-11-17
9519,Email,587.94,260,2024-03-03
9520,Instagram,726.02,49,2023-01-05
9521,Google,1335.98,46,2023-12-08
9522,Instagram,1588.62,41,2024-09-28
9523,Instagram,2415.78,202,2024-01-04
9524,Instagram,1606.05,37,2024-11-01
9525,Instagram,2679.45,348,2023-10-12
9526,Facebook,3889.69,254,2023-03-24
9527,TikTok,615.93,394,2024-02-03
9528,Instagram,3126.27,225,2023-01-13
9529,Facebook,3111.2,461,2024-09-25
9530,Instagram,2145.75,259,2024-08-08
9531,Google,2556.52,33,2023-05-28
9532,Facebook,3284.84,214,2023-07-16
9533,Instagram,4015.66,351,2023-05-13
9534,Facebook,2606.66,24,2023-10-29
9535,Instagram,1200.68,22,2024-01-02
9536,Facebook,942.96,217,2023-09-28
9537,Email,1505.88,71,2023-11-01
9538,Google,1766.22,241,2024-09-01
9539,TikTok,4358.55,239,2024-03-21
9540,TikTok,923.74,58,2024-04-06
9541,TikTok,2657.05,4,2023-05-12
9542,TikTok,3448.32,244,2024-04-16
9543,Instagram,3826.53,372,2023-03-04
9544,Google,2782.11,479,2024-10-10
9545,Google,1465.92,56,2023-07-08
9546,Google,750.12,215,2023-08-31
9547,TikTok,3498.89,82,2024-08-22
9548,Email,2894.77,146,2024-06-17
9549,Email,3962.78,117,2024-01-21
9550,Instagram,3003.98,458,2024-09-26
9551,Instagram,3772.18,0,2024-03-11
9552,Google,2803.58,397,2023-02-23
9553,TikTok,3855.27,46,2023-05-04
9554,Google,614.86,94,2024-03-13
9555,Facebook,3416.98,267,2023-08-01
9556,Google,1563.34,348,2023-06-05
9557,TikTok,2471.07,395,2023-11-07
9558,TikTok,1991.62,203,2023-09-26
9559,Google,4056.89,452,2023-06-25
9560,Instagram,3372.02,186,2024-05-29
9561,TikTok,3856.86,475,2024-07-29
9562,Instagram,4804.63,261,2024-11-02
9563,TikTok,1360.29,417,2024-07-20
9564,Google,174.33,195,2024-11-25
9565,Facebook,1147.84,243,2024-08-05
9566,Facebook,3101.91,406,2024-06-16
9567,Google,4869.38,70,2024-03-30
9568,Google,904.98,305,2024-11-04
9569,Google,3862.28,15,2023-04-11
9570,Instagram,3894.92,255,2024-10-11
9571,Instagram,3047.54,309,2024-03-02
9572,Google,2101.88,143,2023-11-16
9573,Instagram,134.13,469,2024-04-24
9574,TikTok,2069.35,451,2024-08-04
9575,Google,1426.84,431,2023-10-15
9576,Email,4842.76,384,2023-01-19
9577,Facebook,2048.41,168,2024-11-11
9578,Facebook,3077.82,421,2023-04-18
9579,Google,2112.11,369,2024-02-09
9580,TikTok,3346.51,373,2024-09-27
9581,Facebook,3483.05,455,2023-07-06
9582,Facebook,4344.81,218,2024-11-18
9583,Email,3385.45,49,2023-11-11
9584,TikTok,123.94,380,2023-07-07
9585,Instagram,1112.34,328,2024-09-07
9586,Google,4577.65,274,2023-04-17
9587,Instagram,2314.23,488,2023-05-25
9588,Google,2110.56,294,2024-01-15
9589,Facebook,1981.98,282,2023-07-24
9590,Instagram,3583.47,238,2023-02-20
9591,Google,4793.79,172,2023-04-27
9592,Instagram,1034.86,84,2023-05-21
9593,Facebook,2679.8,266,2024-08-13
9594,TikTok,100.37,356,2024-10-29
9595,Facebook,309.49,154,2023-02-28
9596,TikTok,3885.31,312,2024-08-25
9597,TikTok,2848.15,338,2024-10-05
9598,Facebook,3611.64,246,2023-10-18
9599,Email,1711.05,124,2023-11-05
9600,Email,3072.95,468,2023-04-26
9601,Instagram,479.55,28,2023-03-12
9602,TikTok,1437.02,144,2023-12-31
9603,TikTok,1132.79,403,2023-07-03
9604,Google,1609.91,50,2024-06-02
9605,TikTok,3698.32,97,2024-08-01
9606,Email,915.42,446,2024-08-29
9607,Facebook,2489.48,206,2024-01-25
9608,Email,4936.25,493,2024-03-04
9609,Google,730.59,76,2024-04-16
9610,Google,226.75,208,2023-10-08
9611,TikTok,2762.29,119,2024-09-08
9612,Email,2516.41,98,2023-04-12
9613,Facebook,300.88,263,2023-03-02
9614,Google,3836.57,216,2024-02-18
9615,Google,4012.12,405,2023-03-22
9616,TikTok,109.2,489,2023-09-25
9617,Instagram,3733.72,334,2023-11-10
9618,Instagram,3393.31,123,2023-11-22
9619,Facebook,1309.2,90,2023-04-27
9620,TikTok,4874.56,270,2023-01-30
9621,TikTok,2056.05,470,2024-07-29
9622,Google,3852.08,459,2024-05-22
9623,Facebook,1792.17,486,2024-06-28
9624,Email,3412.61,85,2024-09-15
9625,TikTok,4809.66,9,2023-08-01
9626,TikTok,2070.56,27,2023-08-29
9627,TikTok,729.81,256,2023-03-13
9628,Facebook,3853.95,205,2023-05-29
9629,TikTok,4264.45,158,2024-07-11
9630,Google,2897.98,251,2023-03-18
9631,Email,1828.78,105,2024-01-10
9632,Google,3139.33,409,2024-02-14
9633,TikTok,4067.87,94,2023-11-28
9634,Google,2903.95,323,2023-06-03
9635,Google,1373.19,298,2024-09-28
9636,Email,2946.78,283,2023-09-01
9637,Facebook,1761.46,23,2024-03-23
9638,TikTok,2936.69,367,2024-08-04
9639,Facebook,3737.02,253,2024-11-29
9640,Google,3894.84,402,2023-12-15
9641,TikTok,95.98,39,2023-01-11
9642,Facebook,4390.02,136,2024-10-21
9643,Google,2106.02,113,2024-11-16
9644,Google,295.85,158,2023-07-12
9645,TikTok,1034.64,95,2023-11-02
9646,Email,3754.5,52,2024-08-08
9647,Email,4514.26,368,2024-08-11
9648,Email,4040.06,395,2024-11-16
9649,TikTok,919.57,431,2023-04-23
9650,Email,1071.37,211,2024-03-23
9651,Facebook,2349.44,370,2023-09-23
9652,Instagram,1523.73,3,2023-11-20
9653,Google,4710.84,363,2023-09-03
9654,Facebook,3240.25,363,2023-10-07
9655,Google,2321.46,462,2023-04-14
9656,Google,4032.43,429,2024-06-28
9657,Email,1139.58,227,2024-09-23
9658,Facebook,4561.16,325,2024-05-01
9659,Email,4309.02,195,2023-02-04
9660,Google,3677.37,53,2024-09-21
9661,Google,1198.28,379,2024-09-08
9662,Instagram,196.58,121,2024-10-24
9663,Email,1828.86,460,2023-09-09
9664,Facebook,4224.4,458,2024-07-13
9665,Google,194.55,474,2023-09-20
9666,TikTok,4333.68,490,2024-11-21
9667,Email,2777.02,245,2023-09-04
9668,Facebook,756.24,359,2023-12-23
9669,Email,3813.04,204,2024-04-26
9670,Instagram,2105.33,468,2023-09-08
9671,Google,3155.46,3,2024-01-25
9672,Google,1451.6,348,2024-10-12
9673,Email,3824.5,117,2023-12-25
9674,Facebook,4089.89,484,2024-04-02
9675,TikTok,1433.77,345,2024-05-20
9676,Email,1804.66,253,2024-08-14
9677,TikTok,3393.69,68,2023-12-19
9678,Google,3978.98,37,2023-04-21
9679,TikTok,4133.06,406,2024-03-21
9680,Instagram,3813.01,356,2024-03-10
9681,Email,222.93,460,2023-06-27
9682,Instagram,4224.28,429,2023-11-28
9683,Instagram,2167.9,91,2024-02-06
9684,Facebook,2669.99,192,2023-09-27
9685,Email,2543.75,134,2024-01-30
9686,Instagram,1126.17,293,2024-04-10
9687,Google,4020.56,99,2024-11-03
9688,Instagram,4927.2,107,2024-05-21
9689,Google,4172.5,331,2023-07-30
9690,Instagram,165.79,483,2023-10-13
9691,Email,4622.75,271,2024-10-29
9692,TikTok,3941.89,56,2024-05-25
9693,TikTok,4512.41,88,2024-11-01
9694,Google,3675.64,36,2024-08-06
9695,TikTok,990.96,332,2024-02-24
9696,Facebook,1100.42,197,2023-08-09
9697,Instagram,2871.91,123,2023-03-28
9698,TikTok,3499.39,209,2023-10-20
9699,Instagram,3585.65,488,2024-11-25
9700,TikTok,419.53,396,2023-04-04
9701,TikTok,3399.03,8,2023-06-21
9702,Facebook,1164.28,455,2024-09-04
9703,Facebook,3506.54,199,2024-11-22
9704,Google,3048.11,468,2023-07-24
9705,Instagram,504.51,386,2023-12-27
9706,Instagram,4558.42,303,2023-02-19
9707,Google,74.96,162,2023-04-25
9708,Instagram,519.34,32,2023-07-25
9709,Instagram,1606.88,219,2023-05-31
9710,Email,4548.44,264,2024-10-24
9711,Google,114.66,23,2023-09-09
9712,Facebook,3663.72,87,2023-02-02
9713,Email,3341.63,5,2024-06-15
9714,Email,1829.11,248,2024-02-25
9715,Google,451.54,99,2023-06-16
9716,TikTok,491.64,351,2023-08-23
9717,Instagram,2748.48,450,2023-01-19
9718,Facebook,1367.14,400,2024-02-22
9719,Email,4903.54,211,2023-08-16
9720,Google,3666.27,122,2024-02-28
9721,Facebook,318.01,312,2024-08-23
9722,Instagram,859.78,115,2023-10-09
9723,Email,228.96,425,2024-02-01
9724,Instagram,2245.22,441,2023-10-08
9725,Email,3529.34,117,2023-11-27
9726,TikTok,2436.08,424,2024-10-29
9727,Facebook,3146.32,300,2024-05-25
9728,Facebook,2258.76,11,2023-08-29
9729,Instagram,372.67,480,2023-12-16
9730,Email,4743.25,49,2023-01-15
9731,Email,2326.4,74,2023-02-27
9732,Instagram,2942.74,292,2023-01-06
9733,Google,3546.55,130,2024-09-07
9734,Facebook,585.86,486,2023-03-18
9735,Facebook,394.9,330,2023-01-14
9736,Google,2385.34,197,2023-01-24
9737,Instagram,1007.96,464,2024-05-04
9738,TikTok,4262.42,399,2024-01-11
9739,Google,201.04,171,2024-05-07
9740,Google,742.51,378,2023-09-04
9741,Instagram,1486.83,456,2024-04-18
9742,Email,916.06,228,2023-04-06
9743,Google,518.67,165,2023-02-13
9744,TikTok,2878.63,78,2023-01-14
9745,TikTok,2370.1,330,2023-07-24
9746,Google,3268.2,268,2024-11-27
9747,Instagram,1814.92,264,2024-05-02
9748,TikTok,4803.03,398,2023-05-25
9749,TikTok,317.56,486,2023-07-31
9750,Email,4734.8,96,2024-06-12
9751,Facebook,3367.4,145,2024-01-19
9752,Email,2147.71,380,2024-11-21
9753,Email,1652.72,37,2024-08-31
9754,Facebook,3080.33,201,2023-03-06
9755,TikTok,943.81,452,2024-06-23
9756,Instagram,1011.85,442,2023-01-23
9757,Google,4273.89,174,2023-02-27
9758,TikTok,3104.6,321,2023-11-01
9759,Facebook,68.19,386,2024-04-04
9760,Facebook,3046.78,212,2024-10-17
9761,Instagram,2708.28,325,2024-08-25
9762,Instagram,2660.09,367,2023-08-14
9763,Email,4376.7,334,2024-07-20
9764,Google,3212.52,398,2023-01-30
9765,Instagram,4361.99,428,2023-05-20
9766,Instagram,3788.47,441,2023-09-01
9767,Facebook,52.67,66,2024-01-13
9768,Instagram,2520.4,396,2023-09-18
9769,Instagram,2284.75,324,2023-02-19
9770,Instagram,2514.21,36,2024-11-28
9771,Email,324.15,228,2023-08-26
9772,TikTok,4422.38,31,2024-04-14
9773,TikTok,2195.68,180,2024-11-23
9774,Google,3201.78,190,2023-07-02
9775,Google,2640.76,39,2023-12-25
9776,Email,4311.51,124,2023-06-29
9777,Instagram,4879.45,117,2023-11-16
9778,TikTok,4235.9,488,2023-05-23
9779,Email,4695.61,40,2024-04-04
9780,Email,1891.58,286,2024-07-13
9781,Google,339.67,54,2024-10-03
9782,Google,2546.85,346,2024-08-26
9783,Facebook,1622.33,130,2024-06-03
9784,Instagram,3069.05,475,2024-08-29
9785,Google,760.32,464,2024-08-07
9786,TikTok,755.75,377,2024-03-05
9787,TikTok,1958.51,159,2024-03-27
9788,Email,2484.98,148,2024-06-14
9789,Google,603.97,42,2024-01-19
9790,Instagram,1887.44,225,2024-10-31
9791,Facebook,720.01,194,2024-05-29
9792,TikTok,1127.2,80,2023-09-05
9793,Facebook,856.63,345,2024-07-21
9794,Google,3628.75,84,2023-06-20
9795,Email,4496.09,426,2024-02-11
9796,Instagram,3964.15,295,2024-03-10
9797,Email,909.36,94,2023-05-26
9798,TikTok,1537.07,450,2023-06-13
9799,Google,2246.34,362,2023-01-13
9800,TikTok,3296.4,302,2023-12-26
9801,Email,4660.11,159,2023-10-02
9802,Email,3838.0,78,2024-11-02
9803,Email,629.76,390,2024-01-01
9804,Instagram,710.35,123,2023-09-03
9805,Facebook,1374.19,229,2023-05-16
9806,Facebook,712.8,360,2023-04-10
9807,Email,2941.72,75,2024-09-21
9808,TikTok,384.36,476,2023-02-21
9809,Facebook,4556.88,326,2023-03-19
9810,Instagram,3639.43,302,2023-06-04
9811,Instagram,4258.6,235,2024-06-18
9812,Google,4636.74,479,2024-08-16
9813,Google,475.74,130,2023-03-09
9814,TikTok,3300.39,269,2023-05-27
9815,Instagram,2596.33,429,2024-03-12
9816,Google,696.48,444,2024-02-03
9817,Instagram,1260.27,264,2023-02-15
9818,TikTok,1557.94,387,2023-02-26
9819,Instagram,2560.38,348,2023-06-24
9820,Email,3496.14,72,2024-10-23
9821,Facebook,4675.65,234,2023-05-17
9822,Instagram,1028.73,342,2023-06-27
9823,TikTok,3090.66,355,2023-09-15
9824,Google,4792.41,74,2024-04-02
9825,Instagram,799.44,375,2024-05-26
9826,Facebook,3026.32,5,2024-02-09
9827,Facebook,3757.73,126,2023-02-06
9828,Email,2368.74,293,2024-05-27
9829,Google,1794.58,407,2023-08-07
9830,Facebook,494.66,211,2024-10-20
9831,Google,698.67,216,2024-03-18
9832,Instagram,4280.2,311,2024-10-24
9833,Google,3134.34,59,2023-07-04
9834,TikTok,2022.3,242,2023-07-26
9835,TikTok,1841.71,233,2023-12-01
9836,Email,4909.47,107,2023-06-05
9837,Instagram,816.83,151,2023-02-18
9838,Email,832.93,2,2024-10-15
9839,TikTok,2244.31,171,2024-07-27
9840,TikTok,1879.2,326,2024-04-14
9841,Instagram,4197.9,239,2023-05-06
9842,Google,2909.31,398,2024-03-31
9843,Facebook,179.08,241,2023-02-09
9844,Instagram,4589.95,491,2024-02-18
9845,TikTok,1326.48,319,2023-08-23
9846,Facebook,880.65,24,2023-10-13
9847,Facebook,1962.18,50,2023-07-26
9848,TikTok,1857.2,47,2024-07-12
9849,Email,698.84,287,2024-08-01
9850,Facebook,869.14,399,2023-12-13
9851,Email,1457.96,192,2024-10-31
9852,Google,1632.16,373,2023-09-11
9853,Google,2126.79,107,2024-07-03
9854,Google,2854.4,330,2024-10-21
9855,Facebook,2901.62,290,2024-07-24
9856,Instagram,4836.96,456,2024-04-22
9857,Google,3740.19,443,2023-12-20
9858,Facebook,3756.61,34,2023-07-30
9859,TikTok,3037.26,329,2023-01-26
9860,Facebook,1545.87,387,2024-07-13
9861,TikTok,1566.19,54,2023-04-21
9862,Facebook,4496.61,84,2024-03-20
9863,Facebook,1186.05,23,2024-10-23
9864,Google,2006.63,470,2024-10-10
9865,Facebook,379.04,221,2024-06-19
9866,Instagram,1477.32,72,2024-07-09
9867,Facebook,3300.36,90,2023-01-04
9868,Instagram,4481.86,54,2024-02-18
9869,Email,124.15,242,2023-12-31
9870,Instagram,4522.5,31,2023-11-24
9871,Email,975.01,350,2024-03-18
9872,Instagram,3616.14,238,2024-03-26
9873,TikTok,1004.1,426,2023-07-23
9874,Google,2100.6,151,2024-11-20
9875,Email,279.94,204,2024-02-09
9876,Email,530.49,243,2023-11-25
9877,Google,229.7,404,2024-01-29
9878,Google,3627.29,317,2023-03-12
9879,Facebook,2345.05,76,2023-12-23
9880,Instagram,3474.94,340,2023-02-13
9881,Google,3572.91,30,2024-08-17
9882,Instagram,915.59,202,2023-01-13
9883,Email,409.63,449,2024-11-07
9884,Instagram,1657.04,437,2023-11-02
9885,Google,3976.92,378,2024-06-24
9886,TikTok,410.89,270,2023-08-21
9887,Google,3785.31,487,2023-11-23
9888,TikTok,3890.51,400,2023-11-14
9889,Email,4382.33,392,2023-12-23
9890,Email,3549.05,115,2024-02-09
9891,TikTok,4396.62,43,2024-10-24
9892,Instagram,3737.43,281,2023-11-12
9893,Google,3044.47,124,2024-04-26
9894,Google,3078.7,450,2024-07-28
9895,Email,4664.32,261,2023-03-26
9896,Facebook,2817.27,393,2024-11-09
9897,Google,1619.07,167,2024-08-24
9898,TikTok,3288.22,367,2023-10-07
9899,Facebook,3753.06,141,2023-07-15
9900,Facebook,520.26,22,2023-10-05
9901,Email,3132.63,88,2023-03-22
9902,Google,249.05,207,2024-08-05
9903,Facebook,4388.38,62,2024-09-29
9904,Google,3784.51,355,2023-05-21
9905,Google,3011.96,281,2023-03-08
9906,Instagram,2720.44,354,2023-07-14
9907,Email,2334.07,227,2023-11-03
9908,Google,4384.22,353,2023-09-29
9909,Instagram,4933.3,104,2024-08-17
9910,Email,2420.8,437,2023-03-05
9911,Facebook,58.37,488,2024-03-04
9912,Facebook,3460.79,248,2024-10-27
9913,Email,4150.4,131,2023-02-13
9914,Email,3088.64,258,2023-07-25
9915,TikTok,981.67,105,2023-07-17
9916,Instagram,4592.14,385,2024-11-14
9917,Google,1031.29,73,2024-11-19
9918,TikTok,4401.72,119,2023-09-30
9919,Facebook,4007.27,447,2023-11-08
9920,Instagram,2196.28,422,2024-08-27
9921,Facebook,4683.44,195,2024-01-26
9922,Facebook,3811.0,447,2024-04-23
9923,Instagram,314.0,223,2024-04-25
9924,Facebook,2601.13,122,2023-03-05
9925,Email,54.96,16,2023-03-08
9926,Instagram,99.0,85,2024-04-20
9927,Facebook,2831.91,274,2023-02-07
9928,Google,4808.7,284,2023-03-16
9929,Google,4578.82,57,2023-05-26
9930,Email,1899.59,209,2024-11-30
9931,Instagram,815.93,180,2024-08-03
9932,Facebook,3290.71,56,2024-07-22
9933,TikTok,963.86,125,2023-03-22
9934,Email,3091.08,434,2024-11-30
9935,Google,1734.94,121,2024-10-10
9936,Instagram,4778.72,277,2023-10-24
9937,Facebook,2939.68,165,2024-09-12
9938,TikTok,4398.34,494,2023-05-27
9939,Instagram,673.53,480,2023-06-24
9940,TikTok,1458.01,196,2023-01-01
9941,Facebook,3246.22,325,2024-10-14
9942,Email,4395.92,104,2023-08-10
9943,Facebook,4787.7,483,2023-03-15
9944,TikTok,4926.31,269,2024-05-05
9945,Email,3804.12,162,2023-11-20
9946,TikTok,3306.22,157,2024-01-19
9947,Email,2821.99,223,2024-09-08
9948,Instagram,3883.5,64,2023-10-19
9949,Facebook,1293.55,342,2023-05-25
9950,Facebook,2974.22,33,2024-10-01
9951,Google,3956.58,113,2024-02-18
9952,Google,378.02,155,2023-03-27
9953,Facebook,2896.65,342,2024-02-13
9954,TikTok,4231.66,142,2023-06-18
9955,Instagram,2088.49,471,2023-06-03
9956,TikTok,1263.46,69,2024-10-18
9957,TikTok,1009.46,393,2024-04-10
9958,Instagram,4302.19,272,2023-02-19
9959,TikTok,4084.21,342,2024-11-24
9960,Instagram,75.09,493,2024-05-31
9961,TikTok,3187.98,35,2024-08-08
9962,Facebook,1641.13,361,2023-06-11
9963,Facebook,3470.12,146,2023-01-21
9964,Google,3479.7,271,2023-09-18
9965,TikTok,3955.89,285,2023-12-28
9966,Email,1049.92,4,2024-02-25
9967,TikTok,3211.07,316,2023-11-06
9968,TikTok,3043.29,79,2023-10-24
9969,TikTok,2562.8,120,2024-05-24
9970,Facebook,3768.47,80,2023-10-18
9971,Instagram,3324.5,443,2024-08-09
9972,Email,2301.28,291,2024-10-28
9973,TikTok,368.38,179,2023-01-31
9974,Google,3615.63,231,2024-05-23
9975,Google,2409.89,223,2023-06-06
9976,Instagram,824.5,316,2024-09-04
9977,Google,2474.89,454,2024-09-04
9978,Facebook,4868.26,282,2024-08-22
9979,Instagram,339.16,229,2024-05-28
9980,Facebook,3470.23,1,2023-11-17
9981,TikTok,286.74,56,2024-01-05
9982,Facebook,3787.34,340,2023-08-22
9983,Google,791.89,241,2024-09-18
9984,Instagram,1309.52,145,2023-07-24
9985,Email,4619.31,132,2024-09-22
9986,Google,4950.13,261,2024-01-11
9987,TikTok,4488.5,478,2023-08-16
9988,TikTok,3289.7,261,2023-04-10
9989,TikTok,2422.88,134,2023-04-11
9990,TikTok,4945.93,18,2023-10-30
9991,Google,3899.74,160,2023-02-15
9992,TikTok,1277.89,231,2023-10-22
9993,TikTok,3956.85,80,2023-03-25
9994,Email,3004.81,68,2023-05-01
9995,Email,3860.89,168,2024-05-08
9996,Google,1574.56,38,2023-04-06
9997,Email,2252.68,431,2024-03-27
9998,TikTok,1861.9,392,2023-07-28
9999,Email,3735.54,336,2024-01-05
10000,Google,962.17,227,2023-12-07
10001,Google,4570.56,120,2023-08-04
10002,Email,444.41,470,2023-08-15
10003,Google,3940.74,147,2024-03-17
10004,Instagram,4893.53,364,2024-02-12
10005,Email,1072.17,153,2024-10-26
10006,Instagram,1048.89,161,2024-01-04
10007,Email,2298.78,444,2023-12-27
10008,TikTok,1364.96,172,2024-11-15
10009,TikTok,2718.49,477,2024-02-21
10010,TikTok,831.61,436,2024-01-04
10011,Email,2984.51,354,2024-01-19
10012,Instagram,4083.18,114,2023-08-30
10013,Facebook,2700.59,401,2023-11-23
10014,Facebook,818.49,471,2024-05-11
10015,Instagram,4108.61,278,2023-10-07
10016,Google,519.76,307,2024-10-11
10017,Google,2122.79,366,2023-06-17
10018,Instagram,491.6,384,2024-09-11
10019,Facebook,3214.91,136,2023-01-30
10020,Instagram,861.31,346,2024-06-17
10021,Google,1182.8,318,2024-03-26
10022,Email,3023.89,262,2024-06-19
10023,Google,4090.37,296,2023-07-23
10024,Email,3009.69,314,2024-09-21
10025,Email,503.04,340,2023-10-07
10026,TikTok,3516.3,31,2024-04-06
10027,Google,3107.52,112,2024-07-02
10028,Google,840.86,186,2023-04-20
10029,Google,656.5,115,2023-11-16
10030,Instagram,1135.7,31,2024-10-08
10031,Email,2978.69,54,2024-05-05
10032,Google,181.19,397,2024-08-16
10033,Instagram,682.79,152,2023-08-03
10034,Instagram,4029.56,15,2023-02-09
10035,Facebook,549.82,422,2023-03-26
10036,TikTok,4896.98,95,2023-08-11
10037,Facebook,466.55,199,2023-03-29
10038,Google,479.27,362,2023-06-27
10039,Email,282.8,181,2024-01-04
10040,Google,1211.81,245,2023-06-04
10041,Email,1804.21,482,2024-11-02
10042,Google,1816.05,110,2024-09-16
10043,TikTok,3383.3,48,2023-02-12
10044,Email,1922.2,234,2024-01-13
10045,Instagram,4734.47,268,2024-04-26
10046,Email,4989.64,18,2023-11-01
10047,Google,571.73,170,2024-03-24
10048,Facebook,2050.57,459,2023-04-19
10049,Facebook,1688.42,11,2024-06-05
10050,Instagram,1043.14,292,2024-05-06
10051,Google,4294.61,323,2023-02-12
10052,Instagram,2502.52,448,2023-06-24
10053,Google,4458.82,483,2024-01-04
10054,Google,1428.04,177,2023-01-16
10055,TikTok,4052.35,57,2024-03-09
10056,Google,3713.68,122,2024-08-08
10057,Email,232.47,408,2023-10-16
10058,TikTok,1837.17,224,2024-02-08
10059,TikTok,3179.7,112,2023-01-02
10060,TikTok,3263.41,281,2023-05-14
10061,Facebook,515.91,116,2023-03-02
10062,Facebook,4972.17,212,2024-03-21
10063,Instagram,1192.22,432,2023-08-09
10064,Email,3299.85,395,2023-08-19
10065,Instagram,4941.06,211,2024-08-17
10066,TikTok,1922.72,263,2023-12-07
10067,Email,1776.2,428,2024-11-12
10068,Google,3592.6,51,2024-04-18
10069,TikTok,93.29,315,2024-10-14
10070,Email,4007.73,264,2023-09-22
10071,Instagram,2524.88,476,2024-10-18
10072,Facebook,4594.93,120,2024-10-29
10073,TikTok,4368.94,312,2024-06-26
10074,TikTok,492.84,104,2024-02-24
10075,Google,4825.24,129,2023-11-01
10076,TikTok,2063.85,259,2023-11-12
10077,Instagram,4495.45,408,2024-09-13
10078,Instagram,4585.34,37,2024-11-05
10079,Email,4994.62,459,2024-05-16
10080,TikTok,862.69,55,2023-08-10
10081,TikTok,4903.65,260,2023-05-10
10082,Instagram,303.4,304,2023-11-29
10083,Instagram,4397.67,484,2023-12-26
10084,Email,170.57,491,2023-10-14
10085,Facebook,152.52,11,2024-08-21
10086,Email,1345.39,418,2023-05-19
10087,TikTok,2704.04,214,2024-07-25
10088,Instagram,4885.76,109,2023-06-08
10089,Google,2776.82,206,2024-05-14
10090,Instagram,4891.99,170,2023-07-26
10091,Facebook,3466.28,15,2024-04-07
10092,Google,1898.11,169,2023-12-28
10093,TikTok,3781.52,349,2024-06-02
10094,Facebook,1436.94,363,2024-05-31
10095,TikTok,3692.0,81,2024-06-22
10096,TikTok,2364.15,232,2024-08-06
10097,Facebook,4672.66,472,2024-11-14
10098,Email,1163.44,345,2023-10-19
10099,Instagram,4156.74,233,2023-06-05
10100,Facebook,4126.96,303,2024-04-11
10101,Email,271.11,308,2024-11-13
10102,Email,3104.79,451,2023-07-27
10103,Email,4446.21,424,2023-10-13
10104,TikTok,2868.68,147,2024-02-09
10105,TikTok,4684.3,152,2023-11-19
10106,Instagram,2304.62,69,2023-05-04
10107,Instagram,316.6,187,2023-04-24
10108,Email,326.89,304,2023-11-12
10109,Google,4620.02,359,2024-10-31
10110,TikTok,1338.59,376,2023-01-07
10111,Google,2491.66,86,2023-07-04
10112,Google,547.26,198,2024-09-07
10113,TikTok,2591.64,374,2023-12-18
10114,Facebook,3235.13,402,2024-05-10
10115,Facebook,4784.75,11,2023-11-09
10116,Instagram,3190.59,60,2023-05-09
10117,Google,1916.29,233,2024-11-02
10118,Facebook,1886.26,334,2023-06-13
10119,Instagram,1378.64,285,2024-06-16
10120,Google,1813.01,441,2024-10-17
10121,Facebook,1373.79,69,2024-05-03
10122,Facebook,3070.65,62,2024-05-09
10123,Facebook,179.17,427,2024-10-28
10124,Email,740.02,177,2024-10-07
10125,Instagram,3149.73,485,2023-09-17
10126,Instagram,3098.43,413,2023-08-16
10127,Google,598.14,49,2024-07-26
10128,Instagram,2549.96,245,2023-11-07
10129,TikTok,4694.79,160,2024-07-28
10130,Facebook,1752.61,350,2023-03-09
10131,Email,3650.46,421,2024-09-06
10132,Facebook,4003.29,447,2024-09-18
10133,Google,406.7,68,2023-07-23
10134,TikTok,4900.61,95,2023-11-07
10135,Instagram,3110.24,308,2024-09-01
10136,Facebook,901.84,368,2023-02-24
10137,Facebook,635.87,18,2023-01-21
10138,Instagram,3347.59,348,2023-12-12
10139,Instagram,3537.52,440,2023-05-22
10140,Google,1371.45,460,2023-09-04
10141,Facebook,652.22,200,2024-11-02
10142,TikTok,2313.37,377,2023-10-23
10143,Instagram,900.16,198,2023-08-21
10144,Google,1515.84,41,2024-08-13
10145,Email,3307.17,325,2023-07-06
10146,Facebook,3092.56,196,2024-02-24
10147,Facebook,3514.36,239,2023-04-05
10148,Facebook,3816.89,171,2024-01-12
10149,Facebook,2318.31,237,2023-03-06
10150,Google,4482.34,21,2023-02-13
10151,Facebook,1360.86,151,2024-04-19
10152,Google,1628.86,249,2023-06-09
10153,Google,474.95,406,2023-08-25
10154,Email,2295.66,56,2024-07-07
10155,TikTok,1211.47,366,2023-03-26
10156,Facebook,2555.12,301,2024-06-18
10157,Email,2396.9,481,2023-08-03
10158,Instagram,4411.25,48,2024-07-10
10159,Email,1381.85,89,2023-05-20
10160,Email,116.64,359,2024-10-22
10161,Facebook,4548.69,116,2024-06-11
10162,Email,3826.11,114,2024-02-23
10163,Facebook,2966.74,100,2023-05-01
10164,Instagram,2881.6,144,2024-01-11
10165,Instagram,291.76,498,2023-01-23
10166,Instagram,1785.87,442,2024-01-23
10167,Facebook,4147.97,54,2023-11-20
10168,Google,1083.12,19,2024-07-29
10169,Facebook,4243.71,480,2024-09-01
10170,Email,3293.23,482,2023-01-21
10171,Email,1309.81,324,2023-09-06
10172,TikTok,4224.8,62,2023-06-08
10173,Instagram,3413.21,132,2024-09-16
10174,Instagram,854.82,290,2023-10-28
10175,TikTok,398.24,345,2023-02-11
10176,Google,2983.86,376,2024-07-12
10177,Email,4111.94,135,2024-02-03
10178,TikTok,3591.45,211,2023-05-17
10179,TikTok,1805.76,399,2024-04-06
10180,Google,2085.05,334,2024-08-04
10181,Google,193.63,498,2024-11-07
10182,Email,3769.39,193,2023-01-15
10183,Instagram,943.71,42,2024-01-02
10184,Email,3977.65,477,2024-04-11
10185,Instagram,1398.85,465,2023-08-21
10186,TikTok,1043.52,42,2023-08-22
10187,Google,4003.98,420,2023-09-16
10188,TikTok,610.9,358,2023-10-28
10189,Facebook,2368.36,66,2024-09-13
10190,Email,4867.23,292,2023-11-12
10191,Email,3353.88,41,2024-10-07
10192,TikTok,3807.91,360,2024-10-14
10193,Google,2068.51,209,2023-05-21
10194,Facebook,4720.91,233,2024-04-13
10195,Instagram,1655.97,474,2024-01-22
10196,Google,659.91,319,2024-10-23
10197,Instagram,424.47,299,2023-02-22
10198,Facebook,1461.02,49,2024-03-08
10199,Google,2285.17,318,2024-01-22
10200,TikTok,1036.38,136,2024-06-07
10201,Email,1110.64,311,2024-10-30
10202,Instagram,4091.79,420,2024-04-09
10203,Google,4219.53,181,2024-01-08
10204,Email,1998.57,254,2023-04-23
10205,TikTok,1402.56,169,2023-12-10
10206,Email,4811.38,395,2024-06-30
10207,Facebook,3269.51,393,2024-09-04
10208,Google,1598.67,371,2024-07-22
10209,Google,4857.74,38,2023-06-23
10210,Email,4977.07,50,2023-05-22
10211,TikTok,1980.3,206,2023-05-18
10212,Google,4176.67,323,2023-03-29
10213,TikTok,4440.35,489,2023-11-18
10214,Facebook,4827.66,418,2023-01-16
10215,Email,2540.81,196,2024-10-10
10216,Google,3190.7,26,2023-12-02
10217,Facebook,4077.17,15,2023-03-26
10218,Email,4031.27,8,2023-06-24
10219,TikTok,1045.16,229,2024-05-02
10220,Instagram,3607.62,439,2023-10-22
10221,Instagram,2052.96,126,2024-03-01
10222,Instagram,1254.75,370,2024-04-30
10223,TikTok,3432.94,268,2023-08-14
10224,Google,4511.97,275,2023-06-29
10225,TikTok,4607.25,49,2024-05-17
10226,Instagram,4150.47,399,2024-10-21
10227,Google,3610.85,54,2024-09-17
10228,Email,1787.64,125,2024-05-22
10229,TikTok,3854.25,391,2024-11-07
10230,Instagram,237.19,312,2023-11-02
10231,TikTok,1822.32,162,2023-08-03
10232,Google,1380.06,334,2024-11-28
10233,Facebook,1749.17,463,2024-07-14
10234,TikTok,4179.43,389,2023-10-09
10235,Email,2375.91,282,2023-09-03
10236,Google,4859.86,191,2024-03-17
10237,Email,2978.61,344,2024-01-18
10238,Facebook,4488.75,295,2024-06-25
10239,Email,3807.84,401,2023-01-22
10240,Facebook,3283.24,255,2024-07-12
10241,Google,1718.34,397,2024-03-19
10242,Facebook,4361.9,393,2023-09-25
10243,TikTok,283.67,351,2024-10-29
10244,Google,4551.42,250,2024-09-21
10245,TikTok,4506.22,59,2024-06-04
10246,Facebook,2386.56,1,2024-04-22
10247,Instagram,4129.48,366,2024-11-28
10248,Email,1989.71,386,2024-11-30
10249,Email,707.66,429,2023-09-05
10250,Google,1180.0,160,2023-07-02
10251,Google,4900.73,82,2024-04-07
10252,Facebook,1918.93,175,2024-11-11
10253,Facebook,3908.14,296,2023-02-26
10254,Facebook,4124.73,58,2023-05-18
10255,Email,394.99,417,2023-01-29
10256,Instagram,4514.39,295,2023-06-17
10257,Facebook,472.87,489,2023-07-15
10258,TikTok,3949.04,302,2023-07-26
10259,Email,3876.71,129,2023-06-01
10260,TikTok,66.84,259,2024-11-25
10261,Email,182.08,351,2024-03-10
10262,Facebook,2345.13,494,2024-06-10
10263,Instagram,2062.09,242,2023-01-14
10264,TikTok,4398.51,93,2023-07-27
10265,Google,2106.2,135,2024-01-30
10266,TikTok,252.75,160,2024-08-21
10267,Instagram,2437.29,97,2024-11-05
10268,Email,572.72,12,2024-11-04
10269,Instagram,4789.13,160,2024-09-12
10270,Google,818.91,312,2024-09-08
10271,TikTok,4686.68,361,2023-08-13
10272,Email,2757.49,5,2024-03-05
10273,Email,428.91,12,2023-11-18
10274,Email,4048.82,219,2024-08-26
10275,Facebook,1658.61,444,2024-03-07
10276,TikTok,686.08,116,2024-09-13
10277,TikTok,3399.76,456,2024-11-25
10278,Facebook,3953.21,385,2023-06-30
10279,Instagram,393.52,374,2024-03-15
10280,Google,1507.76,364,2024-11-06
10281,Email,4065.62,168,2023-02-05
10282,Google,1842.68,1,2024-02-27
10283,Instagram,3457.73,100,2024-10-25
10284,Instagram,1022.5,272,2023-01-01
10285,Facebook,316.11,212,2024-01-31
10286,Email,1817.86,341,2023-07-02
10287,TikTok,2253.88,297,2024-09-06
10288,Instagram,624.04,132,2024-01-14
10289,Instagram,1485.76,153,2023-12-01
10290,Facebook,653.09,282,2023-12-07
10291,Google,2762.78,454,2023-05-21
10292,TikTok,3575.0,102,2023-06-18
10293,Email,2567.18,83,2024-04-27
10294,Google,2008.73,72,2023-09-09
10295,Google,3200.87,393,2023-06-26
10296,TikTok,1539.08,376,2023-11-15
10297,TikTok,1009.37,447,2023-04-30
10298,Email,2776.21,191,2023-09-18
10299,Instagram,3256.75,39,2024-07-15
10300,TikTok,2263.76,123,2023-10-16
10301,Email,3674.5,341,2023-04-10
10302,TikTok,4755.09,154,2024-07-25
10303,Google,3632.71,233,2024-05-08
10304,Google,2844.98,340,2023-06-01
10305,Facebook,133.88,353,2023-10-12
10306,TikTok,1452.18,323,2023-01-11
10307,Instagram,753.25,253,2024-02-17
10308,Facebook,1201.59,269,2023-11-09
10309,Instagram,3959.39,419,2024-06-29
10310,Email,2796.43,252,2024-10-17
10311,Google,950.66,209,2024-03-22
10312,Email,3519.06,449,2023-06-09
10313,TikTok,673.23,133,2023-06-12
10314,TikTok,225.52,333,2024-01-17
10315,Email,1297.86,206,2024-10-10
10316,TikTok,3262.97,144,2023-06-22
10317,TikTok,225.53,234,2023-08-13
10318,Google,4271.2,308,2024-05-15
10319,Email,1045.43,362,2023-05-10
10320,Instagram,2182.88,135,2024-07-17
10321,Facebook,4301.01,460,2024-05-21
10322,Facebook,4692.05,366,2024-04-28
10323,TikTok,337.31,108,2024-04-02
10324,Facebook,2557.88,68,2024-05-02
10325,Facebook,1211.06,353,2024-01-18
10326,TikTok,1695.76,23,2023-01-22
10327,Google,491.49,55,2023-06-05
10328,Facebook,4896.55,160,2023-07-13
10329,Instagram,1206.22,44,2023-09-06
10330,Email,4631.37,274,2023-09-03
10331,Email,1687.15,273,2023-07-05
10332,Facebook,4671.97,294,2024-05-10
10333,Facebook,605.28,221,2024-10-22
10334,TikTok,3508.04,239,2024-11-30
10335,Instagram,406.66,308,2023-03-02
10336,Google,3164.66,373,2024-08-11
10337,Facebook,1224.44,386,2023-07-21
10338,Facebook,4694.4,291,2023-08-17
10339,Instagram,4961.24,301,2024-07-27
10340,Google,503.42,214,2023-04-27
10341,Facebook,4426.98,95,2023-06-15
10342,Email,1665.26,208,2023-10-01
10343,Instagram,479.06,61,2023-10-05
10344,Email,1831.03,468,2024-02-12
10345,Instagram,630.9,135,2023-03-01
10346,TikTok,2059.79,276,2024-04-25
10347,Facebook,554.66,431,2023-07-06
10348,Instagram,1312.61,267,2023-03-18
10349,Email,3741.01,300,2023-10-02
10350,Instagram,3113.22,348,2024-04-01
10351,Facebook,4197.39,395,2023-05-06
10352,Google,1614.24,349,2023-03-30
10353,Facebook,983.71,437,2023-12-24
10354,Email,1425.22,164,2023-03-26
10355,TikTok,730.11,168,2023-03-02
10356,Google,2418.34,22,2024-10-30
10357,Email,1198.08,431,2024-03-26
10358,Instagram,4676.05,231,2023-04-15
10359,Facebook,1884.67,371,2024-04-13
10360,Instagram,3275.1,41,2023-10-22
10361,Email,4836.48,224,2023-11-05
10362,Instagram,3474.42,353,2024-07-06
10363,Google,1686.62,80,2023-07-15
10364,TikTok,3870.91,82,2024-03-22
10365,Google,2002.97,470,2023-05-03
10366,TikTok,1469.62,433,2024-09-13
10367,TikTok,3422.13,242,2024-08-22
10368,Facebook,4160.08,198,2024-08-23
10369,Instagram,3880.78,133,2023-08-09
10370,Email,4142.51,272,2024-04-29
10371,Instagram,1254.97,419,2024-08-04
10372,Instagram,2804.66,222,2023-08-23
10373,TikTok,2385.27,218,2023-03-20
10374,Instagram,1569.01,269,2024-10-05
10375,Email,651.38,133,2023-12-10
10376,Email,886.26,207,2023-02-12
10377,Google,2635.69,494,2024-08-28
10378,TikTok,4453.67,110,2023-01-05
10379,Instagram,1237.41,216,2024-08-08
10380,TikTok,3599.67,338,2024-02-29
10381,TikTok,460.96,452,2023-05-15
10382,Instagram,3389.35,381,2024-05-03
10383,Instagram,3273.01,448,2024-06-05
10384,TikTok,1112.43,256,2023-12-27
10385,TikTok,549.74,86,2023-11-14
10386,Google,929.58,253,2023-09-02
10387,Email,4074.36,272,2024-11-09
10388,Email,2105.32,433,2024-11-27
10389,Email,4519.3,184,2024-07-30
10390,Email,3306.36,169,2024-01-22
10391,Instagram,2040.17,202,2023-09-13
10392,Instagram,3660.77,83,2023-02-01
10393,TikTok,4512.53,86,2024-11-01
10394,Facebook,4447.3,242,2024-06-18
10395,Google,3254.46,404,2024-07-28
10396,Instagram,3708.97,141,2023-08-08
10397,TikTok,4849.11,163,2024-01-09
10398,Instagram,4644.36,464,2023-01-02
10399,Facebook,3406.45,249,2024-02-27
10400,Facebook,4561.49,477,2023-11-05
10401,TikTok,2586.38,434,2024-08-30
10402,Email,3462.09,59,2023-02-19
10403,Instagram,577.47,245,2024-02-17
10404,Instagram,2584.51,204,2023-05-21
10405,Instagram,4586.66,336,2023-04-22
10406,Facebook,3748.07,399,2024-05-16
10407,TikTok,2143.08,3,2023-04-04
10408,Facebook,1052.7,24,2023-01-31
10409,Instagram,4273.7,78,2023-07-25
10410,TikTok,2467.63,406,2023-11-29
10411,Instagram,3682.66,29,2023-12-11
10412,Google,895.79,444,2024-03-23
10413,Facebook,2576.76,364,2024-02-29
10414,Google,2947.46,80,2023-09-28
10415,Instagram,2288.45,223,2024-03-10
10416,TikTok,2331.3,323,2023-06-19
10417,Facebook,4361.61,372,2024-11-25
10418,Email,4472.97,294,2023-08-23
10419,TikTok,303.93,306,2023-05-29
10420,Facebook,211.14,154,2023-04-24
10421,Email,3476.83,306,2023-01-03
10422,TikTok,4273.0,162,2023-10-22
10423,Email,4154.22,31,2023-02-19
10424,TikTok,500.34,126,2024-03-28
10425,Google,3653.61,177,2024-10-12
10426,Facebook,810.94,390,2024-04-11
10427,TikTok,4810.51,100,2024-02-03
10428,TikTok,2520.76,393,2024-03-17
10429,Email,4954.51,255,2023-11-05
10430,Email,3574.71,87,2024-05-27
10431,Google,1845.82,89,2024-07-03
10432,Google,4861.68,102,2024-04-27
10433,Facebook,2004.07,382,2023-04-11
10434,TikTok,1854.75,417,2023-10-06
10435,TikTok,3460.6,386,2024-11-11
10436,Email,527.32,436,2023-10-06
10437,Email,3074.0,313,2024-10-19
10438,Instagram,1100.2,29,2023-11-19
10439,Instagram,105.31,261,2024-05-26
10440,Instagram,1441.47,370,2023-06-09
10441,Email,997.22,419,2024-01-08
10442,Email,482.34,496,2024-08-24
10443,Google,927.97,491,2023-11-25
10444,Instagram,4450.34,156,2023-12-03
10445,Google,3037.03,56,2024-08-29
10446,Google,2978.39,380,2023-08-23
10447,Google,2844.39,423,2024-08-21
10448,Google,2535.16,204,2023-01-23
10449,TikTok,378.39,195,2024-03-24
10450,Instagram,4765.47,119,2023-02-21
10451,Google,3340.1,497,2023-04-30
10452,Instagram,1862.13,406,2024-02-17
10453,TikTok,4289.95,57,2023-06-11
10454,Facebook,3021.96,314,2024-10-11
10455,Email,4278.92,26,2023-06-25
10456,Instagram,1352.36,157,2023-09-27
10457,Email,1612.21,274,2023-03-21
10458,Facebook,4241.75,171,2024-05-02
10459,TikTok,2561.22,293,2024-01-31
10460,Instagram,1067.54,301,2024-07-16
10461,Facebook,618.39,369,2023-07-09
10462,TikTok,1921.24,229,2023-02-03
10463,TikTok,2464.95,42,2024-08-17
10464,Email,808.89,469,2024-08-09
10465,Instagram,2743.81,324,2023-05-11
10466,TikTok,263.06,491,2024-06-24
10467,Email,4257.67,357,2024-02-17
10468,Google,4634.6,340,2023-01-20
10469,TikTok,3997.54,108,2023-09-25
10470,TikTok,4633.04,262,2024-02-14
10471,Instagram,3167.89,162,2024-08-24
10472,Google,3872.04,235,2023-08-03
10473,Instagram,3164.42,27,2024-09-20
10474,Facebook,4387.52,31,2024-11-01
10475,TikTok,2558.03,354,2023-11-22
10476,Facebook,1877.47,69,2023-03-23
10477,Facebook,2625.17,145,2023-01-25
10478,Email,2612.89,202,2023-01-26
10479,Email,4255.86,282,2024-02-25
10480,TikTok,1882.29,363,2023-12-16
10481,Email,490.7,29,2023-07-05
10482,Google,4030.84,139,2023-08-03
10483,Email,2876.27,162,2023-12-21
10484,Instagram,670.46,477,2023-04-28
10485,Email,2238.05,246,2024-06-01
10486,Email,2390.64,444,2024-01-23
10487,Instagram,2943.78,359,2023-05-28
10488,Instagram,3124.46,439,2023-04-04
10489,Facebook,1222.91,327,2024-01-23
10490,Email,4225.21,454,2023-06-23
10491,Instagram,4209.6,472,2023-02-20
10492,Google,4763.37,488,2023-11-24
10493,Email,4714.41,485,2024-05-19
10494,Google,3066.72,113,2024-03-09
10495,Email,2568.63,266,2024-05-23
10496,Instagram,208.71,100,2024-04-12
10497,Facebook,4175.59,454,2023-02-15
10498,TikTok,4365.49,244,2023-06-11
10499,Email,2910.51,160,2023-09-01
10500,Google,1722.43,274,2024-05-25
10501,TikTok,1312.0,285,2024-02-04
10502,Email,1458.47,479,2024-06-22
10503,TikTok,336.29,261,2023-05-22
10504,Email,3195.89,87,2024-06-08
10505,TikTok,4458.19,4,2024-03-15
10506,Google,1562.41,33,2024-07-16
10507,Google,1074.03,260,2024-03-22
10508,Google,1980.84,493,2024-11-18
10509,TikTok,4217.09,441,2023-12-23
10510,Facebook,3894.7,498,2024-11-22
10511,Facebook,2630.07,81,2023-09-14
10512,Google,1889.13,310,2023-12-13
10513,Facebook,1409.14,357,2023-11-30
10514,Email,738.91,35,2024-08-09
10515,Facebook,3988.26,495,2024-06-03
10516,Google,3630.45,489,2024-09-17
10517,Email,2298.58,220,2023-04-15
10518,Facebook,1989.01,318,2024-03-17
10519,Email,371.94,391,2023-01-15
10520,Facebook,2088.95,83,2024-07-07
10521,Email,2124.63,49,2024-11-04
10522,Instagram,4982.3,290,2023-01-10
10523,Facebook,3252.43,8,2024-07-31
10524,Email,784.34,207,2023-08-29
10525,Email,844.81,427,2024-05-10
10526,Instagram,3598.36,184,2024-03-11
10527,Google,3179.8,462,2023-06-08
10528,TikTok,2454.4,359,2023-03-28
10529,Facebook,1791.08,289,2024-05-10
10530,Google,1316.67,421,2023-01-16
10531,Facebook,1929.91,180,2023-03-03
10532,Instagram,2698.95,434,2024-03-14
10533,TikTok,3355.87,83,2023-05-17
10534,Google,1351.97,343,2024-10-10
10535,Facebook,4574.43,96,2023-07-01
10536,Email,3578.3,248,2023-10-05
10537,Email,4333.1,393,2023-11-02
10538,Email,707.3,274,2023-08-22
10539,TikTok,3145.97,52,2024-09-01
10540,Instagram,3676.72,476,2024-10-21
10541,Instagram,1834.92,358,2024-11-02
10542,Google,2705.98,83,2023-03-31
10543,Facebook,628.21,284,2024-03-28
10544,Instagram,3649.29,289,2023-07-10
10545,Google,2431.09,272,2023-02-18
10546,Google,4657.85,150,2024-03-15
10547,Instagram,3044.86,368,2023-02-28
10548,Email,3655.38,26,2023-02-26
10549,Instagram,2456.05,38,2023-12-10
10550,Instagram,1691.27,490,2023-09-23
10551,Email,3752.75,344,2024-01-06
10552,TikTok,2456.57,384,2024-01-04
10553,TikTok,2189.7,142,2023-03-25
10554,TikTok,2683.32,384,2023-07-27
10555,Instagram,3152.16,241,2023-03-02
10556,Instagram,220.96,74,2024-08-17
10557,TikTok,2090.52,468,2023-01-23
10558,TikTok,2156.81,363,2024-04-25
10559,Email,2946.11,70,2023-07-30
10560,Google,4670.22,145,2024-05-01
10561,Google,1389.89,206,2023-11-20
10562,Facebook,4382.38,75,2023-11-11
10563,Google,591.56,379,2024-02-23
10564,Email,947.21,387,2024-09-01
10565,Email,2123.71,372,2023-09-15
10566,Instagram,3068.9,336,2023-08-10
10567,Google,3672.48,123,2024-02-24
10568,Instagram,2275.49,81,2024-11-28
10569,Email,4465.69,39,2024-10-13
10570,Google,1127.46,361,2023-06-11
10571,Google,3692.16,436,2023-10-31
10572,Facebook,1412.4,468,2023-07-06
10573,Google,158.15,377,2023-06-08
10574,Email,3509.41,435,2023-01-03
10575,Instagram,639.54,301,2024-01-19
10576,Instagram,4013.9,496,2023-03-11
10577,Instagram,3714.41,302,2023-10-11
10578,Facebook,3655.61,61,2024-10-01
10579,Email,3152.24,85,2024-11-13
10580,Google,3812.65,337,2024-10-08
10581,Facebook,4153.58,406,2024-11-18
10582,TikTok,1487.18,127,2023-12-25
10583,Google,512.63,217,2023-02-27
10584,Instagram,2180.73,202,2024-08-24
10585,Facebook,2389.49,312,2024-03-02
10586,Google,2101.18,43,2023-09-23
10587,Email,3576.1,100,2024-08-19
10588,Google,4802.25,254,2024-04-14
10589,Instagram,974.85,94,2023-08-29
10590,TikTok,2231.4,8,2023-08-10
10591,TikTok,2009.58,165,2023-06-02
10592,Email,4866.68,350,2023-09-12
10593,TikTok,692.76,247,2024-07-16
10594,Facebook,3869.01,362,2024-10-21
10595,Google,2207.04,170,2023-09-18
10596,TikTok,2460.33,163,2024-09-03
10597,Google,539.26,305,2023-07-02
10598,Email,2114.71,108,2023-03-10
10599,Google,3477.15,167,2024-08-02
10600,Google,556.75,373,2023-07-19
10601,Email,4310.27,461,2023-01-12
10602,Instagram,1508.99,213,2023-10-04
10603,Email,570.73,499,2023-06-12
10604,Instagram,900.88,100,2023-12-22
10605,Instagram,2759.88,98,2024-03-16
10606,Facebook,4787.67,70,2024-05-23
10607,TikTok,4834.93,439,2024-01-17
10608,Facebook,2532.05,394,2023-08-17
10609,Instagram,3608.71,449,2023-07-28
10610,TikTok,4272.58,50,2024-01-08
10611,Instagram,4590.38,312,2023-01-17
10612,Facebook,1627.54,185,2024-09-21
10613,Facebook,2572.52,256,2023-02-22
10614,Google,4596.07,1,2023-12-07
10615,Google,4914.6,29,2024-01-18
10616,Facebook,4035.25,230,2024-08-08
10617,Google,1983.29,415,2024-10-23
10618,Instagram,3862.3,299,2023-11-20
10619,Instagram,4264.19,82,2023-09-01
10620,Email,2275.22,88,2024-11-30
10621,Instagram,2556.49,178,2024-01-27
10622,Email,4111.17,442,2024-02-14
10623,Instagram,835.77,314,2023-05-16
10624,Instagram,3850.88,14,2024-09-18
10625,Instagram,3479.93,305,2024-05-09
10626,Email,3377.05,20,2024-02-28
10627,Google,3356.83,484,2023-06-09
10628,Google,3894.67,191,2024-01-28
10629,Facebook,403.92,152,2024-04-14
10630,Email,2110.83,54,2023-12-03
10631,TikTok,824.12,375,2024-06-08
10632,Instagram,3214.56,410,2024-01-18
10633,Email,2368.58,47,2024-01-19
10634,Google,2641.38,194,2023-12-13
10635,Instagram,273.51,423,2024-02-08
10636,Instagram,2030.18,324,2023-10-14
10637,Instagram,998.54,285,2024-03-26
10638,Facebook,585.86,349,2024-07-22
10639,Email,998.56,97,2024-11-27
10640,Facebook,4476.85,413,2024-06-30
10641,Facebook,3056.8,366,2023-08-08
10642,TikTok,3512.65,19,2023-05-15
10643,TikTok,4888.26,450,2023-07-05
10644,Facebook,3103.44,231,2023-08-17
10645,Instagram,1383.04,147,2023-04-29
10646,TikTok,1354.72,349,2023-05-20
10647,Facebook,2675.25,399,2024-05-20
10648,Instagram,1841.23,392,2024-11-24
10649,Google,4601.0,114,2024-03-13
10650,Google,2327.18,48,2023-08-21
10651,Google,3992.63,9,2023-11-09
10652,Instagram,3950.87,458,2024-07-06
10653,Google,3144.46,480,2023-12-27
10654,Email,3911.83,140,2024-01-21
10655,Email,4126.67,2,2023-02-02
10656,Facebook,1729.83,214,2024-01-16
10657,Facebook,2422.97,223,2023-12-11
10658,Facebook,4737.5,436,2024-02-18
10659,Email,1342.17,45,2024-09-06
10660,Instagram,4042.04,231,2023-04-18
10661,Instagram,274.46,313,2023-10-28
10662,Facebook,4627.4,42,2024-04-25
10663,Instagram,4240.14,393,2023-01-09
10664,Google,854.96,45,2023-01-16
10665,Email,2306.71,72,2023-07-20
10666,Email,3092.26,108,2023-12-23
10667,Email,2325.23,8,2023-05-14
10668,Instagram,378.79,23,2023-05-01
10669,Email,1918.82,248,2023-10-06
10670,Instagram,4940.1,310,2023-12-15
10671,Facebook,2626.94,38,2024-06-27
10672,Google,885.25,341,2024-10-08
10673,TikTok,4532.3,55,2023-10-17
10674,Email,3796.67,73,2024-09-08
10675,TikTok,4109.37,46,2023-07-07
10676,TikTok,2955.55,356,2024-07-16
10677,TikTok,2414.15,83,2023-01-23
10678,Email,1042.34,128,2024-01-11
10679,TikTok,2879.87,430,2024-03-02
10680,TikTok,2219.87,23,2023-03-17
10681,Email,590.46,457,2024-11-24
10682,TikTok,4234.29,221,2023-11-25
10683,TikTok,764.05,183,2023-05-12
10684,Facebook,4924.41,146,2023-03-04
10685,Facebook,1991.35,218,2023-07-11
10686,Facebook,4186.42,36,2024-01-01
10687,TikTok,1051.76,473,2024-06-09
10688,Facebook,3536.02,436,2024-09-29
10689,TikTok,1822.62,330,2023-11-28
10690,Google,2488.79,213,2023-02-23
10691,Instagram,2141.96,162,2024-07-24
10692,Facebook,3806.92,324,2023-12-24
10693,Google,2026.95,123,2023-10-26
10694,Instagram,2997.13,390,2024-07-24
10695,Facebook,4501.24,75,2024-02-01
10696,Email,4530.04,43,2023-10-11
10697,Instagram,4155.51,17,2023-05-11
10698,Instagram,4609.66,63,2023-06-18
10699,TikTok,2829.92,91,2024-10-24
10700,TikTok,3561.97,401,2024-10-11
10701,Facebook,2318.19,364,2024-06-24
10702,Facebook,310.99,412,2024-09-08
10703,Facebook,1665.45,178,2023-01-21
10704,Email,807.77,484,2024-10-03
10705,Instagram,4135.72,119,2023-05-31
10706,Facebook,939.05,10,2023-01-22
10707,TikTok,3055.16,327,2024-08-23
10708,Instagram,602.83,61,2023-09-08
10709,Facebook,891.95,391,2023-12-15
10710,TikTok,2826.65,434,2023-10-12
10711,Google,2444.99,311,2024-10-05
10712,Google,752.08,3,2024-06-19
10713,Google,4665.33,138,2024-11-07
10714,Instagram,1912.41,268,2023-05-06
10715,Email,1142.93,456,2024-01-08
10716,Email,905.77,350,2024-04-10
10717,Email,4474.27,313,2024-06-23
10718,Facebook,3857.7,112,2024-02-23
10719,TikTok,3959.06,330,2023-10-10
10720,Instagram,3669.95,394,2024-02-07
10721,Facebook,1989.05,117,2023-04-03
10722,Instagram,1287.92,244,2024-03-27
10723,Instagram,4217.9,294,2023-09-25
10724,Facebook,1712.24,203,2023-08-23
10725,Email,182.49,236,2024-09-16
10726,Email,1431.25,86,2023-01-03
10727,Google,4575.76,442,2024-09-10
10728,TikTok,4304.48,245,2023-10-02
10729,TikTok,4226.63,353,2023-07-08
10730,Email,1880.62,146,2023-09-17
10731,Email,2209.28,83,2024-08-06
10732,Facebook,1663.31,41,2023-06-18
10733,Email,2771.27,200,2024-07-01
10734,Google,2130.05,359,2023-05-30
10735,Facebook,4671.32,268,2024-09-13
10736,Google,3048.64,36,2023-11-11
10737,TikTok,128.46,478,2023-02-16
10738,Instagram,2119.77,143,2024-05-21
10739,Google,467.0,170,2023-11-04
10740,TikTok,2304.78,7,2023-08-15
10741,TikTok,3915.62,50,2024-02-25
10742,Instagram,3544.49,130,2024-07-17
10743,Email,4026.76,206,2023-01-27
10744,Facebook,3631.54,382,2023-09-03
10745,Instagram,1224.16,319,2023-04-03
10746,Email,1380.14,298,2024-11-09
10747,Google,1575.79,428,2023-10-02
10748,TikTok,4250.14,109,2023-07-07
10749,Facebook,382.05,465,2023-05-03
10750,Google,221.78,438,2024-09-19
10751,Google,4957.25,494,2024-06-28
10752,Google,4952.13,318,2023-06-27
10753,Email,3497.15,108,2024-08-28
10754,Google,2691.44,162,2024-03-06
10755,TikTok,708.03,282,2024-06-27
10756,TikTok,4192.18,473,2023-06-11
10757,TikTok,3383.47,123,2024-04-25
10758,Instagram,1384.13,487,2024-01-21
10759,TikTok,704.09,220,2023-01-25
10760,TikTok,1998.34,5,2023-05-29
10761,Email,2703.08,443,2023-01-14
10762,Instagram,1853.39,198,2024-02-10
10763,Instagram,4223.98,392,2024-09-05
10764,TikTok,4249.46,445,2024-06-01
10765,Email,3943.53,290,2024-11-07
10766,Facebook,646.9,150,2023-12-03
10767,Facebook,2058.66,389,2023-09-23
10768,Instagram,1185.67,373,2024-08-02
10769,Instagram,310.34,193,2023-02-09
10770,Instagram,4399.22,448,2023-11-23
10771,Google,3513.52,242,2024-06-20
10772,TikTok,2091.36,410,2023-01-24
10773,Email,410.19,123,2023-01-01
10774,TikTok,2279.83,63,2023-11-14
10775,Google,2608.22,338,2024-01-29
10776,Facebook,3899.32,143,2024-01-31
10777,Email,1244.5,484,2024-02-28
10778,TikTok,1422.07,183,2024-03-18
10779,Google,3187.94,93,2024-01-30
10780,Instagram,3296.56,484,2024-05-13
10781,Google,694.62,319,2023-12-10
10782,Google,4919.07,479,2024-09-13
10783,Google,1223.75,87,2024-04-29
10784,Facebook,3407.07,434,2024-03-11
10785,Facebook,4446.68,256,2023-09-05
10786,Email,2154.29,66,2023-08-25
10787,Email,907.02,468,2024-10-14
10788,Google,3655.45,263,2024-11-20
10789,Google,773.74,360,2024-04-15
10790,TikTok,4180.2,405,2023-07-19
10791,Instagram,4217.19,109,2024-07-30
10792,Instagram,2677.88,138,2024-04-09
10793,Google,732.46,118,2024-11-07
10794,Email,2430.52,473,2024-10-04
10795,Email,498.84,45,2023-10-11
10796,TikTok,4118.89,33,2023-08-14
10797,TikTok,1399.32,100,2023-02-12
10798,Facebook,3218.98,100,2023-05-04
10799,Instagram,3264.18,468,2023-01-09
10800,Facebook,4178.21,178,2024-03-01
10801,Google,3890.41,299,2024-02-08
10802,Email,612.46,469,2023-09-10
10803,Instagram,1396.53,259,2023-11-17
10804,Email,3873.3,258,2024-11-12
10805,Instagram,3468.73,428,2024-05-17
10806,TikTok,4597.82,281,2023-03-04
10807,TikTok,1234.9,410,2024-08-14
10808,Facebook,1882.33,380,2024-06-21
10809,Email,872.07,387,2024-04-10
10810,Email,4761.17,92,2024-11-17
10811,TikTok,4615.57,456,2024-09-29
10812,Email,1512.91,492,2024-04-17
10813,Email,4844.42,100,2023-06-28
10814,Instagram,3125.92,145,2023-01-23
10815,Facebook,3014.62,141,2023-01-17
10816,Instagram,4918.58,478,2024-03-20
10817,Instagram,1721.22,273,2023-11-08
10818,Instagram,4268.24,7,2024-10-05
10819,Facebook,3619.26,100,2024-06-13
10820,TikTok,3656.4,72,2024-02-07
10821,Email,2833.2,323,2023-03-31
10822,Instagram,695.82,333,2023-08-23
10823,Facebook,914.08,455,2023-05-07
10824,Google,742.22,109,2024-08-02
10825,TikTok,4419.31,459,2024-06-29
10826,Instagram,3851.1,454,2023-09-17
10827,Email,2608.56,22,2024-05-16
10828,Instagram,566.44,82,2023-06-28
10829,Email,424.22,465,2024-03-13
10830,Instagram,2149.4,41,2023-08-10
10831,Google,1147.81,285,2023-10-12
10832,Instagram,734.25,205,2023-11-03
10833,TikTok,433.82,378,2023-01-11
10834,Google,2233.57,76,2024-04-20
10835,TikTok,2818.11,363,2023-06-30
10836,Google,3087.36,126,2023-06-24
10837,Facebook,2104.18,87,2023-04-17
10838,TikTok,1619.7,163,2024-03-26
10839,Instagram,1933.29,289,2024-04-28
10840,Instagram,762.53,6,2024-06-17
10841,TikTok,329.3,136,2024-11-08
10842,TikTok,4347.69,340,2024-05-23
10843,Email,4942.63,209,2023-01-21
10844,Email,2793.18,190,2023-08-06
10845,Google,3690.3,104,2023-02-20
10846,Instagram,1230.67,216,2024-04-19
10847,Instagram,4514.83,214,2023-12-07
10848,Instagram,2305.01,415,2023-05-19
10849,Instagram,4944.29,136,2024-05-25
10850,Email,4160.0,417,2024-01-11
10851,Email,1870.15,181,2024-07-18
10852,Facebook,2537.99,425,2023-08-10
10853,Email,2312.74,172,2023-02-14
10854,Email,822.35,126,2023-03-22
10855,Facebook,484.49,413,2024-06-11
10856,Google,4123.76,311,2023-07-20
10857,Google,615.4,308,2023-03-30
10858,TikTok,1013.12,263,2023-08-24
10859,Facebook,4578.22,183,2023-04-08
10860,Google,2861.3,321,2024-09-20
10861,Facebook,4456.17,221,2024-10-01
10862,Email,1929.7,117,2023-01-05
10863,Facebook,4268.64,398,2024-01-29
10864,Google,4810.16,425,2024-09-19
10865,Instagram,89.48,254,2023-11-12
10866,Email,4576.96,221,2024-02-04
10867,Email,2670.05,52,2024-06-07
10868,Facebook,1002.62,483,2023-08-07
10869,Instagram,185.46,230,2024-07-14
10870,Google,3452.88,50,2024-03-07
10871,Instagram,3734.78,235,2023-05-07
10872,Facebook,1543.26,54,2024-01-31
10873,Email,2761.72,114,2024-07-21
10874,Facebook,406.76,177,2024-03-19
10875,Instagram,4550.1,296,2023-10-21
10876,Google,2825.94,130,2024-10-02
10877,Email,3542.61,251,2024-04-26
10878,Instagram,3298.43,121,2024-02-03
10879,Facebook,1795.59,253,2023-07-23
10880,TikTok,1838.57,77,2023-09-13
10881,Email,3930.32,59,2023-11-07
10882,Facebook,4962.22,144,2023-09-24
10883,Email,939.16,283,2024-01-22
10884,Google,4974.98,303,2024-05-22
10885,Facebook,3613.53,220,2024-08-20
10886,Email,523.69,19,2024-08-08
10887,Email,1739.07,423,2024-07-25
10888,Instagram,1306.21,316,2024-10-05
10889,Email,4498.06,216,2023-05-23
10890,Facebook,2620.69,176,2023-12-30
10891,TikTok,796.31,181,2024-04-25
10892,Facebook,717.1,482,2023-10-09
10893,TikTok,3191.11,341,2024-03-27
10894,Instagram,858.16,85,2024-11-30
10895,TikTok,3967.75,474,2024-03-25
10896,Facebook,3034.79,58,2023-08-06
10897,Google,3393.1,163,2023-01-21
10898,Instagram,4916.74,190,2023-03-09
10899,Google,558.09,290,2023-03-26
10900,Facebook,3448.29,456,2024-07-05
10901,TikTok,4237.84,155,2023-08-03
10902,Email,1661.32,183,2023-07-31
10903,Email,2001.49,224,2023-03-02
10904,Email,851.15,195,2023-03-27
10905,Email,2667.46,27,2023-02-12
10906,Facebook,1201.78,43,2023-02-18
10907,Email,4061.91,232,2023-07-27
10908,Facebook,2755.98,293,2023-07-15
10909,TikTok,3692.73,385,2023-04-30
10910,Email,3503.26,235,2024-04-29
10911,Instagram,4376.12,327,2024-04-04
10912,Google,178.33,188,2024-05-23
10913,Facebook,4446.76,51,2023-12-20
10914,Google,3525.64,3,2023-09-14
10915,Instagram,4983.47,143,2023-08-07
10916,Instagram,1078.81,327,2023-10-06
10917,Facebook,276.46,400,2024-10-15
10918,Facebook,3205.75,336,2024-01-17
10919,TikTok,2943.52,22,2024-09-04
10920,Google,1058.63,322,2023-06-05
10921,Email,2709.39,21,2024-07-13
10922,Instagram,4781.11,219,2023-05-19
10923,Google,859.56,355,2024-11-02
10924,Google,549.91,447,2024-06-23
10925,Google,1419.78,316,2023-05-28
10926,Facebook,179.17,408,2023-11-15
10927,Facebook,257.63,399,2023-06-10
10928,Google,2326.96,271,2024-06-13
10929,Google,60.42,201,2023-06-16
10930,Email,1992.37,79,2024-07-14
10931,TikTok,2552.1,115,2024-04-09
10932,Google,4053.93,195,2024-10-07
10933,TikTok,2794.59,483,2024-05-17
10934,Facebook,1005.22,91,2024-06-12
10935,Instagram,2145.76,367,2023-12-27
10936,Email,2353.68,149,2024-10-30
10937,Facebook,2991.46,17,2023-12-25
10938,Email,3036.4,421,2024-11-04
10939,Instagram,4323.37,277,2024-02-24
10940,Instagram,1102.32,401,2024-08-14
10941,Instagram,1635.42,141,2024-01-30
10942,Instagram,185.84,121,2024-01-07
10943,TikTok,2132.65,283,2023-02-03
10944,Email,2578.4,254,2024-08-20
10945,Facebook,4204.23,404,2023-01-28
10946,Instagram,562.48,433,2024-10-31
10947,Email,2992.72,98,2024-03-01
10948,Email,404.11,368,2024-04-26
10949,TikTok,682.03,361,2024-01-13
10950,TikTok,1957.23,175,2023-11-18
10951,Facebook,515.58,138,2024-08-24
10952,Email,1867.2,128,2023-01-16
10953,Email,2155.21,234,2023-04-19
10954,Email,1430.07,251,2023-10-12
10955,Google,3072.63,77,2024-05-29
10956,Facebook,4073.96,70,2024-06-09
10957,TikTok,3153.7,389,2024-10-30
10958,Facebook,4075.54,419,2024-03-01
10959,Google,4458.19,219,2023-12-29
10960,TikTok,3268.71,61,2023-05-02
10961,Instagram,1678.71,156,2024-08-05
10962,Instagram,1816.25,224,2023-02-19
10963,Email,4571.12,293,2023-11-03
10964,Instagram,4414.73,27,2024-03-24
10965,Google,1532.42,329,2023-06-17
10966,TikTok,233.79,157,2023-06-29
10967,Google,1091.47,271,2024-11-04
10968,Instagram,3606.29,491,2024-05-20
10969,Google,2303.81,239,2023-01-07
10970,TikTok,2832.46,190,2024-06-06
10971,Facebook,1385.0,158,2024-08-24
10972,Instagram,298.96,227,2023-10-21
10973,Facebook,2591.05,343,2024-09-27
10974,Email,556.13,455,2024-10-16
10975,Google,3026.66,403,2023-08-23
10976,Instagram,2676.85,107,2024-03-04
10977,TikTok,2325.87,60,2023-06-08
10978,Instagram,4958.71,469,2024-04-02
10979,TikTok,3189.92,452,2024-03-09
10980,Google,1793.28,419,2023-09-24
10981,Facebook,368.05,130,2024-11-28
10982,Google,137.02,255,2024-11-01
10983,Google,3489.42,84,2024-04-25
10984,Google,3725.97,202,2024-03-16
10985,Facebook,4759.36,307,2023-03-22
10986,TikTok,197.11,147,2024-04-15
10987,TikTok,3219.25,425,2023-04-17
10988,Google,4225.45,358,2023-06-06
10989,TikTok,4131.93,447,2024-04-21
10990,TikTok,478.76,286,2024-07-26
10991,Instagram,3904.96,250,2024-02-07
10992,Email,2823.87,452,2023-04-18
10993,Instagram,946.49,89,2023-06-09
10994,Google,1361.44,12,2024-08-05
10995,Google,1243.95,238,2023-09-18
10996,Facebook,1892.39,454,2024-06-11
10997,Facebook,4542.39,186,2023-05-22
10998,Google,3978.62,211,2024-09-03
10999,Email,2251.56,462,2023-10-21
11000,Email,4843.75,180,2023-09-12
11001,Google,2069.47,177,2023-07-23
11002,TikTok,186.6,490,2023-05-17
11003,Google,1621.44,5,2023-06-14
11004,Facebook,457.69,198,2024-02-09
11005,Instagram,1267.08,203,2023-01-24
11006,Instagram,4755.53,457,2023-05-13
11007,TikTok,4817.53,461,2024-02-01
11008,Facebook,1875.7,429,2023-02-03
11009,Google,4067.2,86,2023-01-31
11010,Instagram,3255.4,58,2024-07-27
11011,Facebook,4702.15,374,2023-10-11
11012,Google,4870.55,87,2024-01-28
11013,TikTok,1902.45,78,2024-06-01
11014,Facebook,3131.74,102,2024-07-04
11015,Instagram,2487.25,218,2023-01-15
11016,Google,538.93,466,2023-11-05
11017,TikTok,4013.2,255,2023-01-08
11018,Email,2442.99,222,2024-02-26
11019,Instagram,467.61,96,2024-09-06
11020,Facebook,796.79,114,2024-06-18
11021,Email,526.7,275,2024-09-13
11022,Instagram,2420.23,22,2024-03-06
11023,TikTok,1037.57,260,2024-11-08
11024,Google,3475.9,205,2023-02-04
11025,Email,1320.8,313,2024-09-18
11026,Email,4891.91,159,2023-10-01
11027,Instagram,1328.42,128,2024-05-17
11028,Facebook,2914.78,425,2023-04-30
11029,Instagram,2598.77,110,2024-05-10
11030,Facebook,3393.7,316,2024-04-09
11031,Instagram,237.66,475,2024-06-03
11032,TikTok,3378.13,117,2023-02-25
11033,TikTok,2097.37,284,2023-03-08
11034,TikTok,4105.88,416,2024-08-04
11035,TikTok,1633.99,2,2024-04-17
11036,TikTok,2249.31,481,2023-12-26
11037,Google,188.64,196,2023-10-23
11038,Facebook,560.81,219,2024-02-28
11039,TikTok,535.21,75,2023-11-04
11040,Instagram,2820.26,299,2024-01-15
11041,Google,255.77,474,2023-05-04
11042,Google,3866.77,463,2023-09-29
11043,Instagram,4121.63,153,2024-07-18
11044,Instagram,2177.69,208,2024-08-05
11045,Facebook,3169.82,230,2023-11-15
11046,Instagram,3331.2,100,2024-05-27
11047,Google,2427.0,43,2024-11-11
11048,TikTok,2998.76,404,2023-09-28
11049,Email,2385.9,439,2023-04-08
11050,TikTok,3206.32,260,2023-02-12
11051,Email,3724.24,388,2024-04-19
11052,Google,669.45,264,2024-08-14
11053,TikTok,1190.51,98,2024-01-17
11054,Email,4820.55,201,2023-08-23
11055,TikTok,2798.13,382,2024-11-10
11056,TikTok,722.31,185,2024-02-01
11057,Facebook,880.43,245,2023-09-13
11058,Email,266.93,320,2024-04-08
11059,Facebook,2863.81,30,2023-05-03
11060,Instagram,407.49,150,2023-07-21
11061,Instagram,1975.23,74,2024-01-16
11062,Google,1454.84,77,2024-01-22
11063,TikTok,2802.5,205,2023-07-25
11064,Instagram,4065.76,115,2024-04-06
11065,TikTok,4433.09,185,2023-04-09
11066,Facebook,3288.35,322,2023-12-30
11067,Facebook,3945.17,78,2024-07-22
11068,Facebook,4756.09,264,2023-07-22
11069,Google,1207.88,431,2023-05-09
11070,Google,2711.46,441,2023-04-25
11071,Email,387.02,138,2023-07-20
11072,Instagram,162.83,168,2023-12-09
11073,Facebook,2559.15,300,2023-07-05
11074,Google,3590.82,55,2023-06-25
11075,Google,954.25,115,2024-11-24
11076,Google,4425.4,437,2023-07-18
11077,Google,1866.87,187,2023-09-24
11078,TikTok,838.17,146,2023-02-12
11079,Facebook,2446.58,118,2024-01-17
11080,Facebook,3029.19,485,2023-10-18
11081,Facebook,373.52,448,2024-01-01
11082,Instagram,2587.04,370,2024-08-06
11083,Instagram,1110.3,187,2023-06-14
11084,Google,420.58,349,2023-04-05
11085,Instagram,3997.83,440,2024-04-01
11086,Email,3526.74,360,2023-03-31
11087,Google,2782.32,123,2024-10-22
11088,TikTok,1761.76,365,2023-09-22
11089,TikTok,1026.17,58,2023-06-14
11090,Instagram,3911.57,381,2023-08-07
11091,Email,1145.25,222,2023-03-07
11092,TikTok,4824.75,490,2024-06-11
11093,Email,3866.01,261,2023-01-04
11094,Facebook,723.2,205,2024-06-04
11095,Google,3791.61,128,2024-10-06
11096,Email,615.98,394,2024-07-17
11097,Facebook,1085.92,265,2024-05-04
11098,Google,963.31,428,2023-11-29
11099,Instagram,1382.86,305,2023-10-24
11100,TikTok,151.62,411,2023-06-22
11101,Google,2935.0,429,2024-09-28
11102,Email,4181.77,69,2024-11-12
11103,Instagram,3718.26,244,2024-09-20
11104,Email,2532.96,10,2024-10-29
11105,TikTok,3529.63,338,2023-10-26
11106,Email,3150.51,467,2024-10-20
11107,Instagram,745.3,193,2024-03-28
11108,Instagram,4916.75,421,2024-01-27
11109,Email,3235.87,483,2023-12-14
11110,TikTok,2239.99,196,2024-08-10
11111,Instagram,1117.08,38,2024-10-15
11112,Facebook,4956.03,325,2023-10-08
11113,TikTok,2785.67,381,2024-05-17
11114,Email,3897.75,245,2023-10-03
11115,TikTok,1883.58,187,2024-11-29
11116,TikTok,3842.22,252,2024-08-22
11117,TikTok,2492.13,8,2024-02-12
11118,TikTok,4612.01,431,2024-10-16
11119,Email,4166.38,358,2024-09-16
11120,Facebook,57.25,218,2023-06-20
11121,Facebook,448.76,494,2024-06-17
11122,Google,876.24,60,2023-07-19
11123,Instagram,4634.4,429,2023-07-19
11124,Instagram,1278.49,441,2024-05-04
11125,Instagram,2789.76,65,2024-09-20
11126,Email,1627.27,308,2024-04-16
11127,Google,4758.68,28,2024-04-29
11128,TikTok,1048.18,365,2023-12-22
11129,Facebook,2117.44,443,2023-07-10
11130,TikTok,2359.94,203,2024-04-19
11131,TikTok,3181.11,161,2024-11-27
11132,Instagram,3222.73,125,2023-01-14
11133,Instagram,1755.87,476,2024-06-02
11134,Instagram,2279.52,108,2023-10-01
11135,TikTok,3660.09,87,2023-08-21
11136,Email,2419.34,321,2024-08-20
11137,Facebook,1430.68,23,2023-04-24
11138,Google,2540.35,172,2024-08-04
11139,Google,3702.98,338,2023-05-14
11140,Google,4115.2,102,2024-09-07
11141,Email,4280.75,455,2023-06-24
11142,Google,840.82,207,2023-12-24
11143,Email,1084.99,442,2024-06-08
11144,Instagram,1035.87,161,2023-12-20
11145,Google,2742.32,286,2023-12-19
11146,Facebook,3268.49,488,2024-06-18
11147,Email,4055.04,263,2024-07-04
11148,Instagram,228.02,347,2023-03-21
11149,Facebook,3117.4,298,2024-02-18
11150,TikTok,2719.13,336,2023-10-04
11151,Google,3953.88,443,2024-05-19
11152,Instagram,4153.88,146,2023-06-08
11153,TikTok,2495.11,446,2023-09-06
11154,Facebook,3127.17,312,2023-07-03
11155,Instagram,372.56,2,2024-07-05
11156,Google,2436.42,406,2024-03-01
11157,TikTok,4774.42,398,2023-10-22
11158,Google,4104.73,283,2024-07-11
11159,TikTok,3995.32,2,2024-09-04
11160,Facebook,3740.75,231,2023-04-28
11161,Google,613.34,163,2023-01-07
11162,Google,334.29,184,2024-05-30
11163,Email,1045.24,435,2024-06-14
11164,Google,1871.4,86,2024-02-19
11165,Email,3815.85,319,2023-08-19
11166,Google,4383.63,47,2023-08-24
11167,Instagram,3252.14,478,2023-09-29
11168,Google,1513.73,26,2024-10-20
11169,TikTok,2087.73,84,2023-04-05
11170,Email,4471.45,188,2023-11-05
11171,TikTok,4112.44,56,2024-07-07
11172,Email,2986.94,152,2024-10-31
11173,Facebook,110.24,312,2024-09-08
11174,Google,1076.07,359,2024-05-28
11175,TikTok,4168.66,140,2023-01-26
11176,Email,3951.91,171,2023-05-26
11177,Facebook,600.37,167,2024-10-29
11178,Email,1140.33,174,2024-03-10
11179,TikTok,4471.08,79,2024-11-24
11180,TikTok,3715.8,477,2023-04-03
11181,Google,506.99,342,2023-07-17
11182,Email,1015.49,303,2023-09-19
11183,TikTok,1146.77,268,2023-01-17
11184,TikTok,679.43,101,2024-10-05
11185,Google,4193.03,4,2023-02-18
11186,Google,3932.44,448,2023-07-23
11187,Email,2868.98,20,2023-05-01
11188,Instagram,1629.4,261,2024-11-04
11189,Google,2110.94,80,2024-05-29
11190,Email,2326.05,56,2024-04-08
11191,Facebook,1124.25,248,2023-06-13
11192,Google,4874.07,104,2024-04-02
11193,Instagram,2722.06,247,2023-06-07
11194,Instagram,3674.61,453,2024-02-23
11195,Email,4188.62,464,2023-11-16
11196,Facebook,1494.24,275,2023-02-18
11197,TikTok,1327.33,70,2023-04-27
11198,TikTok,4184.14,149,2024-01-13
11199,Instagram,2278.26,280,2023-03-28
11200,Email,2960.03,347,2024-07-29
11201,Facebook,2656.38,66,2023-01-21
11202,TikTok,498.75,441,2024-05-25
11203,Instagram,1676.4,246,2024-04-26
11204,Google,3959.32,351,2024-01-15
11205,Email,4308.12,47,2024-06-15
11206,TikTok,3055.66,411,2024-06-03
11207,Google,1083.13,334,2024-05-03
11208,Instagram,293.08,383,2024-09-10
11209,Facebook,1611.11,47,2024-10-12
11210,Email,3851.69,3,2024-05-01
11211,Instagram,2232.28,210,2023-10-27
11212,Email,4657.56,454,2024-04-01
11213,TikTok,4202.45,17,2023-11-12
11214,Facebook,1634.67,440,2023-10-07
11215,Email,1317.17,250,2023-04-27
11216,TikTok,1387.49,116,2024-10-25
11217,TikTok,3770.37,95,2023-05-14
11218,Google,789.63,396,2023-05-21
11219,Instagram,138.55,93,2023-12-26
11220,Instagram,4639.47,430,2024-10-23
11221,TikTok,4257.41,492,2023-08-14
11222,Google,793.26,259,2024-07-23
11223,Email,1939.02,108,2023-02-26
11224,Email,3019.86,303,2023-05-06
11225,Facebook,4309.48,321,2023-04-25
11226,Facebook,4357.35,168,2023-05-13
11227,Google,2340.3,144,2023-03-22
11228,Email,2481.23,495,2023-12-09
11229,Google,617.71,25,2023-08-30
11230,Instagram,3279.0,24,2024-09-07
11231,Google,788.44,488,2023-10-28
11232,Facebook,2899.41,290,2023-02-11
11233,Email,4121.66,159,2024-07-04
11234,Instagram,676.99,339,2024-03-24
11235,TikTok,119.7,16,2023-08-05
11236,Google,1976.21,80,2023-10-14
11237,Google,2402.64,195,2024-06-10
11238,Google,1350.66,343,2024-01-26
11239,Google,4621.31,6,2023-03-10
11240,Google,3000.59,492,2023-03-14
11241,TikTok,2333.19,6,2023-09-08
11242,Facebook,2248.71,473,2023-03-01
11243,Email,2466.31,290,2023-05-07
11244,TikTok,859.59,80,2024-04-25
11245,Facebook,4591.61,134,2024-01-25
11246,Email,4412.77,495,2023-07-25
11247,Google,2365.07,234,2023-09-09
11248,Email,4814.92,363,2024-02-19
11249,Email,2725.72,102,2024-01-28
11250,Google,493.26,456,2023-12-16
11251,Google,3730.34,351,2024-08-15
11252,Instagram,2149.08,238,2024-09-19
11253,Google,1070.84,497,2024-01-11
11254,Email,2542.63,29,2024-08-20
11255,Facebook,3175.12,404,2024-09-05
11256,Facebook,1501.67,137,2023-02-23
11257,TikTok,1195.7,17,2023-08-01
11258,Email,967.54,254,2023-01-29
11259,Instagram,815.93,123,2024-02-14
11260,Facebook,2960.35,337,2023-10-08
11261,Google,2451.91,116,2023-05-14
11262,Facebook,491.41,57,2023-08-28
11263,Facebook,4075.17,402,2023-07-17
11264,Instagram,3309.77,204,2023-08-17
11265,Instagram,2554.97,477,2023-03-18
11266,Instagram,4251.9,266,2023-06-15
11267,Google,3105.22,33,2023-12-04
11268,Facebook,4295.03,235,2023-07-28
11269,Facebook,2847.11,99,2023-12-12
11270,Email,2909.06,90,2024-05-14
11271,Email,92.77,482,2023-02-23
11272,Email,858.83,180,2024-09-07
11273,Google,4012.41,17,2024-04-10
11274,Instagram,2989.92,176,2023-03-22
11275,Email,3342.51,301,2023-08-23
11276,Google,4574.56,78,2024-02-06
11277,Google,2711.86,302,2023-09-14
11278,Facebook,3895.15,286,2023-03-10
11279,Facebook,227.74,227,2023-08-10
11280,Instagram,888.75,419,2023-05-14
11281,TikTok,3267.61,104,2024-10-14
11282,Email,406.67,159,2024-08-04
11283,Facebook,4898.38,438,2024-06-18
11284,Facebook,4502.41,301,2023-02-05
11285,Instagram,3318.73,160,2023-04-24
11286,Instagram,1696.35,88,2024-08-30
11287,Instagram,1715.58,446,2024-08-22
11288,Instagram,1034.19,458,2023-04-09
11289,Facebook,412.14,454,2023-08-29
11290,Email,1653.9,443,2023-12-04
11291,Facebook,2999.2,278,2024-07-28
11292,Google,541.25,298,2024-04-11
11293,Google,3418.23,260,2024-09-09
11294,Email,520.41,337,2024-06-29
11295,Instagram,99.82,431,2023-02-20
11296,Email,416.03,407,2024-08-14
11297,Facebook,3745.81,269,2023-07-30
11298,Facebook,885.12,236,2023-07-03
11299,Facebook,1388.34,128,2023-07-07
11300,Email,3653.74,226,2023-01-24
11301,Instagram,658.18,381,2023-11-29
11302,TikTok,2546.41,377,2024-06-24
11303,Email,2407.02,79,2024-05-22
11304,Facebook,4491.21,475,2024-09-25
11305,Email,3088.88,410,2024-01-15
11306,Instagram,157.59,194,2024-08-17
11307,Instagram,4509.23,404,2024-01-29
11308,Facebook,3725.83,497,2023-10-17
11309,TikTok,1759.87,101,2023-07-21
11310,Facebook,3470.19,151,2024-11-28
11311,Instagram,640.82,114,2023-01-27
11312,TikTok,4263.43,364,2023-03-28
11313,Google,4216.09,478,2023-10-12
11314,Facebook,2301.04,281,2023-03-27
11315,Instagram,4597.49,382,2024-11-17
11316,Email,2539.89,219,2023-04-21
11317,Google,1050.35,298,2024-01-25
11318,Facebook,4538.21,80,2024-08-23
11319,Facebook,1899.79,161,2024-11-20
11320,TikTok,1383.26,489,2023-11-18
11321,Google,1475.05,424,2023-09-02
11322,Email,2230.96,296,2024-07-18
11323,Instagram,3578.94,463,2024-07-30
11324,Email,895.3,344,2023-12-12
11325,Email,4396.09,266,2024-07-07
11326,Instagram,4089.09,79,2024-10-16
11327,Facebook,985.32,40,2024-09-16
11328,Google,3807.25,132,2024-05-05
11329,Instagram,2014.53,210,2023-05-09
11330,Google,1219.05,220,2023-05-28
11331,Google,2030.4,268,2024-01-25
11332,Instagram,3312.15,148,2024-09-06
11333,TikTok,1551.29,474,2024-08-25
11334,Email,2765.85,217,2023-01-19
11335,Email,4563.02,4,2024-09-30
11336,TikTok,3373.75,338,2023-08-25
11337,Email,3393.18,421,2023-04-27
11338,TikTok,2511.01,239,2024-02-24
11339,Google,3532.47,326,2023-06-27
11340,Email,1690.19,478,2023-05-04
11341,TikTok,4462.36,158,2024-11-10
11342,Facebook,193.39,12,2023-08-16
11343,Instagram,2732.56,162,2023-12-27
11344,Google,1932.94,380,2023-05-25
11345,Email,989.54,406,2024-04-12
11346,Instagram,2775.67,456,2023-09-15
11347,TikTok,2191.64,250,2023-12-01
11348,Email,4566.04,327,2023-08-09
11349,Email,1850.43,250,2023-07-09
11350,Facebook,4599.92,94,2024-08-26
11351,Instagram,2876.85,41,2024-08-20
11352,Instagram,4159.03,489,2023-10-05
11353,Email,2550.39,456,2024-06-07
11354,Facebook,1606.11,454,2024-06-15
11355,Instagram,3340.44,24,2023-10-26
11356,Instagram,3567.99,275,2024-11-14
11357,Facebook,2853.8,203,2023-01-18
11358,Instagram,2721.73,195,2024-02-01
11359,TikTok,3630.72,408,2024-01-01
11360,Google,877.98,369,2023-12-07
11361,Facebook,1800.28,357,2023-03-02
11362,Instagram,4393.41,281,2023-02-21
11363,Google,1185.42,1,2024-05-30
11364,Google,4562.28,119,2024-01-22
11365,TikTok,1754.6,132,2023-07-13
11366,Instagram,649.97,403,2023-12-11
11367,TikTok,1902.83,309,2024-09-06
11368,Instagram,1376.93,269,2023-11-06
11369,Email,1249.36,278,2024-03-19
11370,TikTok,1811.37,293,2023-04-22
11371,Facebook,2872.35,26,2023-12-07
11372,Google,1348.27,476,2024-03-06
11373,Instagram,689.49,433,2023-12-23
11374,Email,4601.17,497,2023-10-02
11375,Google,1210.68,322,2024-11-30
11376,Email,2619.27,409,2023-12-09
11377,TikTok,4197.54,18,2024-11-07
11378,Facebook,4571.58,330,2024-05-19
11379,TikTok,2896.73,370,2024-03-07
11380,Email,4728.8,302,2023-03-14
11381,Instagram,630.39,20,2024-04-09
11382,TikTok,915.67,180,2023-07-29
11383,Email,1348.22,210,2023-04-06
11384,TikTok,3839.55,385,2024-10-02
11385,Google,355.73,23,2024-11-13
11386,Google,3654.21,167,2023-01-10
11387,Instagram,2272.17,362,2023-04-12
11388,TikTok,460.42,473,2023-05-31
11389,Email,4608.06,117,2023-02-14
11390,Instagram,197.88,452,2023-09-03
11391,Google,4752.9,469,2024-07-01
11392,Email,1545.82,131,2024-03-29
11393,Instagram,1928.14,130,2024-02-23
11394,Instagram,2915.18,352,2024-01-12
11395,TikTok,4891.34,314,2023-12-03
11396,TikTok,4589.45,409,2023-04-21
11397,Facebook,1081.87,343,2023-07-08
11398,Email,955.13,18,2024-08-20
11399,Instagram,4824.61,355,2023-12-21
11400,Instagram,1744.49,283,2023-07-23
11401,TikTok,1532.78,189,2023-07-10
11402,Facebook,2201.65,255,2024-02-18
11403,TikTok,250.6,46,2023-01-10
11404,TikTok,4046.26,405,2024-06-16
11405,Instagram,945.7,168,2024-05-12
11406,TikTok,2292.91,424,2023-07-05
11407,Email,820.65,144,2023-07-03
11408,Google,2395.23,435,2023-12-24
11409,TikTok,4333.82,291,2024-04-25
11410,Facebook,887.41,154,2023-09-06
11411,Google,4330.78,269,2023-04-21
11412,Instagram,3781.46,437,2023-08-15
11413,Facebook,1477.12,232,2024-03-29
11414,TikTok,4683.28,377,2024-11-26
11415,Facebook,4429.8,227,2024-01-21
11416,Instagram,3256.33,243,2024-09-27
11417,TikTok,997.93,19,2024-06-07
11418,Google,1468.55,295,2023-10-14
11419,Instagram,3372.18,52,2023-12-31
11420,Google,2146.77,392,2024-10-06
11421,Google,260.88,1,2024-11-15
11422,Google,4304.51,486,2024-06-04
11423,Email,4066.55,166,2023-08-09
11424,Email,631.95,325,2023-03-28
11425,Instagram,3660.43,106,2024-11-10
11426,Facebook,2821.02,309,2024-07-25
11427,Google,56.67,84,2024-01-22
11428,Instagram,3944.97,169,2024-05-11
11429,Facebook,3799.5,422,2024-01-11
11430,Email,339.27,481,2023-11-20
11431,Email,263.31,336,2024-09-23
11432,TikTok,4163.51,414,2023-11-27
11433,Instagram,157.8,416,2023-01-27
11434,Google,467.44,33,2024-07-06
11435,TikTok,1752.79,236,2023-11-10
11436,Email,3598.21,251,2024-05-02
11437,Google,1507.98,491,2024-05-22
11438,Instagram,1472.06,389,2023-05-01
11439,Facebook,1351.48,208,2024-04-20
11440,TikTok,1916.66,474,2023-04-29
11441,Google,2481.78,96,2024-06-18
11442,Google,4440.49,78,2024-05-16
11443,Email,2700.02,12,2024-05-13
11444,Google,1813.92,237,2024-03-01
11445,TikTok,1673.83,104,2024-08-21
11446,Email,4632.28,482,2024-07-07
11447,Facebook,745.33,358,2023-04-13
11448,Facebook,4014.42,16,2024-07-25
11449,Email,2989.04,54,2024-09-20
11450,Google,3139.46,50,2023-08-16
11451,Facebook,4066.47,134,2023-07-02
11452,Instagram,898.97,289,2024-01-22
11453,TikTok,2561.41,103,2024-05-28
11454,TikTok,878.15,188,2024-04-25
11455,Google,4508.5,35,2023-09-25
11456,Google,2580.74,13,2023-01-08
11457,Facebook,2359.41,203,2024-04-30
11458,TikTok,1549.6,307,2023-10-13
11459,Google,1311.26,238,2024-01-27
11460,Facebook,643.45,482,2023-09-01
11461,Facebook,1516.85,19,2024-09-03
11462,Email,1087.47,134,2023-02-12
11463,Email,4931.49,204,2024-03-16
11464,Google,3261.24,422,2024-04-15
11465,Facebook,1095.0,147,2023-04-19
11466,TikTok,4191.45,153,2023-12-03
11467,Email,2829.51,148,2023-12-04
11468,TikTok,1777.9,443,2023-09-12
11469,Google,4967.85,220,2024-10-28
11470,Facebook,2385.81,319,2024-04-26
11471,Facebook,4494.25,291,2024-10-25
11472,Google,3085.45,478,2023-05-29
11473,Instagram,1194.81,113,2023-01-17
11474,Google,2872.0,217,2024-11-15
11475,Instagram,3363.67,109,2023-03-20
11476,Google,2542.47,59,2024-05-19
11477,Instagram,2031.83,252,2024-05-07
11478,Google,139.49,232,2024-05-05
11479,Email,1024.01,109,2023-03-21
11480,Facebook,1440.4,120,2024-10-22
11481,Instagram,550.81,19,2023-04-18
11482,Instagram,4068.85,112,2023-04-25
11483,TikTok,1923.33,468,2024-06-10
11484,Facebook,3480.77,483,2023-01-26
11485,Instagram,827.03,264,2023-11-29
11486,Email,1666.29,405,2023-08-21
11487,Facebook,685.34,174,2023-06-25
11488,Instagram,1909.43,432,2024-05-05
11489,Email,1626.56,197,2024-04-30
11490,Instagram,2969.86,498,2023-04-01
11491,Instagram,1795.27,199,2024-08-02
11492,Google,4454.46,393,2024-11-06
11493,Instagram,3893.1,467,2024-09-03
11494,Instagram,1079.99,468,2023-10-05
11495,Email,4367.17,312,2024-01-19
11496,Google,2809.69,120,2024-05-26
11497,Email,3186.19,486,2023-12-31
11498,TikTok,3605.54,22,2024-08-10
11499,Instagram,3468.68,38,2023-04-09
11500,Email,1550.66,445,2024-05-06
11501,Email,3292.06,409,2024-07-04
11502,Instagram,2796.08,352,2024-08-15
11503,Instagram,1236.53,455,2024-11-17
11504,Facebook,3158.13,118,2023-12-06
11505,Google,2464.38,371,2023-02-27
11506,Google,4167.45,489,2024-10-12
11507,Facebook,317.46,468,2024-11-07
11508,Google,1223.09,78,2024-11-22
11509,TikTok,1817.07,403,2024-06-09
11510,Email,2688.67,450,2024-05-17
11511,Facebook,977.73,134,2024-09-14
11512,Facebook,3322.27,129,2024-11-13
11513,Email,2471.1,401,2024-06-27
11514,TikTok,2817.71,495,2024-01-09
11515,TikTok,2198.84,13,2024-02-24
11516,Email,3448.16,150,2023-06-25
11517,Facebook,1026.55,111,2024-11-10
11518,TikTok,3259.6,66,2023-07-01
11519,Email,4874.97,286,2024-02-09
11520,TikTok,3011.87,456,2024-05-28
11521,Instagram,4906.47,34,2023-08-23
11522,Facebook,71.15,414,2023-04-01
11523,TikTok,4657.27,171,2023-10-13
11524,Google,4369.49,407,2023-05-15
11525,Google,1764.89,243,2024-06-09
11526,Email,2008.12,474,2023-04-27
11527,Email,341.61,221,2024-07-16
11528,Google,1660.55,345,2023-07-24
11529,Google,3031.98,265,2023-02-18
11530,TikTok,3668.91,318,2023-10-10
11531,Instagram,2627.39,170,2024-01-04
11532,Facebook,2547.41,13,2023-05-02
11533,Email,1652.65,314,2023-03-13
11534,Facebook,1177.39,335,2023-02-20
11535,TikTok,3007.63,468,2023-12-28
11536,Facebook,2128.0,381,2024-07-25
11537,TikTok,4307.0,237,2024-04-02
11538,Google,3806.43,458,2023-12-25
11539,Google,4563.98,62,2024-06-15
11540,TikTok,4879.83,498,2024-11-12
11541,Google,3920.36,405,2024-01-01
11542,Instagram,4190.25,355,2023-03-20
11543,Facebook,1422.68,408,2024-10-02
11544,Instagram,603.72,336,2023-01-30
11545,TikTok,2165.82,95,2023-02-21
11546,Instagram,2963.14,119,2023-10-15
11547,Facebook,2109.91,220,2023-12-24
11548,Email,1431.13,152,2023-03-31
11549,Email,3305.36,152,2024-08-06
11550,Google,4066.05,448,2023-07-12
11551,Facebook,2659.62,62,2023-09-16
11552,Email,1176.26,383,2023-10-08
11553,Instagram,719.15,19,2023-04-15
11554,Email,591.42,364,2024-10-28
11555,Facebook,2121.65,245,2024-01-17
11556,Email,3904.74,420,2024-09-28
11557,Facebook,4969.07,282,2024-04-10
11558,Facebook,3918.17,307,2023-08-15
11559,Instagram,4406.91,170,2024-07-24
11560,Google,1027.89,377,2024-08-08
11561,Email,338.85,326,2023-09-24
11562,Google,4596.58,267,2023-09-29
11563,TikTok,2223.93,337,2024-04-15
11564,Instagram,916.22,352,2023-09-11
11565,Google,76.1,487,2024-03-06
11566,Google,3197.73,22,2023-01-10
11567,Facebook,4350.71,247,2024-04-29
11568,Google,4556.04,241,2023-01-23
11569,TikTok,2780.56,273,2024-08-24
11570,Google,3588.77,26,2023-08-13
11571,Email,3207.59,235,2024-05-14
11572,Instagram,2883.07,216,2023-03-05
11573,Instagram,2064.06,163,2024-01-14
11574,Google,1368.8,409,2024-03-02
11575,TikTok,1478.89,191,2024-09-18
11576,Instagram,1690.47,431,2024-05-23
11577,Facebook,1289.77,7,2023-08-20
11578,Email,2602.02,217,2024-11-27
11579,Facebook,2249.66,9,2024-09-10
11580,Facebook,3192.57,444,2023-04-08
11581,Facebook,3664.46,433,2024-06-24
11582,TikTok,3082.13,69,2023-07-07
11583,Google,1277.29,206,2024-09-02
11584,Google,3276.81,372,2023-08-17
11585,TikTok,4666.59,89,2023-01-11
11586,Email,4717.75,350,2024-08-14
11587,Facebook,4791.24,406,2024-07-08
11588,Facebook,2431.04,355,2024-08-05
11589,Google,3091.95,43,2023-11-20
11590,Google,4810.33,283,2024-11-15
11591,Email,2047.85,257,2024-10-30
11592,TikTok,4235.15,454,2023-08-05
11593,Instagram,4623.69,219,2024-07-10
11594,TikTok,690.74,409,2024-09-07
11595,Email,591.31,131,2023-05-28
11596,TikTok,1095.72,18,2023-04-18
11597,TikTok,65.57,369,2024-03-14
11598,Google,4263.9,254,2023-11-20
11599,Instagram,3789.54,360,2023-11-20
11600,Instagram,936.29,50,2024-05-02
11601,Instagram,3249.17,315,2023-01-21
11602,Facebook,1689.87,201,2024-11-17
11603,Email,2912.57,173,2023-01-15
11604,Instagram,1807.84,453,2023-06-19
11605,Google,2593.43,348,2023-10-27
11606,TikTok,4804.56,478,2024-02-06
11607,Instagram,3394.1,390,2023-04-25
11608,Facebook,3942.84,51,2023-11-02
11609,Email,2905.84,176,2023-12-28
11610,Instagram,815.62,135,2023-06-17
11611,Email,1268.6,212,2023-02-18
11612,Google,170.1,81,2024-01-02
11613,Facebook,1744.13,253,2024-02-24
11614,Google,1219.7,163,2023-10-01
11615,Google,2296.85,244,2023-10-14
11616,Instagram,862.24,435,2024-03-24
11617,Instagram,1609.06,409,2024-05-11
11618,Email,988.62,80,2023-11-25
11619,Facebook,4493.42,156,2023-07-10
11620,Google,476.83,317,2024-11-10
11621,Email,58.17,239,2023-01-05
11622,Facebook,3902.79,366,2024-06-08
11623,Instagram,2932.01,107,2024-07-18
11624,Email,1002.75,289,2024-03-05
11625,Email,2923.39,200,2024-04-08
11626,TikTok,3696.67,396,2023-12-17
11627,Email,686.45,311,2024-01-27
11628,Google,250.1,176,2023-07-22
11629,Instagram,2929.22,285,2023-03-12
11630,Google,2417.38,365,2023-09-05
11631,Email,4699.77,311,2024-03-17
11632,TikTok,4008.77,289,2023-05-14
11633,Email,2972.54,314,2023-05-07
11634,Instagram,4219.86,455,2024-09-24
11635,Instagram,881.4,181,2024-08-20
11636,Facebook,3678.58,145,2024-08-20
11637,Google,2085.2,124,2023-05-19
11638,TikTok,2585.9,139,2023-01-16
11639,Facebook,3595.39,153,2024-01-18
11640,Email,63.54,50,2024-10-07
11641,TikTok,2960.0,56,2023-01-02
11642,Google,3567.4,491,2024-11-18
11643,Google,3704.14,419,2023-05-14
11644,Instagram,1114.48,423,2024-01-17
11645,Instagram,2270.49,294,2024-02-13
11646,Instagram,961.88,60,2023-07-09
11647,TikTok,1934.41,388,2024-10-26
11648,Facebook,1695.26,186,2023-10-08
11649,Facebook,1212.08,440,2023-02-11
11650,Instagram,3898.21,157,2024-11-17
11651,Google,588.8,102,2024-10-03
11652,TikTok,1938.43,3,2023-10-09
11653,Facebook,2514.24,119,2023-09-07
11654,Email,4007.77,177,2023-06-15
11655,TikTok,1845.73,442,2024-07-12
11656,Instagram,1512.87,151,2024-11-05
11657,TikTok,125.76,222,2023-09-12
11658,Google,1873.49,240,2024-11-11
11659,Email,1806.03,365,2024-06-24
11660,Instagram,4243.5,174,2024-05-06
11661,Email,1013.99,336,2024-02-18
11662,TikTok,4217.45,50,2024-08-10
11663,TikTok,813.9,5,2023-11-06
11664,Facebook,1788.43,300,2024-10-26
11665,Google,4243.91,350,2024-11-03
11666,Instagram,307.73,241,2023-11-22
11667,Google,4538.36,475,2023-10-24
11668,Instagram,1484.68,302,2023-05-06
11669,Instagram,4578.44,132,2024-11-04
11670,TikTok,4151.76,471,2023-02-10
11671,Google,4754.2,385,2023-08-22
11672,Google,3399.67,181,2023-03-31
11673,TikTok,4580.14,107,2024-05-18
11674,TikTok,2096.64,74,2023-06-03
11675,Instagram,4802.46,283,2023-06-17
11676,Google,2958.08,194,2024-01-03
11677,TikTok,2768.21,344,2024-10-02
11678,Instagram,2087.12,23,2024-09-18
11679,Google,900.58,214,2024-10-14
11680,Facebook,3052.36,98,2024-07-12
11681,Google,4152.61,89,2023-03-23
11682,Facebook,3731.82,473,2024-05-14
11683,Facebook,2437.78,32,2023-12-02
11684,Instagram,2451.28,297,2024-09-27
11685,Facebook,4745.75,252,2023-07-23
11686,Email,2115.3,423,2023-02-19
11687,Instagram,4485.35,158,2024-01-15
11688,Google,2244.38,386,2024-11-05
11689,Instagram,521.78,135,2024-01-11
11690,Email,3794.95,194,2023-10-27
11691,Facebook,3591.06,98,2024-01-24
11692,Facebook,380.82,446,2024-04-19
11693,Email,3128.72,262,2023-12-11
11694,Google,4873.2,461,2023-06-12
11695,Email,1895.91,453,2023-07-26
11696,Instagram,4259.99,189,2023-11-18
11697,Google,1943.19,393,2024-06-22
11698,Google,787.83,332,2023-01-19
11699,Instagram,852.65,191,2023-12-02
11700,Google,2336.53,262,2024-10-09
11701,Email,139.73,469,2024-11-09
11702,Facebook,4455.22,192,2023-07-18
11703,Email,4824.08,79,2023-01-18
11704,Email,3057.61,235,2024-11-02
11705,TikTok,1141.59,81,2024-03-15
11706,Instagram,3765.62,89,2024-03-26
11707,Instagram,844.48,198,2024-03-23
11708,Email,4594.8,449,2023-05-08
11709,Instagram,4424.06,463,2024-07-24
11710,Google,3351.19,24,2023-05-04
11711,Instagram,782.62,354,2024-04-06
11712,Facebook,3366.07,13,2024-04-15
11713,Email,3340.0,356,2023-11-22
11714,TikTok,3317.26,434,2023-05-18
11715,Facebook,3880.53,164,2024-04-04
11716,Facebook,990.23,152,2023-02-22
11717,Facebook,4676.87,483,2023-12-24
11718,Facebook,2872.96,354,2023-11-05
11719,Instagram,2152.72,314,2023-02-05
11720,Google,2299.67,465,2024-07-05
11721,Instagram,2687.09,410,2024-02-08
11722,TikTok,273.14,334,2023-05-23
11723,Instagram,622.4,266,2023-05-18
11724,Instagram,2543.85,81,2024-09-03
11725,Facebook,3903.4,140,2024-10-18
11726,Google,2862.84,353,2023-02-27
11727,Facebook,871.66,7,2023-03-18
11728,Facebook,4954.57,442,2024-01-14
11729,Facebook,4240.73,111,2024-10-30
11730,Google,4213.87,10,2024-05-04
11731,Instagram,3569.18,77,2023-10-04
11732,TikTok,2992.52,329,2023-08-04
11733,Google,1085.18,334,2024-04-01
11734,Instagram,4092.82,277,2023-06-29
11735,Facebook,3777.99,99,2024-09-20
11736,Google,4216.04,486,2023-08-27
11737,Email,2819.07,263,2023-09-03
11738,TikTok,828.19,93,2023-10-10
11739,TikTok,4061.91,156,2023-07-13
11740,Instagram,4246.72,425,2023-07-01
11741,Instagram,619.82,437,2023-02-11
11742,Email,1405.63,453,2023-08-20
11743,Instagram,1962.1,350,2023-05-07
11744,Facebook,4118.44,256,2024-11-08
11745,Google,4743.98,249,2023-07-27
11746,Google,900.36,116,2024-05-10
11747,TikTok,2950.47,195,2023-11-10
11748,TikTok,4165.79,447,2023-02-25
11749,TikTok,128.76,98,2023-06-18
11750,Email,1321.82,398,2023-10-14
11751,Facebook,2400.54,23,2024-10-07
11752,TikTok,3283.28,420,2024-06-25
11753,Google,4319.16,342,2024-02-12
11754,Facebook,1510.88,445,2023-10-26
11755,Facebook,443.0,84,2023-01-19
11756,Google,4722.25,336,2023-10-21
11757,Email,2430.29,320,2023-08-01
11758,Email,2388.21,462,2023-10-24
11759,TikTok,404.62,418,2024-01-17
11760,Email,4262.32,339,2023-05-12
11761,TikTok,3125.01,478,2023-07-21
11762,Facebook,3379.0,398,2024-05-12
11763,Email,1449.18,303,2023-12-16
11764,TikTok,2050.44,96,2023-05-13
11765,TikTok,3966.71,82,2023-03-18
11766,Facebook,1649.5,168,2024-06-17
11767,Google,4805.03,467,2023-05-04
11768,Facebook,854.91,458,2023-05-09
11769,Google,2713.03,102,2023-05-28
11770,Google,4311.93,495,2024-04-21
11771,Instagram,3293.2,59,2023-11-01
11772,Instagram,4684.16,414,2023-04-18
11773,Email,1418.3,387,2024-04-14
11774,Facebook,1174.75,292,2024-10-12
11775,Instagram,978.52,281,2024-04-26
11776,Facebook,1471.28,73,2024-02-29
11777,TikTok,3243.49,167,2024-08-21
11778,TikTok,3622.62,495,2023-10-03
11779,Email,2123.91,397,2024-02-15
11780,Instagram,2900.55,185,2024-08-02
11781,Email,477.04,223,2023-11-21
11782,Google,2777.11,331,2023-08-11
11783,Email,4919.66,306,2024-08-06
11784,Facebook,855.31,376,2024-10-17
11785,Facebook,4731.55,38,2023-08-12
11786,Instagram,681.75,150,2024-02-06
11787,Email,1059.41,306,2024-11-23
11788,TikTok,2183.6,239,2024-02-13
11789,Facebook,3003.33,252,2023-07-26
11790,Instagram,148.89,161,2023-05-29
11791,Google,1707.47,37,2024-09-20
11792,Google,2185.65,404,2024-05-04
11793,Instagram,1321.08,40,2023-04-23
11794,Google,4114.98,400,2024-02-26
11795,Google,2754.96,193,2023-11-25
11796,Google,1528.33,100,2023-03-26
11797,Facebook,2076.42,472,2024-05-17
11798,TikTok,3508.85,494,2023-11-04
11799,Facebook,2681.73,349,2023-09-30
11800,Email,1919.63,357,2024-01-26
11801,Instagram,250.14,249,2023-10-22
11802,Email,960.27,35,2023-04-07
11803,Facebook,3874.63,442,2023-07-02
11804,Instagram,1023.06,211,2023-01-18
11805,Email,4342.24,172,2023-11-20
11806,Facebook,4657.05,386,2023-07-08
11807,Google,1961.15,240,2024-02-09
11808,Email,984.22,349,2024-03-20
11809,Instagram,3593.39,78,2023-08-05
11810,Google,2226.35,140,2024-06-06
11811,Email,1453.91,376,2024-05-04
11812,Google,4111.63,260,2023-08-01
11813,Google,3016.12,437,2024-10-28
11814,TikTok,1180.52,262,2024-07-30
11815,Google,2955.6,150,2024-09-09
11816,Facebook,1850.56,462,2024-05-26
11817,Email,3689.35,149,2023-06-06
11818,Email,4632.74,164,2024-07-23
11819,Email,4941.84,14,2023-03-26
11820,Email,3837.17,161,2023-09-09
11821,TikTok,4943.4,118,2024-07-15
11822,Facebook,885.0,81,2024-02-28
11823,Facebook,521.62,431,2023-06-21
11824,Instagram,2473.37,400,2024-04-27
11825,TikTok,675.94,141,2024-06-20
11826,Email,2087.39,170,2023-11-18
11827,Instagram,912.51,41,2024-03-04
11828,Google,2273.42,72,2023-08-07
11829,Google,4970.26,327,2024-06-05
11830,Google,1469.39,256,2023-07-19
11831,Instagram,1207.9,177,2024-10-02
11832,Instagram,1422.95,223,2023-03-28
11833,Google,2079.72,266,2023-07-10
11834,TikTok,932.75,130,2024-10-21
11835,Instagram,1604.01,290,2024-02-22
11836,Google,786.21,254,2024-03-30
11837,Facebook,4119.5,57,2024-01-08
11838,Google,3317.91,160,2023-12-01
11839,Instagram,3555.97,10,2024-01-21
11840,Instagram,3297.41,229,2023-03-06
11841,TikTok,2402.76,434,2023-01-15
11842,Facebook,3313.77,188,2023-03-05
11843,Email,1886.58,234,2023-01-10
11844,TikTok,3747.41,321,2023-04-18
11845,Facebook,3488.75,189,2023-03-19
11846,Instagram,2794.15,430,2023-05-11
11847,TikTok,3855.85,333,2023-09-12
11848,Instagram,2442.34,311,2024-10-06
11849,TikTok,77.5,63,2024-04-15
11850,Email,1278.05,308,2023-06-20
11851,Google,4223.08,231,2023-12-16
11852,TikTok,1162.15,30,2024-02-18
11853,Email,2827.67,202,2024-01-17
11854,Email,2068.55,319,2023-05-17
11855,TikTok,4698.77,344,2024-08-29
11856,Instagram,4469.47,422,2023-03-26
11857,TikTok,262.26,38,2024-08-19
11858,Instagram,2050.27,80,2023-06-14
11859,Google,3924.54,9,2023-11-20
11860,Google,2694.97,463,2023-08-23
11861,Email,4458.69,366,2024-11-13
11862,Facebook,976.53,222,2023-10-07
11863,Google,1601.13,7,2024-05-22
11864,Instagram,3060.42,144,2023-12-05
11865,Instagram,2709.26,168,2023-03-16
11866,Email,139.48,456,2024-03-11
11867,Instagram,408.28,50,2023-10-27
11868,Facebook,3818.46,260,2024-08-19
11869,Instagram,4909.19,236,2024-07-12
11870,Instagram,4811.13,107,2023-11-14
11871,Google,1939.0,374,2023-03-17
11872,Email,289.46,62,2023-09-11
11873,Instagram,3944.43,99,2023-08-16
11874,Google,1877.03,452,2024-10-14
11875,Google,4475.93,267,2023-08-20
11876,Email,4225.44,122,2024-08-15
11877,Facebook,2720.09,365,2024-01-20
11878,Email,4002.45,239,2024-03-13
11879,Instagram,206.93,273,2024-02-09
11880,Email,4404.55,414,2023-01-07
11881,Facebook,2671.03,112,2024-03-08
11882,Facebook,296.88,364,2023-05-23
11883,TikTok,3836.99,57,2023-08-01
11884,Instagram,4572.49,254,2024-03-20
11885,Google,3213.09,358,2023-07-29
11886,Google,583.78,447,2023-03-31
11887,TikTok,1575.03,389,2023-12-31
11888,TikTok,694.3,434,2024-09-03
11889,Email,2296.56,167,2024-08-11
11890,Email,1114.33,187,2024-06-02
11891,Google,4494.8,72,2024-09-10
11892,Email,4848.19,288,2024-07-23
11893,TikTok,1667.8,19,2023-07-30
11894,Google,3136.58,385,2023-06-06
11895,Instagram,704.06,453,2024-08-20
11896,Email,3950.84,120,2023-08-17
11897,TikTok,4084.6,301,2024-02-26
11898,TikTok,3946.75,130,2024-09-20
11899,Email,4023.68,445,2023-05-11
11900,TikTok,949.33,264,2024-09-11
11901,Email,1823.25,24,2023-05-08
11902,Google,2120.94,431,2023-08-25
11903,TikTok,2939.83,63,2023-03-27
11904,Email,657.85,170,2023-01-23
11905,Email,1352.8,268,2023-07-04
11906,TikTok,450.35,181,2023-04-22
11907,Email,99.19,174,2024-10-01
11908,TikTok,1587.51,413,2024-03-09
11909,Email,2184.53,444,2023-05-19
11910,Google,4247.35,174,2023-12-02
11911,Facebook,2269.3,27,2023-08-12
11912,Facebook,4385.51,370,2023-10-15
11913,Facebook,4448.66,421,2024-06-01
11914,Facebook,3541.23,337,2023-08-17
11915,Instagram,1152.64,138,2024-11-14
11916,Google,1810.88,157,2023-08-09
11917,Instagram,2162.43,466,2023-08-29
11918,TikTok,2951.36,104,2024-01-27
11919,Instagram,3026.17,333,2024-10-15
11920,Email,3599.6,209,2023-06-19
11921,Instagram,3278.2,293,2024-05-20
11922,Facebook,2507.37,129,2024-05-21
11923,Email,469.74,172,2024-09-23
11924,Email,1458.69,227,2024-09-30
11925,Facebook,4893.15,20,2023-10-21
11926,Facebook,2991.3,384,2023-12-23
11927,TikTok,2758.19,297,2024-11-28
11928,Email,3056.32,443,2024-02-03
11929,TikTok,4165.68,245,2023-12-14
11930,TikTok,70.63,159,2024-02-19
11931,Google,2016.0,249,2023-06-09
11932,Facebook,2828.7,260,2023-05-15
11933,Google,526.76,32,2024-11-17
11934,TikTok,863.38,296,2023-03-01
11935,Facebook,1468.88,46,2023-11-25
11936,Instagram,1603.97,370,2024-01-01
11937,Email,889.73,19,2024-05-06
11938,Email,3802.81,178,2023-11-11
11939,Google,1382.41,214,2024-07-09
11940,Google,3063.2,495,2023-08-07
11941,Google,1318.58,479,2023-11-03
11942,Google,1490.74,157,2023-09-06
11943,Email,3692.05,273,2024-06-22
11944,Instagram,1587.65,466,2023-05-20
11945,Instagram,2982.47,215,2024-01-26
11946,TikTok,1229.88,283,2024-01-02
11947,Facebook,4658.11,248,2024-11-02
11948,Google,1207.51,190,2024-09-04
11949,Email,2172.72,108,2023-09-28
11950,TikTok,1988.04,362,2023-02-15
11951,Email,2333.71,170,2024-02-22
11952,TikTok,122.11,332,2024-10-02
11953,Email,2032.83,376,2023-06-24
11954,Instagram,2134.36,149,2023-06-29
11955,Google,3343.68,362,2024-06-04
11956,Facebook,2598.41,146,2023-10-13
11957,Instagram,1305.71,417,2023-06-09
11958,Google,3695.17,462,2023-10-03
11959,Google,4591.12,300,2023-12-13
11960,TikTok,1306.71,34,2024-05-20
11961,TikTok,2578.81,379,2023-11-25
11962,Instagram,3987.78,467,2023-05-18
11963,Facebook,4796.21,78,2024-07-30
11964,Email,2431.76,294,2023-08-28
11965,TikTok,1686.54,208,2023-10-17
11966,Google,396.06,251,2024-05-08
11967,Facebook,1046.48,403,2023-02-03
11968,Facebook,702.24,244,2024-05-08
11969,Google,2513.68,25,2023-07-05
11970,Facebook,1611.14,119,2023-03-02
11971,Facebook,4623.63,234,2024-03-21
11972,TikTok,4873.57,244,2024-07-26
11973,Email,2246.4,340,2023-12-19
11974,Google,2500.66,331,2024-09-20
11975,Email,4006.89,153,2024-05-04
11976,TikTok,4109.87,58,2023-12-19
11977,TikTok,4317.89,296,2024-10-07
11978,Google,2762.25,17,2023-03-03
11979,Instagram,1681.7,298,2023-02-11
11980,Instagram,4913.1,224,2023-04-14
11981,TikTok,299.54,322,2024-03-15
11982,Email,2770.54,208,2024-02-27
11983,TikTok,1448.18,296,2023-08-23
11984,Google,1185.43,156,2024-09-09
11985,Facebook,3465.75,360,2023-06-21
11986,Facebook,1818.59,209,2023-04-18
11987,Google,618.82,228,2024-02-09
11988,Facebook,2787.08,81,2023-02-19
11989,Email,1439.01,52,2024-03-25
11990,Email,3216.47,148,2023-08-28
11991,Facebook,2888.94,251,2023-02-05
11992,Email,3701.62,212,2023-02-14
11993,Facebook,749.79,245,2023-06-07
11994,Instagram,465.74,180,2024-10-28
11995,Google,1198.45,6,2024-07-07
11996,Email,1783.32,217,2024-02-06
11997,Google,3140.54,484,2024-05-17
11998,Google,64.61,384,2024-05-24
11999,Email,2301.9,330,2024-08-16
12000,Google,3980.03,52,2024-07-10
12001,Email,4752.02,327,2024-10-09
12002,Email,2486.15,22,2023-12-13
12003,Instagram,3065.43,60,2023-03-08
12004,Instagram,3599.22,305,2024-09-19
12005,Facebook,1128.02,48,2023-10-10
12006,Instagram,2624.05,243,2024-10-28
12007,Instagram,4382.32,160,2024-10-12
12008,Instagram,1081.07,238,2023-05-07
12009,Google,2403.13,274,2023-09-03
12010,Instagram,3726.39,472,2024-10-07
12011,Instagram,2986.26,497,2024-08-10
12012,Facebook,2257.73,147,2023-02-23
12013,Facebook,3492.04,459,2023-01-31
12014,Instagram,2873.2,278,2024-10-23
12015,Facebook,3176.28,421,2024-03-19
12016,Facebook,519.01,243,2023-11-03
12017,Email,2723.27,187,2023-01-17
12018,Email,3138.39,116,2023-11-23
12019,TikTok,438.2,23,2023-02-02
12020,Email,3027.66,450,2024-01-20
12021,Facebook,1600.27,236,2023-07-06
12022,Email,1806.06,215,2024-07-20
12023,Facebook,4859.76,267,2023-02-02
12024,Facebook,2957.3,451,2023-02-24
12025,Facebook,4791.98,55,2024-11-04
12026,Facebook,3550.82,424,2024-03-28
12027,Facebook,2460.01,266,2024-07-25
12028,Facebook,511.24,442,2023-07-31
12029,Email,3812.35,1,2023-02-14
12030,Google,2730.58,78,2024-08-30
12031,Email,1667.06,160,2024-07-27
12032,Instagram,2802.45,11,2024-03-01
12033,Google,2144.98,107,2023-08-08
12034,TikTok,2942.13,100,2024-06-14
12035,TikTok,2830.44,268,2023-03-12
12036,Facebook,2286.16,423,2023-09-14
12037,Instagram,2270.44,164,2023-06-13
12038,Email,4808.07,156,2023-08-16
12039,Google,414.42,195,2024-09-02
12040,Email,3049.1,487,2024-04-04
12041,Email,1178.22,268,2023-12-15
12042,Google,4462.32,380,2023-05-12
12043,Facebook,577.88,15,2024-01-22
12044,Google,700.71,392,2023-12-30
12045,Facebook,1490.97,229,2023-05-22
12046,Instagram,4274.19,205,2024-09-14
12047,TikTok,726.05,436,2023-08-15
12048,TikTok,1335.52,135,2024-04-04
12049,Google,704.48,203,2024-06-29
12050,Google,2523.59,452,2023-04-12
12051,Facebook,624.85,16,2023-08-09
12052,Facebook,1958.43,151,2024-10-04
12053,Instagram,3163.44,209,2023-05-22
12054,Email,4846.7,368,2023-03-11
12055,Instagram,2643.13,12,2023-03-24
12056,Google,4605.5,337,2023-07-18
12057,Google,743.21,357,2023-08-28
12058,Instagram,2192.14,353,2023-07-12
12059,Instagram,2726.37,169,2023-09-09
12060,Instagram,3582.4,172,2024-05-22
12061,Email,3476.43,213,2023-08-15
12062,Facebook,1085.85,494,2024-03-31
12063,Email,1106.31,117,2024-04-26
12064,Google,3213.87,330,2024-04-20
12065,TikTok,418.31,22,2023-06-07
12066,TikTok,148.75,334,2023-01-22
12067,TikTok,1434.21,226,2023-10-25
12068,Google,3585.97,466,2023-03-11
12069,Instagram,4510.29,227,2023-05-26
12070,Google,2019.27,400,2024-05-05
12071,TikTok,3260.56,182,2024-04-30
12072,Google,4647.57,234,2023-09-09
12073,Facebook,1162.31,432,2024-03-10
12074,Google,2326.66,13,2023-03-22
12075,Email,565.71,238,2024-01-26
12076,TikTok,552.34,429,2023-12-15
12077,TikTok,3443.09,339,2023-01-30
12078,TikTok,4000.71,382,2023-07-28
12079,Email,1120.6,330,2024-06-01
12080,Email,191.34,339,2023-03-15
12081,Instagram,4686.41,266,2024-11-04
12082,Facebook,2260.13,110,2023-07-19
12083,Instagram,475.62,239,2024-10-20
12084,Facebook,1409.31,104,2024-02-26
12085,TikTok,4710.04,314,2024-10-02
12086,Facebook,4986.93,183,2023-03-18
12087,TikTok,1777.61,115,2023-12-10
12088,Email,4376.79,208,2024-06-09
12089,Facebook,2553.43,398,2023-02-15
12090,Instagram,3805.19,308,2023-01-10
12091,Google,3171.49,340,2024-07-30
12092,TikTok,3351.54,50,2024-01-25
12093,Facebook,4085.34,339,2024-09-28
12094,Email,1994.69,60,2024-06-12
12095,Instagram,3735.85,103,2023-09-25
12096,Instagram,4974.67,152,2023-01-09
12097,Facebook,319.27,45,2023-05-07
12098,Email,3214.79,119,2023-12-13
12099,Email,2776.52,397,2024-01-20
12100,Instagram,2358.43,120,2023-02-12
12101,TikTok,2834.23,53,2023-12-24
12102,Instagram,515.25,248,2024-09-25
12103,TikTok,1415.26,441,2023-04-03
12104,Facebook,1633.63,65,2024-11-02
12105,Email,865.52,82,2023-12-17
12106,Facebook,787.06,308,2023-03-05
12107,Facebook,4965.77,44,2024-06-22
12108,Facebook,3520.05,466,2024-07-12
12109,Google,3666.05,95,2023-04-17
12110,TikTok,4537.64,437,2023-09-02
12111,Facebook,3918.64,477,2024-05-21
12112,Email,2838.01,373,2023-04-02
12113,Google,1865.09,364,2023-07-31
12114,Email,2264.78,293,2024-11-27
12115,Facebook,1575.08,387,2023-09-11
12116,Google,3219.05,454,2024-08-31
12117,Google,241.09,148,2023-02-28
12118,TikTok,3402.55,107,2023-12-25
12119,TikTok,1054.66,53,2024-03-27
12120,Email,4261.19,117,2023-04-05
12121,Email,1747.13,24,2023-11-27
12122,Email,3507.19,111,2024-06-30
12123,Facebook,1356.38,158,2024-01-15
12124,Google,1892.57,124,2023-06-16
12125,TikTok,3323.47,262,2023-12-09
12126,Email,4792.51,332,2024-09-10
12127,TikTok,619.53,138,2023-12-17
12128,Facebook,1549.49,25,2024-05-27
12129,Google,794.87,348,2024-05-15
12130,Google,952.35,239,2024-08-29
12131,Google,4608.19,256,2023-02-02
12132,Email,339.25,313,2024-07-29
12133,Facebook,2815.26,152,2024-03-27
12134,Email,3182.08,5,2023-04-24
12135,Facebook,4172.13,431,2023-09-01
12136,Facebook,829.56,226,2023-01-04
12137,Google,3387.11,459,2024-05-12
12138,Google,3256.83,435,2024-08-15
12139,Facebook,4281.92,88,2023-07-31
12140,Instagram,2670.99,7,2023-12-30
12141,Google,1321.28,455,2023-01-05
12142,TikTok,4346.79,146,2024-01-11
12143,Email,351.4,137,2024-02-05
12144,Google,879.69,229,2023-10-07
12145,Facebook,1456.62,462,2023-12-02
12146,TikTok,4949.21,308,2024-03-11
12147,Facebook,4226.03,434,2023-05-17
12148,Instagram,2053.51,269,2024-05-13
12149,Email,3246.57,20,2023-12-01
12150,Google,792.0,102,2024-08-18
12151,TikTok,1862.71,224,2023-11-11
12152,Facebook,386.4,258,2024-11-14
12153,TikTok,1612.98,76,2024-03-27
12154,Email,311.1,284,2023-10-20
12155,TikTok,3000.59,463,2023-05-02
12156,Instagram,2579.7,179,2024-02-28
12157,Facebook,809.59,259,2024-08-13
12158,Facebook,4874.3,139,2024-10-09
12159,Google,4762.63,371,2024-11-03
12160,Email,4731.43,156,2023-11-24
12161,Facebook,2995.23,444,2023-10-27
12162,Instagram,3842.89,363,2023-10-20
12163,TikTok,2495.11,49,2023-05-29
12164,Facebook,927.52,464,2024-08-03
12165,Facebook,3769.48,167,2024-03-01
12166,Instagram,4933.59,411,2023-03-11
12167,Facebook,983.83,112,2024-06-04
12168,Instagram,4555.13,26,2023-07-02
12169,Facebook,2510.52,225,2023-11-15
12170,Facebook,1077.18,343,2024-02-03
12171,TikTok,270.53,142,2023-12-25
12172,Facebook,4036.06,445,2024-06-29
12173,Facebook,1527.1,267,2024-06-19
12174,Instagram,968.1,251,2024-08-05
12175,Instagram,510.87,231,2023-03-05
12176,Instagram,3416.7,177,2023-01-25
12177,TikTok,4016.29,291,2023-07-06
12178,Facebook,544.42,397,2023-08-07
12179,Facebook,3191.19,141,2024-08-05
12180,Email,2467.21,48,2023-12-01
12181,Facebook,3149.9,70,2023-12-07
12182,Google,4316.98,453,2024-06-10
12183,Instagram,628.87,55,2023-12-17
12184,TikTok,1734.07,447,2023-04-18
12185,Facebook,3768.1,85,2023-11-20
12186,Instagram,3476.91,42,2024-03-15
12187,TikTok,2175.78,46,2023-04-07
12188,Instagram,1716.11,245,2023-08-19
12189,TikTok,4831.6,92,2023-04-10
12190,Google,2836.1,367,2023-02-03
12191,Email,2230.87,398,2024-06-02
12192,TikTok,1640.52,333,2023-02-13
12193,TikTok,4311.17,344,2023-04-30
12194,TikTok,4379.35,431,2024-04-26
12195,Facebook,3374.53,211,2023-06-02
12196,TikTok,3866.84,158,2024-09-04
12197,Facebook,2676.61,323,2024-05-27
12198,TikTok,4855.07,58,2024-09-26
12199,TikTok,2046.62,123,2023-11-01
12200,Google,3727.1,44,2023-10-04
12201,TikTok,4931.62,104,2024-06-17
12202,Email,4422.61,341,2024-02-20
12203,TikTok,3664.9,481,2024-06-09
12204,TikTok,3275.92,14,2024-04-08
12205,Instagram,2080.65,13,2023-07-20
12206,Instagram,2613.6,210,2024-01-10
12207,Google,3180.38,45,2024-10-15
12208,Email,412.99,465,2023-09-14
12209,Facebook,886.67,488,2023-11-04
12210,Email,1988.66,198,2024-02-14
12211,Email,1206.1,332,2024-11-16
12212,Email,4893.05,229,2024-04-25
12213,Facebook,1757.23,405,2023-08-22
12214,Instagram,4987.48,157,2024-10-31
12215,Facebook,3266.33,312,2023-06-28
12216,TikTok,72.23,393,2024-05-13
12217,TikTok,4253.66,350,2023-03-15
12218,Google,4415.0,377,2023-03-12
12219,Email,1757.35,61,2024-03-06
12220,Google,657.25,402,2023-04-01
12221,Instagram,2684.07,113,2023-11-16
12222,Facebook,446.27,237,2023-09-08
12223,Instagram,561.33,260,2023-01-09
12224,Email,724.28,310,2024-11-19
12225,Email,4802.65,32,2024-10-22
12226,Instagram,4496.07,147,2024-06-10
12227,Email,3981.53,215,2023-04-10
12228,Email,4695.63,65,2023-01-17
12229,Instagram,117.59,192,2023-07-14
12230,Google,368.36,37,2023-10-24
12231,TikTok,898.17,474,2023-06-20
12232,Facebook,1164.12,8,2024-05-27
12233,Email,1116.19,48,2024-08-07
12234,Facebook,1235.0,46,2023-11-27
12235,Facebook,4981.6,452,2023-04-03
12236,Instagram,3279.4,390,2023-02-20
12237,Google,3694.29,35,2024-07-16
12238,Instagram,1163.96,136,2023-08-23
12239,Email,2822.62,172,2024-02-11
12240,Email,4358.95,139,2024-06-10
12241,Google,442.91,36,2023-01-18
12242,Facebook,4530.4,324,2024-02-28
12243,Instagram,3419.71,275,2023-08-14
12244,Email,1385.72,322,2023-11-19
12245,Google,1290.4,449,2023-05-02
12246,TikTok,1347.76,330,2024-03-26
12247,Facebook,2190.22,301,2024-07-24
12248,Email,2400.76,29,2023-01-29
12249,Facebook,4621.37,371,2024-04-15
12250,Email,647.78,350,2023-01-30
12251,Email,3695.78,291,2023-08-17
12252,Facebook,1187.19,376,2023-09-26
12253,Email,3069.56,256,2023-11-10
12254,TikTok,3991.16,453,2023-08-28
12255,TikTok,2143.27,370,2023-01-03
12256,Facebook,2267.62,127,2024-09-07
12257,Facebook,3795.27,252,2024-10-25
12258,Facebook,2203.74,481,2024-04-30
12259,Google,2567.98,478,2023-05-14
12260,Email,2258.65,303,2024-02-24
12261,TikTok,675.53,8,2023-05-29
12262,Instagram,3272.24,228,2024-09-07
12263,Facebook,1903.44,468,2024-07-09
12264,Google,4832.1,338,2024-09-17
12265,Instagram,3156.03,307,2023-06-21
12266,Facebook,394.22,226,2024-11-23
12267,Facebook,3625.12,143,2023-07-31
12268,Instagram,2270.97,85,2024-03-28
12269,TikTok,1519.24,480,2023-02-09
12270,Instagram,3670.53,287,2023-06-18
12271,Instagram,2710.3,365,2024-05-04
12272,Instagram,887.59,26,2023-09-20
12273,TikTok,856.61,464,2024-08-24
12274,Google,4499.3,34,2023-07-25
12275,Facebook,4668.73,425,2023-07-20
12276,Google,1272.67,395,2024-07-09
12277,Instagram,2918.46,68,2023-01-04
12278,Email,725.39,250,2023-01-05
12279,Google,4414.13,312,2024-06-10
12280,Email,2940.74,54,2023-09-20
12281,Instagram,1926.62,415,2023-09-21
12282,Google,4799.22,375,2024-09-07
12283,Facebook,3082.66,189,2023-05-29
12284,Instagram,4249.89,24,2023-12-11
12285,TikTok,1834.75,305,2023-10-04
12286,Instagram,2670.96,447,2024-01-31
12287,Facebook,1094.5,106,2024-09-21
12288,Email,1999.57,188,2024-08-23
12289,Google,4223.08,478,2024-07-23
12290,TikTok,1769.2,284,2023-05-01
12291,Email,648.41,248,2023-01-28
12292,Email,4323.53,4,2023-11-16
12293,Google,1050.22,416,2024-07-01
12294,Facebook,2161.32,384,2023-05-19
12295,Instagram,573.78,45,2023-12-02
12296,Instagram,707.39,381,2023-02-24
12297,Google,4140.0,127,2023-03-30
12298,Email,4289.41,333,2024-08-17
12299,Google,896.57,171,2023-03-22
12300,Facebook,3008.91,249,2024-04-22
12301,Facebook,3477.67,316,2023-03-18
12302,Facebook,3379.76,227,2024-06-10
12303,Google,1382.36,412,2023-02-22
12304,TikTok,291.66,456,2024-08-04
12305,Email,2913.35,48,2023-11-09
12306,Facebook,977.59,327,2024-04-26
12307,TikTok,3441.78,80,2024-07-14
12308,Facebook,220.94,403,2024-02-11
12309,Instagram,3601.85,77,2023-08-15
12310,Facebook,3970.55,383,2024-11-01
12311,TikTok,2150.5,383,2023-07-18
12312,Facebook,1795.01,164,2023-08-14
12313,Email,1221.96,5,2024-05-06
12314,TikTok,3132.54,168,2023-10-30
12315,Instagram,1191.39,499,2024-11-04
12316,Facebook,2748.25,28,2024-08-21
12317,Email,4887.74,352,2023-07-28
12318,Instagram,4359.21,485,2023-09-16
12319,Facebook,4010.6,175,2023-08-22
12320,Facebook,3974.11,395,2024-07-27
12321,Facebook,4274.5,457,2023-07-07
12322,Instagram,1896.91,480,2024-06-17
12323,Email,4263.4,318,2024-06-08
12324,TikTok,2771.72,308,2024-05-13
12325,TikTok,3961.68,162,2024-06-20
12326,Instagram,858.8,312,2023-04-04
12327,TikTok,1245.37,388,2023-12-16
12328,Email,3820.46,263,2024-06-03
12329,Google,1873.43,394,2023-02-28
12330,TikTok,4359.06,367,2023-10-05
12331,TikTok,4052.97,359,2023-06-17
12332,TikTok,179.13,208,2024-06-15
12333,Google,1618.69,314,2024-11-25
12334,Facebook,4457.91,392,2024-04-16
12335,Email,1020.06,371,2024-02-09
12336,Google,440.33,190,2024-06-12
12337,Instagram,4311.4,354,2023-03-27
12338,TikTok,3845.13,428,2023-05-04
12339,Email,3562.59,11,2023-07-23
12340,Instagram,2385.51,430,2024-09-07
12341,TikTok,142.82,357,2023-01-03
12342,Email,3193.57,12,2023-11-30
12343,Facebook,189.2,456,2023-09-04
12344,TikTok,155.16,247,2023-06-11
12345,Facebook,289.45,404,2023-09-30
12346,Instagram,3025.7,442,2023-01-19
12347,Google,342.62,390,2024-08-04
12348,Google,764.09,22,2024-05-21
12349,Email,1859.99,198,2024-02-28
12350,Instagram,4872.03,301,2024-10-02
12351,Email,2374.14,22,2024-09-18
12352,TikTok,974.25,265,2023-01-12
12353,Facebook,3866.71,150,2023-04-08
12354,Google,4777.52,32,2024-10-16
12355,Facebook,565.54,408,2024-02-24
12356,Facebook,4776.98,357,2024-02-13
12357,Instagram,1832.08,237,2023-07-30
12358,TikTok,1758.41,493,2024-09-06
12359,Instagram,4854.4,122,2024-03-26
12360,Google,4021.75,287,2024-08-05
12361,Instagram,3048.72,350,2024-04-17
12362,Facebook,3614.54,194,2024-11-17
12363,Email,4624.68,458,2023-05-10
12364,Instagram,3677.48,77,2023-12-27
12365,Google,3803.25,331,2024-08-14
12366,TikTok,2923.25,419,2023-02-13
12367,Instagram,669.81,369,2023-02-03
12368,Instagram,1801.47,450,2023-04-25
12369,Google,122.44,356,2024-06-29
12370,Email,725.24,222,2024-05-20
12371,Email,2453.0,35,2023-03-17
12372,Google,3020.3,435,2023-06-01
12373,Facebook,2135.46,261,2024-04-21
12374,Email,4054.94,461,2023-01-25
12375,Facebook,2574.13,6,2024-10-13
12376,Email,633.21,431,2023-10-01
12377,TikTok,1663.84,296,2023-08-01
12378,TikTok,3072.65,206,2024-09-09
12379,TikTok,1525.53,272,2023-02-10
12380,TikTok,4866.18,325,2023-11-09
12381,TikTok,2840.11,285,2024-01-13
12382,Email,1619.24,185,2023-03-04
12383,Google,75.78,317,2023-06-03
12384,Facebook,1574.2,472,2024-01-31
12385,TikTok,4465.72,342,2023-04-13
12386,Email,505.93,314,2023-10-30
12387,Facebook,461.81,215,2024-09-27
12388,Instagram,811.39,445,2023-06-30
12389,Email,271.67,234,2023-03-23
12390,Instagram,470.52,65,2024-03-15
12391,Instagram,1960.43,306,2024-04-28
12392,Instagram,2399.85,33,2024-03-17
12393,TikTok,1842.21,214,2024-11-04
12394,Google,464.64,190,2023-11-19
12395,Google,1543.79,188,2023-02-14
12396,TikTok,1970.76,183,2024-11-08
12397,TikTok,3433.38,485,2023-05-12
12398,Instagram,1698.57,387,2024-10-25
12399,TikTok,2470.43,361,2023-05-22
12400,Facebook,4744.93,258,2024-10-09
12401,Instagram,2369.92,356,2023-06-22
12402,TikTok,1097.27,331,2024-10-05
12403,Google,3549.95,47,2023-06-06
12404,Google,116.67,205,2024-10-30
12405,Email,2833.77,173,2024-04-22
12406,Facebook,4057.08,346,2023-12-28
12407,TikTok,142.63,374,2024-02-16
12408,Email,3204.99,71,2023-10-16
12409,TikTok,4830.92,134,2024-10-07
12410,Instagram,3368.48,208,2023-05-16
12411,Email,481.28,443,2024-11-03
12412,Instagram,4137.78,425,2024-11-16
12413,TikTok,3306.08,221,2024-04-29
12414,Google,1228.63,481,2023-01-12
12415,Facebook,4523.55,369,2023-04-24
12416,Facebook,1315.19,452,2023-11-06
12417,Google,2925.33,280,2024-02-10
12418,Instagram,1153.62,378,2024-10-01
12419,Facebook,887.93,306,2023-02-14
12420,Email,3752.33,375,2024-11-26
12421,Instagram,1415.98,385,2024-09-30
12422,Instagram,1352.1,315,2024-08-28
12423,Facebook,3454.67,461,2024-10-10
12424,TikTok,1038.31,351,2024-01-28
12425,Facebook,3455.68,376,2024-05-11
12426,TikTok,1086.94,43,2024-06-28
12427,Email,938.52,389,2023-05-31
12428,Facebook,1871.67,400,2024-01-06
12429,TikTok,2191.76,283,2024-10-15
12430,Email,1807.33,432,2024-05-09
12431,Facebook,1072.68,142,2024-01-03
12432,Google,101.71,199,2024-03-04
12433,Instagram,3761.52,81,2023-05-19
12434,Google,4387.01,408,2023-11-02
12435,Google,3161.6,289,2023-07-23
12436,Instagram,3524.54,439,2023-02-20
12437,Instagram,3278.86,349,2024-07-04
12438,Instagram,2771.67,198,2023-11-25
12439,Google,2307.76,6,2023-11-14
12440,Instagram,2742.16,388,2024-03-27
12441,Google,1601.35,299,2023-08-20
12442,TikTok,1905.62,3,2024-10-29
12443,Google,4063.63,357,2023-10-08
12444,Facebook,2691.47,453,2024-02-22
12445,Google,181.72,183,2024-03-12
12446,TikTok,3926.98,139,2024-06-03
12447,Email,4702.81,449,2024-08-24
12448,Facebook,4239.69,455,2024-05-17
12449,Google,2387.21,251,2024-07-16
12450,Email,4395.67,183,2024-08-01
12451,Facebook,532.73,113,2023-11-23
12452,TikTok,3038.47,378,2023-02-24
12453,Google,3773.45,294,2024-03-28
12454,Google,1807.89,216,2024-10-31
12455,Instagram,2747.17,217,2024-04-06
12456,Email,3321.62,221,2023-11-10
12457,TikTok,2598.05,100,2023-12-23
12458,Facebook,1104.58,153,2023-12-30
12459,Email,3756.35,312,2024-07-10
12460,Google,1300.1,339,2024-10-25
12461,Google,4295.6,472,2024-03-28
12462,Google,722.95,254,2024-06-15
12463,TikTok,1756.83,75,2024-07-24
12464,Email,2920.24,383,2024-02-21
12465,TikTok,1033.02,122,2024-07-22
12466,Email,2163.33,317,2024-04-22
12467,Google,4825.93,408,2024-08-05
12468,TikTok,1066.28,341,2024-10-10
12469,Google,4497.18,424,2023-10-15
12470,Google,630.15,382,2023-09-18
12471,Facebook,144.49,343,2024-10-02
12472,TikTok,1026.5,134,2024-08-14
12473,Email,2181.68,75,2023-03-16
12474,Email,409.12,370,2023-03-04
12475,Email,2565.4,431,2024-04-28
12476,Facebook,2153.09,372,2023-11-01
12477,Google,3287.33,213,2024-01-26
12478,Email,832.83,343,2024-05-16
12479,Instagram,813.95,236,2023-11-24
12480,Email,4218.44,403,2023-04-03
12481,Email,4692.54,124,2023-01-14
12482,Instagram,1897.08,422,2023-02-28
12483,TikTok,2733.79,257,2023-07-16
12484,Instagram,3513.93,227,2023-07-11
12485,Email,2739.54,207,2023-09-08
12486,Instagram,4609.33,97,2023-04-13
12487,Google,4390.55,410,2024-01-28
12488,Instagram,4184.85,156,2024-09-22
12489,Instagram,2967.42,343,2023-07-01
12490,TikTok,732.03,254,2024-02-17
12491,Email,477.27,117,2023-05-23
12492,Google,2433.9,173,2023-05-05
12493,Email,3141.72,415,2023-03-13
12494,Facebook,4861.49,93,2024-08-30
12495,TikTok,363.49,303,2024-01-24
12496,TikTok,4811.79,284,2024-09-06
12497,TikTok,1430.22,234,2023-06-15
12498,Instagram,3551.95,481,2023-09-19
12499,Google,4921.49,67,2024-04-27
12500,TikTok,2880.84,160,2023-01-24
12501,Instagram,1728.67,284,2023-06-16
12502,TikTok,1334.33,45,2023-03-11
12503,Instagram,4711.63,407,2024-07-07
12504,TikTok,3079.56,478,2023-01-18
12505,Instagram,4722.89,438,2023-09-15
12506,TikTok,4755.21,49,2024-10-19
12507,Instagram,3165.0,255,2023-04-09
12508,Google,1229.99,453,2023-12-22
12509,TikTok,4976.07,142,2023-04-06
12510,Google,975.18,292,2024-08-21
12511,Google,2465.5,473,2024-11-04
12512,Facebook,811.86,310,2023-10-22
12513,Email,4857.88,18,2024-03-13
12514,Facebook,3159.96,150,2023-08-21
12515,TikTok,3408.87,464,2024-01-11
12516,Google,3334.75,466,2023-10-21
12517,TikTok,3085.91,401,2023-06-08
12518,Email,954.08,491,2023-09-20
12519,TikTok,1397.55,496,2024-05-23
12520,Instagram,2410.17,76,2024-06-05
12521,Facebook,2250.27,122,2023-12-23
12522,Facebook,4682.82,52,2024-06-10
12523,Facebook,685.78,313,2024-04-22
12524,Facebook,1732.61,135,2024-11-10
12525,Email,620.37,346,2023-02-16
12526,Google,2309.05,34,2023-08-27
12527,TikTok,899.49,348,2024-08-22
12528,TikTok,1195.0,360,2023-02-09
12529,Google,1074.83,3,2023-04-22
12530,Instagram,65.47,242,2023-02-01
12531,Facebook,3219.09,63,2024-08-22
12532,Facebook,261.59,380,2024-03-13
12533,TikTok,2475.89,71,2023-03-21
12534,Email,2566.35,456,2024-07-23
12535,TikTok,2285.17,242,2023-09-28
12536,Email,1869.12,270,2023-05-02
12537,Email,3672.48,402,2023-07-17
12538,Facebook,4288.81,456,2023-06-15
12539,Google,993.28,61,2023-05-13
12540,Instagram,2951.93,256,2023-03-11
12541,Google,4489.31,278,2023-08-04
12542,TikTok,2265.24,379,2024-07-29
12543,Instagram,3095.08,141,2023-05-17
12544,TikTok,3129.39,451,2023-09-20
12545,Google,4874.68,90,2023-12-29
12546,Facebook,978.83,126,2024-04-17
12547,Google,4770.45,367,2024-07-14
12548,Instagram,4321.54,333,2024-05-03
12549,TikTok,4702.53,356,2024-05-26
12550,Instagram,3311.5,308,2024-04-24
12551,Facebook,4460.29,220,2024-09-20
12552,Instagram,489.22,118,2023-02-28
12553,Email,4632.49,324,2024-11-18
12554,Email,913.64,269,2023-10-10
12555,Email,732.92,145,2024-10-12
12556,Facebook,2857.37,25,2024-11-20
12557,Google,1127.75,257,2024-06-18
12558,TikTok,1385.62,5,2023-08-10
12559,TikTok,3636.02,343,2023-04-17
12560,TikTok,3242.07,478,2024-09-05
12561,Google,3647.22,262,2023-03-13
12562,Instagram,719.89,205,2023-06-04
12563,Instagram,2361.09,472,2023-01-12
12564,Facebook,4683.93,369,2023-08-20
12565,Instagram,1051.79,470,2024-05-22
12566,Facebook,314.55,260,2024-01-02
12567,Email,2453.19,406,2023-05-17
12568,Instagram,4624.81,184,2024-08-03
12569,Instagram,3869.4,112,2023-07-19
12570,Google,4708.6,186,2023-06-07
12571,Instagram,4332.21,415,2023-08-24
12572,TikTok,1636.38,124,2024-01-18
12573,TikTok,4917.66,37,2024-05-27
12574,TikTok,1789.21,149,2024-11-28
12575,Google,3463.44,394,2024-03-09
12576,Facebook,2078.42,45,2023-07-12
12577,TikTok,1837.67,486,2024-05-03
12578,Facebook,3420.47,182,2024-09-06
12579,Facebook,2685.32,375,2024-01-15
12580,Email,2425.34,139,2024-08-30
12581,Instagram,3189.77,489,2024-08-03
12582,Email,1574.7,99,2023-05-22
12583,Facebook,2952.32,163,2023-05-04
12584,Email,3317.79,330,2023-09-07
12585,Facebook,2627.55,291,2024-08-14
12586,Instagram,1498.96,225,2023-04-23
12587,TikTok,542.88,92,2024-07-03
12588,Google,2856.37,129,2023-12-09
12589,Email,3382.65,135,2023-12-12
12590,Facebook,1373.72,143,2024-01-13
12591,Google,1354.09,236,2023-01-24
12592,TikTok,243.36,156,2023-12-27
12593,Email,436.37,28,2023-08-19
12594,Facebook,4776.69,68,2024-02-29
12595,Email,3740.88,28,2023-09-20
12596,Facebook,868.36,48,2024-03-11
12597,Google,2267.84,372,2024-06-04
12598,TikTok,4976.73,395,2024-03-20
12599,Email,1024.4,443,2023-07-05
12600,Google,1573.98,101,2023-02-17
12601,Email,2550.17,269,2024-11-14
12602,Facebook,3316.69,143,2023-12-10
12603,Facebook,374.62,324,2024-10-15
12604,Instagram,4323.78,60,2023-09-01
12605,Instagram,1638.55,474,2024-11-11
12606,TikTok,650.62,169,2023-07-28
12607,Facebook,1692.48,108,2023-06-15
12608,Instagram,4570.74,266,2023-08-21
12609,TikTok,4235.41,419,2023-12-28
12610,Facebook,4871.98,250,2024-03-07
12611,Facebook,1747.17,433,2024-04-15
12612,Email,3245.23,198,2023-09-23
12613,Facebook,2238.14,389,2024-07-26
12614,Facebook,2147.57,107,2024-01-29
12615,Email,3515.91,385,2023-12-21
12616,Email,2794.16,122,2024-07-28
12617,Instagram,2609.42,231,2023-04-06
12618,Instagram,3186.65,87,2024-04-27
12619,Instagram,2810.61,410,2023-09-19
12620,Email,1368.08,497,2023-01-27
12621,Instagram,3443.97,72,2023-07-24
12622,Facebook,3660.5,111,2023-09-28
12623,Facebook,2102.74,182,2024-07-27
12624,Facebook,942.14,111,2023-04-17
12625,Instagram,3573.87,360,2024-05-30
12626,TikTok,4842.41,311,2023-03-30
12627,Email,452.92,362,2023-11-01
12628,TikTok,1346.62,493,2023-06-10
12629,TikTok,765.78,125,2023-06-24
12630,Email,557.92,101,2023-04-05
12631,TikTok,1406.41,115,2024-11-18
12632,TikTok,3395.6,135,2023-12-23
12633,Email,1300.81,290,2024-11-19
12634,Google,2488.01,415,2023-09-25
12635,Email,4313.9,392,2024-01-22
12636,Instagram,673.31,148,2023-05-26
12637,TikTok,1844.86,174,2023-01-11
12638,Instagram,3315.41,232,2024-01-15
12639,Facebook,2235.2,463,2023-12-24
12640,Instagram,628.54,179,2024-05-15
12641,Facebook,1115.92,482,2023-12-30
12642,Instagram,2472.59,13,2023-04-28
12643,Facebook,3190.49,461,2024-06-11
12644,Facebook,3733.93,471,2024-09-28
12645,Google,581.01,260,2023-04-25
12646,Email,941.97,52,2023-11-15
12647,Facebook,3694.62,444,2023-02-18
12648,Email,1779.29,184,2024-08-04
12649,Email,336.78,158,2024-06-24
12650,Facebook,3270.57,343,2024-04-06
12651,Instagram,3867.78,308,2024-04-12
12652,Email,576.28,349,2024-07-12
12653,Facebook,1497.59,385,2024-09-23
12654,Facebook,3553.18,342,2024-05-21
12655,TikTok,1421.26,256,2023-06-11
12656,Facebook,1111.95,196,2023-10-06
12657,Facebook,2587.23,192,2023-09-30
12658,Instagram,2406.03,249,2023-09-21
12659,Instagram,2597.22,36,2024-04-03
12660,TikTok,162.79,395,2024-06-24
12661,Email,1160.06,176,2024-06-21
12662,Facebook,799.97,464,2023-02-07
12663,Instagram,1592.76,97,2023-03-05
12664,Google,481.33,496,2023-04-16
12665,TikTok,142.17,459,2023-10-09
12666,Google,1732.8,265,2023-08-12
12667,Instagram,4967.22,316,2024-07-09
12668,Google,1600.64,112,2024-04-17
12669,Email,2637.03,178,2024-11-27
12670,Facebook,4614.39,492,2023-11-16
12671,Email,64.65,424,2023-08-12
12672,Google,2063.78,109,2023-02-24
12673,Facebook,2778.17,124,2023-01-24
12674,Instagram,2336.97,391,2024-08-31
12675,Instagram,2960.95,437,2023-01-19
12676,Google,4526.02,66,2023-07-31
12677,Email,4488.64,420,2024-04-13
12678,Facebook,4149.92,432,2024-02-13
12679,TikTok,2174.52,18,2024-11-21
12680,Google,3154.37,359,2023-11-06
12681,Instagram,4717.94,81,2023-09-01
12682,Email,2334.76,497,2024-06-30
12683,Facebook,864.93,393,2023-10-16
12684,Google,314.53,313,2024-10-10
12685,Google,2042.9,463,2024-05-26
12686,Email,3000.63,149,2024-01-15
12687,Google,3970.69,101,2023-07-22
12688,Facebook,3200.45,494,2024-03-19
12689,TikTok,4556.78,231,2024-10-24
12690,Facebook,991.82,249,2023-07-12
12691,Facebook,2831.12,449,2023-04-30
12692,Google,2123.73,85,2024-09-13
12693,Facebook,725.49,264,2023-09-24
12694,Email,904.94,169,2023-10-30
12695,Instagram,296.75,3,2024-05-07
12696,Email,478.31,152,2024-05-31
12697,Facebook,3153.88,58,2023-07-16
12698,Email,3696.96,204,2023-10-15
12699,Instagram,3953.35,157,2024-08-24
12700,Google,937.58,174,2024-11-02
12701,Facebook,2911.66,123,2023-12-19
12702,Facebook,2968.48,304,2023-02-07
12703,Google,4879.88,121,2024-10-20
12704,Facebook,3208.85,328,2023-10-22
12705,Google,3627.28,488,2024-09-25
12706,Email,2507.73,391,2024-03-25
12707,TikTok,2922.65,4,2023-04-03
12708,Facebook,2005.7,112,2023-01-29
12709,Instagram,1060.77,137,2024-05-21
12710,Google,1135.75,320,2023-03-13
12711,Instagram,3765.49,85,2024-07-30
12712,TikTok,3744.56,34,2023-04-14
12713,Facebook,382.87,332,2023-06-07
12714,TikTok,1329.24,387,2023-03-26
12715,TikTok,4087.1,349,2024-08-31
12716,Google,2903.0,198,2023-03-22
12717,TikTok,3954.49,110,2024-11-04
12718,Email,2069.97,36,2023-10-08
12719,Facebook,3993.61,310,2024-11-09
12720,Google,2238.82,179,2023-07-28
12721,Google,2189.24,292,2023-02-18
12722,Instagram,4328.13,2,2023-04-07
12723,Google,3021.51,347,2023-08-13
12724,Facebook,3489.9,389,2023-09-18
12725,Facebook,3330.38,155,2023-04-18
12726,Instagram,278.68,262,2023-12-30
12727,TikTok,4295.84,196,2024-06-17
12728,Instagram,2962.91,123,2023-07-11
12729,TikTok,3070.01,337,2024-06-23
12730,Google,4213.13,185,2023-11-21
12731,Facebook,948.37,311,2023-03-14
12732,TikTok,3858.03,155,2024-08-07
12733,TikTok,4349.17,72,2024-04-24
12734,TikTok,665.08,130,2023-06-25
12735,TikTok,2440.54,234,2023-05-04
12736,Facebook,3491.28,358,2024-07-13
12737,TikTok,4808.47,187,2024-04-17
12738,Google,1953.76,36,2024-08-02
12739,Instagram,2732.87,379,2024-04-11
12740,TikTok,2041.39,329,2023-04-29
12741,Google,2939.33,139,2024-04-09
12742,TikTok,328.65,491,2024-02-28
12743,Google,3611.38,226,2024-11-14
12744,Email,2472.74,95,2023-04-17
12745,Google,4318.33,290,2023-12-07
12746,Google,3357.53,481,2023-09-10
12747,Facebook,4898.66,379,2024-08-28
12748,Google,2092.46,174,2024-08-01
12749,TikTok,1261.78,44,2024-11-18
12750,Email,497.58,73,2023-04-19
12751,TikTok,3648.32,106,2023-05-09
12752,Instagram,1637.01,67,2023-06-30
12753,Google,3801.33,163,2023-02-26
12754,Instagram,2133.35,61,2023-10-05
12755,Email,886.14,54,2024-09-18
12756,Instagram,907.94,189,2024-04-02
12757,Google,662.07,202,2023-04-14
12758,Instagram,792.38,201,2024-08-23
12759,TikTok,2778.8,109,2023-02-22
12760,Google,4409.1,49,2024-07-04
12761,TikTok,2996.48,177,2023-11-20
12762,Google,2927.64,431,2023-01-14
12763,Email,1802.01,405,2023-01-01
12764,TikTok,3171.22,287,2023-06-28
12765,Instagram,2096.53,440,2024-04-28
12766,Google,3377.95,359,2024-10-06
12767,TikTok,3905.64,111,2024-07-12
12768,Facebook,472.85,282,2024-03-15
12769,Email,4307.97,310,2023-04-12
12770,Facebook,2857.29,86,2023-11-21
12771,Google,1173.77,195,2023-10-13
12772,Google,1271.8,171,2024-05-22
12773,Facebook,1112.55,432,2023-11-29
12774,Email,2099.35,179,2023-07-11
12775,Email,3035.84,360,2024-07-19
12776,Google,3006.35,167,2024-09-09
12777,TikTok,1517.24,315,2023-06-07
12778,TikTok,1174.5,217,2023-12-13
12779,Facebook,2348.28,258,2024-06-12
12780,Instagram,59.51,215,2023-04-30
12781,Google,2361.57,317,2023-02-04
12782,Email,1489.51,159,2023-01-09
12783,Instagram,977.66,394,2024-03-15
12784,Google,4677.04,31,2024-07-24
12785,Facebook,2009.17,154,2023-07-17
12786,Google,1400.2,175,2024-05-24
12787,Email,3725.5,137,2024-10-08
12788,Instagram,2820.99,335,2024-07-07
12789,Instagram,625.65,205,2023-06-21
12790,Facebook,1680.83,126,2024-08-19
12791,Email,2164.74,424,2023-03-09
12792,Facebook,4791.32,353,2024-06-30
12793,Google,1560.07,459,2023-09-10
12794,Google,652.91,265,2024-04-20
12795,Email,953.92,267,2024-11-20
12796,Instagram,2839.75,64,2023-02-27
12797,Facebook,2774.11,158,2024-01-02
12798,Facebook,4233.19,227,2024-05-06
12799,Facebook,4676.72,402,2023-01-28
12800,TikTok,336.97,309,2023-10-07
12801,Instagram,1428.29,448,2024-01-21
12802,Facebook,209.82,196,2023-08-08
12803,Google,2384.26,239,2023-06-20
12804,Google,4733.53,329,2023-05-16
12805,TikTok,1196.74,224,2023-12-02
12806,Google,1093.08,362,2023-10-31
12807,TikTok,2247.69,69,2023-11-04
12808,Facebook,4203.17,119,2023-01-15
12809,Email,2421.81,359,2024-04-09
12810,Email,1633.23,37,2023-03-10
12811,TikTok,431.03,37,2023-02-07
12812,Google,2978.84,372,2024-02-07
12813,TikTok,3942.53,431,2023-07-23
12814,TikTok,3839.52,300,2023-08-23
12815,Instagram,612.49,340,2024-09-17
12816,TikTok,2040.06,245,2023-02-02
12817,Facebook,3605.04,54,2024-01-26
12818,Google,3518.82,187,2024-06-01
12819,Google,919.75,484,2023-02-02
12820,Facebook,333.37,364,2024-08-16
12821,TikTok,320.01,386,2024-05-26
12822,Email,2965.98,97,2024-10-23
12823,Instagram,950.14,379,2024-06-20
12824,Google,4054.61,423,2023-03-14
12825,Google,3060.83,497,2023-03-25
12826,Facebook,4884.91,462,2023-02-12
12827,Google,4712.24,249,2023-09-13
12828,TikTok,1390.79,273,2023-04-20
12829,Facebook,4551.65,345,2023-08-19
12830,Google,1502.91,408,2024-01-10
12831,Google,501.91,231,2023-03-07
12832,Instagram,2021.66,400,2024-08-31
12833,Email,2931.31,310,2023-06-21
12834,Google,1864.54,39,2024-09-16
12835,Instagram,3425.99,374,2023-02-21
12836,TikTok,4668.22,495,2024-09-29
12837,Google,1770.36,397,2023-06-12
12838,Email,4443.16,498,2024-06-07
12839,TikTok,2489.56,225,2023-11-19
12840,Google,3072.73,96,2024-01-05
12841,TikTok,459.68,469,2023-02-09
12842,Facebook,659.36,156,2023-10-04
12843,Instagram,2755.68,139,2024-02-26
12844,TikTok,2258.97,69,2024-09-19
12845,Email,61.85,243,2024-04-05
12846,Instagram,582.02,388,2023-11-21
12847,Facebook,2109.93,242,2023-04-10
12848,TikTok,583.87,493,2023-10-15
12849,Instagram,760.48,91,2023-03-12
12850,Google,606.71,2,2024-04-20
12851,Email,1082.32,51,2023-07-04
12852,Email,524.88,137,2023-03-06
12853,TikTok,1462.6,365,2024-08-09
12854,Email,4828.97,225,2024-05-04
12855,Facebook,716.45,238,2023-04-20
12856,Instagram,1395.75,328,2023-08-24
12857,Instagram,710.7,81,2024-06-06
12858,Email,949.96,360,2023-02-24
12859,Instagram,1806.07,378,2023-07-12
12860,Facebook,2459.24,29,2023-05-03
12861,Email,3030.36,378,2023-05-10
12862,TikTok,2455.49,95,2024-06-24
12863,Google,611.76,257,2023-10-29
12864,TikTok,1636.51,431,2023-09-21
12865,Facebook,2169.64,480,2023-12-22
12866,Facebook,1380.64,44,2024-07-13
12867,TikTok,2480.16,70,2023-08-22
12868,TikTok,737.43,463,2023-04-21
12869,TikTok,4160.29,186,2023-09-11
12870,Email,1328.5,156,2023-08-21
12871,Google,1058.11,383,2023-12-17
12872,Google,2932.71,387,2023-12-31
12873,Google,694.57,217,2023-07-31
12874,Email,3836.77,262,2023-12-30
12875,Google,2519.0,436,2023-07-04
12876,Facebook,2758.64,218,2023-12-04
12877,Instagram,3679.71,46,2024-06-07
12878,Email,4866.05,453,2023-06-02
12879,Facebook,3612.99,327,2023-10-13
12880,Email,2822.02,364,2024-07-20
12881,Facebook,2274.87,301,2024-08-29
12882,Facebook,2909.47,402,2024-04-29
12883,TikTok,1165.1,17,2023-05-10
12884,Email,3536.01,491,2023-10-14
12885,Google,1778.36,0,2023-03-12
12886,Email,192.24,22,2024-05-17
12887,Google,1730.17,490,2024-08-27
12888,Facebook,1515.92,85,2024-09-11
12889,TikTok,866.66,229,2023-06-10
12890,TikTok,2092.31,305,2024-02-07
12891,Google,3256.88,159,2024-08-01
12892,Instagram,4233.25,288,2024-05-08
12893,TikTok,4601.85,382,2024-03-06
12894,Instagram,241.26,174,2023-12-24
12895,TikTok,4816.45,393,2023-04-28
12896,TikTok,3891.96,416,2023-03-16
12897,Google,2595.44,339,2023-06-22
12898,Email,1522.51,164,2024-06-21
12899,Email,1460.98,250,2024-03-16
12900,Facebook,1521.05,33,2024-02-22
12901,Email,1433.91,380,2023-04-07
12902,Email,3978.65,395,2024-01-26
12903,Instagram,4431.47,485,2023-04-22
12904,Email,4976.37,262,2024-04-14
12905,Facebook,2481.99,38,2024-09-30
12906,Facebook,4902.28,106,2023-02-26
12907,TikTok,1893.41,74,2024-08-21
12908,Google,634.76,43,2023-12-26
12909,Instagram,2542.82,100,2023-05-13
12910,Google,4542.97,87,2024-02-08
12911,Google,2171.59,196,2023-06-06
12912,Facebook,3498.21,81,2024-07-05
12913,Email,1811.57,213,2024-04-04
12914,Email,1778.66,160,2024-04-17
12915,TikTok,3391.65,32,2024-04-30
12916,Google,3290.76,499,2023-11-10
12917,Instagram,1638.29,210,2023-05-08
12918,Facebook,3854.99,336,2024-07-03
12919,Facebook,3164.56,421,2024-03-26
12920,TikTok,1034.28,394,2023-01-01
12921,TikTok,3890.73,63,2024-11-02
12922,Email,4646.44,177,2023-08-21
12923,TikTok,2864.45,5,2023-01-31
12924,Instagram,2966.92,283,2023-06-20
12925,Facebook,1509.93,122,2023-07-29
12926,Google,1876.67,413,2023-12-01
12927,Facebook,3350.36,491,2024-08-02
12928,Instagram,3932.16,103,2023-05-16
12929,TikTok,659.11,231,2024-04-12
12930,Instagram,2929.51,66,2023-04-01
12931,Facebook,73.76,268,2023-09-09
12932,TikTok,1012.29,349,2023-01-02
12933,Email,509.55,207,2024-10-18
12934,Facebook,1854.43,468,2023-11-16
12935,Facebook,257.75,55,2024-09-27
12936,Email,2116.66,291,2023-10-05
12937,Instagram,1780.85,371,2024-05-23
12938,Email,4295.03,327,2024-01-22
12939,Instagram,4673.35,332,2023-05-14
12940,Instagram,2228.1,463,2024-01-23
12941,Email,4317.69,323,2024-09-17
12942,TikTok,60.37,388,2024-04-07
12943,TikTok,2494.88,85,2024-03-28
12944,Google,189.62,166,2024-04-28
12945,Facebook,476.18,226,2024-01-15
12946,Facebook,3723.54,180,2023-10-19
12947,Facebook,1975.53,188,2023-04-04
12948,Google,1213.25,209,2024-04-20
12949,Facebook,3543.45,21,2023-12-22
12950,Instagram,3897.96,298,2023-12-21
12951,Facebook,4454.34,353,2024-05-09
12952,Email,1856.53,152,2023-08-10
12953,Facebook,4303.83,494,2023-12-22
12954,Facebook,3923.32,180,2024-06-21
12955,TikTok,4819.1,161,2023-03-22
12956,Google,2336.15,88,2023-05-20
12957,Email,1899.67,351,2024-02-29
12958,Facebook,4935.22,480,2024-10-21
12959,Instagram,1244.59,55,2023-05-26
12960,Google,4858.66,288,2023-05-07
12961,Instagram,2604.54,496,2023-10-23
12962,Instagram,3423.43,200,2024-08-26
12963,Email,2788.33,393,2023-03-16
12964,Email,3751.06,470,2023-02-23
12965,Instagram,2797.81,35,2023-03-26
12966,Instagram,1199.21,292,2023-04-27
12967,Facebook,4392.59,414,2023-09-25
12968,Google,3670.13,357,2024-06-06
12969,Google,3623.41,273,2024-08-01
12970,TikTok,353.24,460,2024-05-16
12971,Instagram,743.95,112,2023-10-01
12972,Facebook,108.29,117,2024-07-27
12973,TikTok,3653.66,282,2023-10-10
12974,TikTok,2405.48,63,2023-04-17
12975,Instagram,466.51,36,2024-08-09
12976,Email,4673.75,295,2024-03-22
12977,Facebook,3970.93,195,2024-09-06
12978,Email,2924.2,139,2024-05-22
12979,Email,4703.42,74,2023-09-29
12980,Email,4046.77,379,2023-11-05
12981,Google,1720.39,33,2024-06-13
12982,TikTok,515.19,138,2024-08-12
12983,Google,3210.15,417,2023-09-17
12984,Facebook,541.72,480,2024-03-19
12985,Email,453.04,151,2024-06-27
12986,TikTok,1274.44,396,2024-02-19
12987,Facebook,128.16,213,2024-01-26
12988,Facebook,1325.39,291,2023-07-04
12989,Instagram,2131.2,244,2024-11-04
12990,TikTok,1105.08,313,2024-04-18
12991,Google,3219.21,416,2024-07-14
12992,Email,3336.13,209,2024-05-23
12993,TikTok,1912.39,476,2024-06-05
12994,Facebook,728.95,255,2023-02-22
12995,Facebook,4775.11,310,2024-10-19
12996,Instagram,3050.31,155,2024-11-20
12997,TikTok,3478.07,29,2024-10-31
12998,Email,3065.71,239,2024-06-15
12999,TikTok,2321.99,380,2023-04-28
13000,TikTok,1972.84,198,2024-02-04
13001,Email,593.29,92,2023-06-19
13002,Instagram,2865.01,15,2023-02-11
13003,Email,1779.69,78,2023-10-08
13004,Google,2599.62,132,2023-10-13
13005,Email,2349.84,296,2023-08-18
13006,TikTok,3308.49,296,2024-05-03
13007,TikTok,1232.3,226,2023-11-27
13008,TikTok,1194.37,393,2024-10-13
13009,Email,3789.93,404,2024-02-06
13010,Google,2982.48,463,2024-06-16
13011,Google,4982.04,166,2024-07-15
13012,Email,73.26,3,2024-11-28
13013,Facebook,131.72,182,2023-03-02
13014,TikTok,3043.28,387,2024-01-06
13015,Facebook,256.97,232,2024-04-14
13016,Facebook,1225.83,95,2024-06-09
13017,Google,4778.85,456,2023-02-05
13018,TikTok,1453.5,222,2023-05-29
13019,Instagram,2174.22,396,2023-07-20
13020,Instagram,3217.88,416,2023-05-16
13021,Facebook,2596.87,364,2024-09-09
13022,Facebook,4983.75,471,2023-09-28
13023,Facebook,4392.26,212,2024-06-05
13024,TikTok,936.99,359,2023-06-04
13025,Google,4864.82,115,2024-08-17
13026,Facebook,2019.91,228,2023-05-06
13027,TikTok,410.36,389,2024-01-03
13028,Email,2895.17,75,2024-07-20
13029,TikTok,1347.58,194,2024-11-15
13030,Google,653.9,407,2024-06-26
13031,Email,4143.17,42,2024-10-08
13032,Google,4403.65,235,2024-09-13
13033,Instagram,3309.44,381,2024-09-10
13034,Email,1528.1,308,2024-01-13
13035,Google,1302.33,280,2024-05-21
13036,Google,2924.78,15,2023-07-29
13037,TikTok,1095.36,498,2024-01-01
13038,Email,3700.99,273,2024-06-12
13039,TikTok,2343.47,121,2023-11-11
13040,Facebook,2573.23,23,2023-01-27
13041,Google,1774.83,402,2023-12-23
13042,Google,234.35,19,2024-08-15
13043,Google,4078.44,189,2024-05-15
13044,Google,2794.01,152,2023-03-28
13045,Instagram,4284.55,193,2024-06-04
13046,Google,2973.56,168,2024-03-17
13047,Facebook,1125.77,463,2024-06-12
13048,Email,533.41,128,2023-02-15
13049,Google,3892.6,182,2024-01-22
13050,Google,482.92,106,2023-05-15
13051,Instagram,1559.59,370,2023-10-18
13052,Facebook,4647.26,300,2023-05-09
13053,Instagram,2680.76,484,2023-09-21
13054,Instagram,4004.04,478,2023-06-06
13055,Instagram,2241.79,365,2023-02-03
13056,Facebook,2165.22,162,2023-11-07
13057,Facebook,2149.88,300,2024-03-20
13058,Google,252.37,22,2024-06-10
13059,Email,4344.6,310,2023-08-29
13060,Facebook,2669.11,104,2024-04-24
13061,Facebook,3964.36,147,2023-04-20
13062,Instagram,2563.5,365,2024-07-19
13063,Google,123.26,55,2024-03-10
13064,Google,1662.56,69,2024-01-27
13065,Instagram,100.17,248,2023-05-13
13066,Google,2976.19,231,2024-11-20
13067,Email,2025.89,279,2024-01-02
13068,Facebook,455.81,241,2023-12-20
13069,TikTok,3045.08,311,2024-06-23
13070,Facebook,1909.82,78,2024-11-14
13071,Google,733.6,172,2024-07-12
13072,Facebook,4161.44,469,2024-02-15
13073,TikTok,749.23,438,2024-08-05
13074,Google,4442.94,419,2024-11-30
13075,Google,4159.21,407,2024-01-21
13076,Google,1583.47,11,2024-07-19
13077,Email,560.19,185,2023-12-07
13078,Facebook,595.67,437,2024-11-24
13079,Instagram,3163.74,60,2023-06-21
13080,Facebook,4796.46,276,2023-07-24
13081,Email,2097.47,184,2023-10-13
13082,Facebook,2214.84,235,2023-10-14
13083,Instagram,3536.58,295,2024-06-20
13084,Facebook,2936.19,201,2023-02-07
13085,TikTok,3345.86,260,2024-03-21
13086,Instagram,4650.97,194,2023-07-04
13087,Instagram,2674.9,381,2023-04-06
13088,TikTok,2770.68,212,2023-07-14
13089,Google,2410.41,93,2024-01-24
13090,Google,4087.38,105,2024-05-14
13091,TikTok,2747.42,398,2023-04-15
13092,Google,4950.43,284,2024-09-07
13093,Email,2050.24,234,2023-09-12
13094,Email,3380.76,484,2024-03-10
13095,Instagram,975.92,451,2024-05-12
13096,Email,1159.1,230,2024-02-18
13097,Instagram,3632.98,428,2024-04-29
13098,Instagram,1495.18,67,2024-10-21
13099,Instagram,65.01,192,2023-08-20
13100,TikTok,4552.81,297,2023-02-07
13101,Email,4437.62,427,2023-11-18
13102,Google,3117.73,434,2024-10-02
13103,TikTok,4638.7,106,2023-09-15
13104,Facebook,2385.35,91,2023-01-02
13105,TikTok,2130.6,329,2024-07-30
13106,Facebook,1289.39,266,2023-10-03
13107,Instagram,4532.53,340,2023-12-27
13108,Facebook,1870.74,447,2024-02-21
13109,Google,3781.14,99,2023-07-12
13110,Facebook,3501.62,72,2024-02-08
13111,Instagram,3151.68,333,2023-10-21
13112,Instagram,3349.54,70,2023-12-16
13113,TikTok,75.16,235,2023-06-30
13114,Facebook,3982.0,321,2024-01-20
13115,Facebook,3410.07,162,2023-08-19
13116,Email,4188.83,83,2023-10-03
13117,Email,2947.57,284,2024-06-26
13118,Google,2243.73,7,2023-09-26
13119,Instagram,4832.03,450,2024-03-15
13120,TikTok,557.81,36,2024-08-20
13121,Email,4442.53,149,2023-12-23
13122,Google,1354.99,2,2024-11-22
13123,Instagram,2684.97,332,2023-02-12
13124,Facebook,206.34,61,2023-01-12
13125,Facebook,1182.34,381,2023-11-06
13126,Instagram,1670.61,269,2024-11-01
13127,TikTok,622.64,374,2024-06-01
13128,TikTok,2929.36,219,2023-02-07
13129,Instagram,4047.61,229,2024-11-02
13130,Email,1711.44,185,2024-01-29
13131,TikTok,2909.93,367,2023-07-22
13132,Instagram,3862.1,371,2024-01-31
13133,Instagram,1522.77,351,2023-09-28
13134,Google,1894.75,116,2023-10-26
13135,TikTok,2872.72,292,2024-05-13
13136,Facebook,3278.34,28,2024-10-18
13137,Instagram,1999.74,198,2023-09-07
13138,Facebook,2657.13,446,2024-04-23
13139,Instagram,1873.77,495,2024-01-17
13140,TikTok,3477.6,308,2023-12-23
13141,TikTok,3560.38,96,2024-11-27
13142,Facebook,2310.38,271,2024-11-04
13143,TikTok,4580.69,22,2023-03-15
13144,Facebook,3976.15,238,2023-01-22
13145,Email,2628.81,435,2023-11-27
13146,Email,591.25,244,2024-02-06
13147,TikTok,641.17,312,2023-04-18
13148,Email,588.29,60,2024-03-04
13149,Google,4879.7,82,2024-09-11
13150,TikTok,3385.68,92,2024-02-10
13151,Email,1300.14,53,2024-01-09
13152,TikTok,2154.97,485,2023-05-13
13153,Facebook,320.16,291,2023-01-20
13154,Email,2431.99,226,2024-02-25
13155,Email,2457.85,49,2023-02-06
13156,Facebook,4641.83,82,2024-10-31
13157,Facebook,1396.6,333,2024-10-24
13158,Facebook,4840.52,31,2024-08-14
13159,TikTok,2318.27,83,2023-02-11
13160,Instagram,4697.76,146,2024-06-19
13161,Google,2254.77,185,2024-02-17
13162,Instagram,4406.79,263,2023-02-25
13163,Instagram,3500.71,457,2023-05-20
13164,TikTok,1669.45,432,2024-10-30
13165,Email,4207.65,311,2024-11-06
13166,Google,2417.9,179,2024-04-18
13167,Facebook,3108.9,241,2023-02-06
13168,Google,3303.32,155,2023-11-18
13169,TikTok,4857.56,446,2024-08-04
13170,TikTok,2335.64,134,2024-06-10
13171,Facebook,2054.99,218,2023-09-15
13172,Google,3578.62,273,2023-01-14
13173,Google,2335.7,83,2023-05-07
13174,Email,4193.21,22,2024-07-09
13175,Facebook,3668.37,455,2023-03-21
13176,TikTok,4139.47,374,2023-11-10
13177,Google,3259.7,173,2023-03-16
13178,TikTok,3388.74,339,2024-05-30
13179,Instagram,1269.12,310,2024-11-11
13180,Email,594.88,112,2023-03-24
13181,Google,3372.23,117,2024-08-24
13182,TikTok,2515.88,181,2024-11-26
13183,Facebook,3210.08,461,2024-09-02
13184,Google,1406.34,466,2024-03-12
13185,Facebook,2445.03,442,2023-01-23
13186,Google,1279.68,67,2023-02-01
13187,Google,3549.67,280,2024-01-14
13188,Instagram,1107.09,87,2023-12-10
13189,Email,63.13,128,2023-01-05
13190,TikTok,4182.9,196,2023-11-25
13191,Email,4476.36,393,2023-01-31
13192,TikTok,1823.95,37,2024-07-15
13193,Google,3155.85,6,2023-06-04
13194,Instagram,3220.94,124,2023-09-01
13195,Instagram,2094.24,205,2023-01-04
13196,Google,3530.82,221,2024-10-01
13197,Facebook,2534.61,388,2023-12-02
13198,Instagram,4318.51,60,2023-08-30
13199,Email,1291.72,21,2024-11-27
13200,Email,3874.08,119,2024-06-09
13201,Email,3417.03,13,2023-06-04
13202,Email,4703.69,346,2024-02-15
13203,Email,1207.08,391,2023-09-13
13204,Facebook,4183.16,177,2024-01-12
13205,TikTok,237.77,135,2024-04-13
13206,Email,2756.77,315,2023-05-03
13207,Email,2853.69,407,2023-10-16
13208,Email,218.05,158,2024-10-28
13209,Facebook,2989.82,477,2024-09-30
13210,Google,2169.09,137,2023-11-11
13211,Instagram,3663.56,156,2024-07-18
13212,Facebook,4096.52,266,2024-05-30
13213,Google,546.9,46,2023-05-23
13214,TikTok,1945.03,204,2024-06-25
13215,Email,2352.35,156,2023-06-13
13216,Google,2771.64,156,2023-08-08
13217,Email,1089.48,462,2023-11-25
13218,TikTok,499.2,41,2024-06-24
13219,Facebook,1582.56,317,2023-07-11
13220,Facebook,2082.62,208,2024-02-09
13221,Google,4561.97,226,2023-04-14
13222,TikTok,1794.05,124,2023-06-02
13223,TikTok,1088.28,73,2023-01-25
13224,Google,2089.53,64,2024-09-07
13225,TikTok,4345.83,397,2023-09-04
13226,TikTok,2298.46,457,2023-07-02
13227,Google,923.33,486,2024-05-26
13228,TikTok,1211.76,319,2023-05-03
13229,Facebook,3858.31,293,2024-05-01
13230,Google,4329.7,18,2023-02-22
13231,Google,1144.34,178,2023-08-22
13232,Google,1536.77,171,2023-05-02
13233,Google,2624.94,324,2024-06-26
13234,Email,1951.41,361,2024-04-09
13235,TikTok,597.74,340,2024-05-30
13236,Instagram,1600.66,136,2023-09-26
13237,Email,4891.54,55,2024-10-13
13238,Facebook,3111.11,189,2024-08-15
13239,Instagram,864.85,129,2024-05-10
13240,Email,97.59,415,2024-01-26
13241,Instagram,4361.18,155,2023-09-05
13242,TikTok,818.7,281,2023-03-07
13243,Email,3461.75,353,2023-01-23
13244,TikTok,3360.12,320,2023-07-09
13245,TikTok,4070.2,394,2024-10-15
13246,Google,4771.64,468,2024-01-22
13247,Instagram,4720.45,447,2024-03-19
13248,Email,4576.51,18,2023-07-08
13249,Email,3269.55,292,2023-11-22
13250,Instagram,3479.55,459,2023-11-08
13251,Facebook,4936.14,319,2024-11-25
13252,Google,2067.36,406,2023-05-25
13253,Facebook,800.39,262,2024-03-16
13254,Email,1217.02,43,2024-10-28
13255,Instagram,1891.92,159,2023-11-11
13256,Google,662.03,182,2023-11-06
13257,Email,4513.95,379,2023-12-22
13258,Email,1151.94,449,2024-01-17
13259,Email,3653.76,139,2024-08-26
13260,Google,3509.0,14,2023-09-19
13261,Instagram,4467.51,305,2023-01-14
13262,Email,4632.86,19,2023-10-10
13263,Email,533.11,46,2023-03-24
13264,Email,149.96,405,2024-07-25
13265,Instagram,4333.24,179,2023-10-12
13266,Facebook,4257.39,38,2023-02-17
13267,Facebook,1389.6,231,2023-11-29
13268,Google,4658.6,416,2024-02-29
13269,Instagram,2252.91,121,2024-06-16
13270,Instagram,4677.44,0,2023-11-19
13271,Email,2513.45,126,2024-09-03
13272,Instagram,3667.8,4,2024-07-22
13273,Email,1236.11,250,2023-02-28
13274,Facebook,2466.22,37,2023-06-16
13275,TikTok,3431.52,415,2024-05-18
13276,Google,4988.42,299,2024-09-27
13277,TikTok,3147.78,91,2023-12-20
13278,Facebook,4967.97,194,2023-12-20
13279,Email,2595.54,468,2023-02-12
13280,Facebook,4837.44,237,2023-05-18
13281,Instagram,652.97,260,2023-10-10
13282,TikTok,168.16,415,2023-12-28
13283,Email,1778.6,60,2023-01-02
13284,TikTok,2385.67,203,2024-11-19
13285,Instagram,104.56,410,2023-11-03
13286,Google,96.56,465,2024-01-04
13287,Instagram,389.64,174,2023-08-24
13288,Google,3833.75,327,2023-02-27
13289,Instagram,3201.2,363,2024-03-07
13290,Email,4194.56,125,2024-01-25
13291,Instagram,2826.12,194,2024-11-27
13292,Google,930.5,383,2023-01-20
13293,Email,2812.02,63,2023-07-23
13294,Email,3653.45,318,2023-10-04
13295,Instagram,3379.53,284,2024-04-16
13296,Google,4818.39,40,2024-02-03
13297,Email,3119.68,259,2023-06-13
13298,TikTok,3851.15,424,2024-11-28
13299,TikTok,107.09,11,2023-07-15
13300,Google,3661.38,65,2024-10-28
13301,Facebook,1004.24,426,2023-08-26
13302,Instagram,623.41,27,2024-07-08
13303,TikTok,2863.59,405,2023-10-01
13304,Google,198.61,27,2023-10-07
13305,Google,493.72,367,2024-04-30
13306,Google,3892.84,25,2023-06-28
13307,Email,2706.92,105,2023-03-24
13308,Google,2766.46,95,2023-11-24
13309,TikTok,2461.1,219,2024-08-08
13310,Google,3496.14,119,2023-12-03
13311,TikTok,1912.49,456,2023-03-09
13312,Google,1590.37,74,2024-02-24
13313,Facebook,3457.25,214,2023-10-01
13314,Google,622.64,149,2024-06-09
13315,Instagram,2885.05,257,2023-10-24
13316,Instagram,1972.74,109,2023-11-18
13317,Google,1122.46,60,2023-10-19
13318,TikTok,2392.73,3,2023-06-03
13319,Email,3242.19,59,2023-01-02
13320,Email,1455.96,297,2024-01-31
13321,TikTok,50.69,15,2024-11-10
13322,Instagram,2182.19,429,2023-04-21
13323,TikTok,4536.39,298,2023-10-28
13324,TikTok,1819.95,443,2024-03-22
13325,Instagram,3058.9,303,2023-03-27
13326,Instagram,1647.61,54,2024-05-28
13327,TikTok,1442.24,443,2023-11-19
13328,Facebook,682.36,16,2024-06-01
13329,Instagram,2132.28,4,2024-01-29
13330,Instagram,2413.6,329,2024-09-07
13331,Facebook,3430.55,158,2023-06-22
13332,Facebook,1500.96,2,2024-03-26
13333,Email,2339.8,150,2023-06-28
13334,Email,928.52,375,2023-05-09
13335,TikTok,1264.69,23,2024-04-19
13336,TikTok,3954.4,92,2023-11-19
13337,TikTok,1758.16,426,2024-06-22
13338,Email,993.61,492,2023-06-10
13339,Instagram,1731.81,38,2024-02-01
13340,Google,2841.96,124,2023-05-21
13341,Google,524.66,55,2024-01-08
13342,Instagram,4974.57,179,2024-08-04
13343,Google,1858.71,221,2024-02-21
13344,Facebook,3240.55,218,2023-01-27
13345,TikTok,2747.99,387,2023-02-21
13346,Email,1705.29,421,2023-05-10
13347,Email,2580.67,118,2024-10-02
13348,Facebook,3352.21,88,2023-07-10
13349,Facebook,4465.3,465,2024-06-17
13350,Email,3141.86,112,2023-03-13
13351,TikTok,2491.12,336,2023-08-20
13352,Google,4733.41,175,2023-04-12
13353,Instagram,4259.04,239,2024-01-18
13354,Instagram,1356.86,19,2024-11-18
13355,Email,523.28,315,2024-09-25
13356,Google,4020.58,387,2024-05-20
13357,Google,2099.22,75,2024-01-10
13358,Instagram,4858.09,45,2023-08-17
13359,Instagram,4829.76,344,2024-08-05
13360,Email,175.91,476,2023-05-23
13361,Instagram,780.36,473,2023-10-25
13362,Email,2994.45,332,2023-04-16
13363,Email,4250.24,308,2023-03-24
13364,TikTok,1805.48,315,2023-06-21
13365,TikTok,808.88,99,2023-01-05
13366,Instagram,1113.41,243,2023-04-28
13367,Instagram,2983.35,89,2023-10-20
13368,Facebook,4305.77,290,2024-07-14
13369,Google,529.5,115,2023-10-03
13370,Facebook,1943.79,227,2023-04-11
13371,Instagram,1552.87,375,2023-01-09
13372,TikTok,1334.05,353,2024-01-03
13373,Instagram,3790.27,445,2023-08-04
13374,Google,4567.83,459,2023-08-24
13375,Facebook,4168.64,110,2024-06-24
13376,TikTok,826.37,141,2023-02-24
13377,Instagram,4010.8,469,2023-05-21
13378,Google,4644.97,6,2024-09-21
13379,Instagram,2740.65,456,2024-03-29
13380,Google,410.71,376,2023-02-10
13381,Instagram,4000.54,289,2023-09-27
13382,TikTok,1752.69,23,2024-07-02
13383,Facebook,618.95,431,2024-10-14
13384,Email,705.49,375,2024-05-23
13385,Google,4788.07,437,2023-12-12
13386,Google,1758.45,387,2023-08-05
13387,Google,1504.85,409,2023-05-03
13388,Instagram,4321.94,489,2024-08-28
13389,Facebook,1753.45,51,2024-11-15
13390,Google,4431.18,345,2024-02-19
13391,Facebook,500.46,353,2024-09-02
13392,TikTok,3226.53,86,2023-02-02
13393,Instagram,4821.2,14,2024-10-15
13394,TikTok,2805.5,163,2024-11-23
13395,Google,2691.61,361,2024-03-30
13396,Facebook,1699.33,208,2023-02-22
13397,TikTok,4079.6,3,2024-08-11
13398,Email,1887.41,279,2024-06-15
13399,Instagram,2951.75,157,2023-02-16
13400,Google,4107.58,474,2023-05-02
13401,Google,897.15,84,2024-07-17
13402,Google,4359.16,465,2024-11-08
13403,Email,3276.03,204,2024-06-01
13404,Instagram,605.87,245,2024-05-15
13405,Instagram,1790.47,444,2023-06-15
13406,Facebook,3586.41,315,2023-04-01
13407,Facebook,946.46,60,2023-12-21
13408,Email,1887.48,274,2024-09-20
13409,Instagram,1882.75,321,2024-11-21
13410,TikTok,3743.69,386,2023-05-27
13411,Facebook,1588.87,81,2023-05-11
13412,Instagram,4749.0,241,2023-11-14
13413,TikTok,2261.85,304,2023-08-21
13414,Facebook,128.28,279,2023-06-21
13415,Facebook,528.9,318,2024-03-07
13416,Instagram,3699.11,182,2024-01-14
13417,Facebook,1381.33,345,2023-10-03
13418,Google,4815.97,466,2023-04-02
13419,Facebook,4384.1,240,2024-03-22
13420,Instagram,4469.39,370,2024-01-17
13421,Instagram,4607.18,74,2024-03-18
13422,Instagram,4577.59,464,2023-07-31
13423,Google,2132.26,68,2024-10-19
13424,Facebook,4367.29,335,2023-05-21
13425,Google,811.28,208,2023-01-13
13426,Instagram,2116.44,157,2024-06-22
13427,Facebook,250.62,194,2024-09-14
13428,Email,1377.53,23,2024-03-12
13429,Email,4400.15,389,2023-02-26
13430,Email,3625.72,35,2023-07-30
13431,Facebook,1794.42,440,2024-03-15
13432,Instagram,1637.07,72,2023-04-01
13433,Google,1991.6,437,2024-07-21
13434,TikTok,3328.3,147,2024-08-14
13435,Facebook,4017.77,42,2023-09-06
13436,Email,771.98,326,2023-10-23
13437,Instagram,186.41,82,2024-02-22
13438,Email,2529.36,470,2023-02-04
13439,Google,1130.06,245,2024-11-24
13440,Instagram,675.55,210,2024-01-06
13441,Facebook,1549.68,154,2024-11-15
13442,Instagram,1485.17,426,2024-05-06
13443,Google,4031.54,110,2024-11-29
13444,Email,1034.43,184,2024-04-22
13445,Facebook,1656.25,144,2024-08-22
13446,Email,2562.15,369,2024-04-21
13447,Google,3821.52,284,2023-04-20
13448,Instagram,1007.81,422,2024-10-11
13449,TikTok,2160.38,308,2024-07-21
13450,Google,2550.04,309,2024-02-25
13451,Google,1589.31,25,2024-04-02
13452,Google,2218.32,250,2024-09-28
13453,Email,99.24,355,2024-11-09
13454,Instagram,496.4,65,2023-01-04
13455,Instagram,2925.63,275,2024-03-19
13456,Facebook,3870.54,423,2023-09-12
13457,Facebook,1762.8,495,2023-09-26
13458,Email,1620.05,384,2024-11-08
13459,Email,3897.85,278,2023-06-30
13460,Email,765.54,354,2023-02-13
13461,Instagram,322.55,492,2023-12-10
13462,Instagram,1152.82,276,2024-03-14
13463,Email,1913.12,382,2024-05-11
13464,Instagram,110.04,47,2023-01-08
13465,Facebook,4604.4,245,2023-10-02
13466,TikTok,841.21,66,2023-08-20
13467,Instagram,1913.68,34,2023-01-09
13468,TikTok,2829.27,155,2023-09-10
13469,TikTok,3180.73,278,2023-06-18
13470,Email,974.74,379,2024-01-03
13471,Facebook,4690.22,44,2023-02-26
13472,Google,3452.02,490,2024-11-26
13473,Email,239.5,230,2024-05-23
13474,TikTok,2825.44,329,2023-05-01
13475,TikTok,2924.12,95,2024-09-21
13476,Google,1045.88,11,2024-04-09
13477,Instagram,2190.25,226,2023-07-08
13478,Google,2690.4,154,2023-12-11
13479,Google,3536.22,94,2024-10-21
13480,Email,3685.43,391,2024-01-11
13481,TikTok,635.59,426,2023-01-19
13482,Facebook,3150.01,144,2023-11-17
13483,Email,4958.59,415,2023-02-02
13484,Instagram,4657.64,90,2023-09-24
13485,Email,796.83,264,2024-03-22
13486,TikTok,916.19,59,2024-05-02
13487,Instagram,1348.31,31,2024-06-05
13488,Google,4849.44,159,2023-06-30
13489,Google,2743.11,110,2024-05-20
13490,TikTok,2935.85,314,2023-04-04
13491,Email,2930.48,236,2024-03-03
13492,Instagram,3951.28,238,2023-06-30
13493,Facebook,2511.86,190,2024-07-20
13494,Facebook,1563.51,178,2023-09-18
13495,TikTok,2605.73,12,2023-10-25
13496,TikTok,4165.58,337,2024-06-01
13497,Facebook,2483.65,423,2024-04-21
13498,Email,3198.05,425,2023-05-27
13499,Google,4866.76,325,2023-10-30
13500,Email,3386.5,255,2023-07-14
13501,Google,3474.87,368,2023-10-09
13502,TikTok,1638.7,154,2023-05-13
13503,TikTok,1688.67,288,2024-03-03
13504,TikTok,4422.62,86,2023-01-01
13505,TikTok,252.66,132,2023-01-16
13506,TikTok,2652.55,193,2023-03-28
13507,TikTok,4987.61,455,2024-08-05
13508,Instagram,4404.65,483,2024-10-14
13509,Facebook,3561.13,393,2024-09-20
13510,Google,3443.76,410,2023-12-08
13511,Instagram,2528.63,488,2024-06-14
13512,Instagram,4658.48,33,2023-06-01
13513,TikTok,2802.99,138,2023-07-28
13514,Email,2708.32,282,2024-05-27
13515,Instagram,4123.34,73,2023-09-18
13516,Email,1921.07,102,2023-06-29
13517,Facebook,2275.51,208,2024-10-28
13518,Instagram,2007.1,114,2023-04-11
13519,Google,1043.12,138,2024-03-16
13520,Instagram,3547.85,185,2023-03-29
13521,Instagram,4008.18,36,2024-05-12
13522,TikTok,1287.79,392,2023-03-23
13523,Google,4754.98,176,2024-01-16
13524,Instagram,2528.95,286,2024-05-06
13525,Google,2615.85,495,2023-03-04
13526,Instagram,366.83,110,2023-09-27
13527,Facebook,710.1,235,2023-07-23
13528,TikTok,3408.82,192,2023-09-21
13529,Instagram,1818.16,122,2023-06-09
13530,Google,4017.52,146,2024-02-09
13531,Email,2444.28,29,2024-04-23
13532,Facebook,2133.5,66,2023-05-14
13533,Facebook,1781.79,201,2024-03-30
13534,Facebook,2809.87,426,2023-03-26
13535,Facebook,4132.24,310,2024-11-05
13536,Instagram,1270.05,309,2023-10-15
13537,Instagram,3006.08,334,2024-08-12
13538,Email,4758.88,234,2024-10-02
13539,Instagram,619.64,19,2023-04-09
13540,Instagram,1208.83,206,2024-04-28
13541,Facebook,3411.12,482,2023-06-08
13542,Facebook,3153.65,192,2024-01-15
13543,Facebook,986.33,308,2024-02-07
13544,TikTok,1063.95,167,2023-07-12
13545,TikTok,2466.28,220,2023-10-16
13546,Email,4248.73,45,2023-02-11
13547,Email,3168.61,68,2024-04-05
13548,Instagram,2922.09,163,2024-07-16
13549,Email,4076.26,21,2023-10-28
13550,Google,1555.62,85,2024-06-04
13551,Facebook,3899.42,173,2023-01-27
13552,Facebook,2724.49,249,2023-12-10
13553,Google,3026.07,99,2023-07-23
13554,TikTok,1880.23,247,2024-09-21
13555,Google,4653.86,491,2023-02-06
13556,Instagram,3814.2,166,2023-12-31
13557,Facebook,1823.01,188,2023-02-24
13558,TikTok,1188.26,11,2024-05-09
13559,Instagram,2252.7,159,2024-06-20
13560,TikTok,2357.0,231,2024-03-05
13561,Email,4909.04,418,2023-12-30
13562,Google,3973.09,90,2024-09-13
13563,Instagram,4542.17,217,2024-03-23
13564,Google,3507.5,460,2023-01-31
13565,Facebook,923.81,97,2024-06-25
13566,Facebook,4498.27,295,2023-11-17
13567,Instagram,4854.09,354,2024-07-13
13568,Facebook,4585.45,368,2023-10-10
13569,Instagram,389.53,414,2023-04-03
13570,Email,852.31,209,2023-01-07
13571,Facebook,3673.09,488,2023-04-08
13572,Email,2756.55,261,2024-06-28
13573,Instagram,2157.92,468,2024-04-17
13574,Instagram,3637.74,140,2023-02-07
13575,Email,961.22,70,2024-02-22
13576,Email,3914.09,41,2024-02-19
13577,Email,2621.24,310,2023-03-25
13578,Instagram,1032.62,447,2023-12-22
13579,Facebook,1431.18,418,2023-10-16
13580,Facebook,3563.82,67,2023-01-30
13581,Facebook,2006.2,94,2023-07-15
13582,Facebook,3930.39,377,2023-02-09
13583,Google,2282.8,209,2024-09-18
13584,Instagram,2660.97,297,2023-11-19
13585,TikTok,3550.79,403,2024-04-07
13586,Facebook,2156.16,242,2023-03-24
13587,TikTok,3901.85,413,2023-09-11
13588,Facebook,309.94,394,2023-12-23
13589,Email,2723.07,157,2024-02-06
13590,Email,4589.64,291,2024-10-18
13591,Facebook,4071.5,380,2023-06-21
13592,TikTok,3425.48,226,2023-01-07
13593,Facebook,677.93,189,2023-01-05
13594,Facebook,2281.11,387,2023-11-12
13595,Instagram,1787.63,67,2024-08-03
13596,TikTok,2323.07,277,2023-01-28
13597,Email,1993.44,429,2024-10-14
13598,Email,2495.09,459,2023-02-01
13599,TikTok,687.3,440,2024-06-25
13600,Facebook,2758.75,241,2024-05-12
13601,Google,3203.64,256,2024-04-03
13602,Facebook,1564.1,53,2023-08-06
13603,Email,2476.73,358,2024-11-18
13604,TikTok,3962.33,302,2024-02-14
13605,TikTok,1281.44,15,2024-06-13
13606,TikTok,669.45,40,2023-08-09
13607,Email,278.74,152,2023-10-23
13608,Instagram,3819.95,70,2024-04-09
13609,Instagram,857.08,264,2024-01-30
13610,Email,3758.13,484,2024-02-08
13611,TikTok,3496.83,144,2023-10-24
13612,Email,1306.6,485,2024-04-24
13613,Facebook,1968.17,444,2023-05-30
13614,Facebook,1956.81,33,2023-07-29
13615,Facebook,858.72,341,2024-11-15
13616,Google,3408.19,335,2023-11-01
13617,Google,1435.18,41,2024-01-29
13618,Email,1745.96,488,2024-11-09
13619,Facebook,1156.34,392,2023-02-22
13620,Google,2165.31,169,2024-10-02
13621,Google,2122.21,229,2024-02-13
13622,Instagram,4829.81,212,2023-02-15
13623,Google,944.71,59,2023-07-07
13624,Facebook,4569.47,399,2024-02-05
13625,TikTok,1510.31,468,2024-06-25
13626,Google,1474.1,398,2023-09-03
13627,Email,3178.93,349,2023-11-09
13628,Instagram,1058.59,313,2024-10-06
13629,Facebook,4940.62,469,2023-06-01
13630,TikTok,3643.45,58,2024-08-05
13631,Instagram,2017.31,295,2023-04-15
13632,TikTok,755.27,304,2023-05-11
13633,Facebook,753.99,413,2024-08-10
13634,Email,3776.5,111,2024-11-26
13635,Instagram,4282.38,477,2023-01-14
13636,Google,4633.45,334,2023-03-24
13637,Instagram,2041.28,62,2023-11-11
13638,Facebook,487.79,127,2024-08-30
13639,TikTok,4558.19,63,2024-10-20
13640,TikTok,4911.38,377,2024-04-14
13641,TikTok,4091.77,97,2024-01-19
13642,Instagram,135.77,41,2023-05-04
13643,Facebook,3047.17,246,2023-05-10
13644,Google,340.9,288,2023-11-19
13645,Facebook,477.81,471,2024-07-18
13646,Google,2290.21,377,2024-10-15
13647,Google,1395.14,3,2024-02-08
13648,Google,1008.16,349,2023-08-19
13649,Email,3075.61,272,2024-04-10
13650,Instagram,4558.96,435,2024-05-07
13651,TikTok,4947.83,265,2023-05-05
13652,TikTok,2565.09,270,2023-03-23
13653,TikTok,965.23,316,2024-08-11
13654,Instagram,1229.91,397,2023-03-24
13655,Instagram,1217.54,225,2024-05-23
13656,Email,4752.07,228,2023-08-25
13657,Email,3215.46,335,2024-05-19
13658,Facebook,4794.78,241,2023-01-27
13659,Facebook,4726.52,340,2023-04-14
13660,Google,1500.3,320,2024-06-22
13661,Google,3901.46,127,2024-09-17
13662,Google,2317.02,50,2024-09-10
13663,Google,4503.8,116,2024-10-15
13664,TikTok,3763.29,148,2024-09-25
13665,TikTok,129.6,231,2023-03-18
13666,Facebook,4776.7,469,2024-07-18
13667,TikTok,4124.6,275,2023-04-20
13668,Email,555.2,376,2024-09-18
13669,TikTok,4169.35,496,2024-06-30
13670,Facebook,969.93,321,2023-06-04
13671,Google,2895.22,295,2023-03-06
13672,Google,3078.68,71,2024-09-11
13673,Google,4941.91,459,2023-06-26
13674,Facebook,2517.32,142,2023-12-03
13675,Email,1805.33,105,2023-06-20
13676,Instagram,753.01,17,2023-11-01
13677,Instagram,2478.25,326,2023-09-01
13678,Email,3059.75,105,2024-01-13
13679,Google,1699.67,143,2023-06-09
13680,Google,1030.97,86,2024-04-05
13681,TikTok,4131.2,384,2024-04-08
13682,Instagram,1387.84,325,2023-07-10
13683,Email,1445.22,384,2024-05-12
13684,Facebook,1734.66,424,2024-07-03
13685,Email,1980.77,228,2024-06-25
13686,Google,2573.62,463,2024-11-11
13687,Email,910.32,330,2024-11-04
13688,TikTok,2985.36,58,2024-03-11
13689,Email,3239.31,251,2023-09-01
13690,Google,211.91,421,2024-02-25
13691,TikTok,1486.36,8,2024-05-17
13692,Facebook,1897.71,4,2024-11-02
13693,Facebook,497.4,281,2024-07-24
13694,TikTok,61.0,194,2023-10-29
13695,Instagram,1848.19,217,2023-03-12
13696,Google,4155.91,41,2024-09-03
13697,Facebook,737.85,61,2023-04-20
13698,Instagram,322.67,424,2023-04-11
13699,Google,4978.03,339,2023-07-01
13700,Instagram,4532.99,43,2024-04-11
13701,Facebook,1788.57,266,2024-06-14
13702,Facebook,3167.45,203,2023-09-21
13703,TikTok,2921.07,167,2024-05-03
13704,TikTok,2362.57,120,2024-10-24
13705,Google,1743.0,49,2023-03-28
13706,Google,4378.93,94,2024-06-09
13707,Instagram,2040.78,259,2023-08-26
13708,Email,4694.24,168,2024-09-10
13709,Email,3494.22,151,2024-01-08
13710,Facebook,2293.85,278,2023-02-25
13711,Instagram,2012.26,484,2023-10-16
13712,Instagram,1173.89,24,2023-07-29
13713,TikTok,3454.42,53,2023-07-07
13714,TikTok,2276.14,422,2024-10-24
13715,Google,1016.58,499,2024-07-25
13716,TikTok,2023.12,158,2023-06-01
13717,Email,4834.07,221,2023-08-14
13718,TikTok,1848.19,219,2024-09-11
13719,Google,247.1,202,2023-02-11
13720,Instagram,3380.87,360,2024-01-27
13721,TikTok,4835.6,425,2024-09-07
13722,Instagram,1287.56,232,2024-04-30
13723,Instagram,1914.68,6,2023-08-06
13724,Instagram,4419.07,426,2024-09-22
13725,Facebook,4024.85,220,2023-10-07
13726,TikTok,3361.97,24,2023-07-17
13727,Instagram,2017.57,418,2024-11-04
13728,Email,4680.51,6,2024-06-27
13729,Facebook,3324.51,247,2024-05-01
13730,Google,3419.11,36,2023-11-10
13731,Instagram,4092.01,475,2023-07-16
13732,Google,2079.84,165,2023-08-29
13733,Facebook,3262.83,416,2023-09-11
13734,Instagram,4964.62,274,2024-03-01
13735,TikTok,1173.04,259,2023-05-25
13736,TikTok,3880.76,333,2023-04-18
13737,Instagram,1958.6,224,2024-09-05
13738,TikTok,2552.79,305,2024-08-29
13739,Email,2794.85,327,2024-10-18
13740,TikTok,2387.54,11,2024-05-26
13741,Email,580.13,133,2024-02-23
13742,Instagram,455.17,285,2024-06-07
13743,TikTok,1010.68,279,2024-08-02
13744,Email,4224.72,40,2023-06-18
13745,Facebook,1908.6,282,2023-11-11
13746,Instagram,3117.98,496,2023-02-16
13747,Instagram,2892.54,173,2023-05-09
13748,TikTok,4518.25,48,2024-11-03
13749,TikTok,351.25,459,2023-08-18
13750,Instagram,3577.65,62,2024-06-18
13751,Google,3113.4,264,2024-07-19
13752,Facebook,1159.41,482,2023-03-09
13753,TikTok,2768.96,448,2024-07-15
13754,Google,1087.73,123,2024-11-04
13755,Instagram,3900.73,315,2024-06-24
13756,Google,3560.09,206,2023-06-15
13757,Facebook,3714.16,405,2023-04-09
13758,TikTok,3336.56,40,2023-05-01
13759,Instagram,4992.27,60,2024-04-20
13760,Google,3581.1,28,2024-09-08
13761,Google,3861.89,164,2023-12-16
13762,TikTok,2287.64,412,2024-02-27
13763,Instagram,2024.39,185,2023-11-14
13764,Google,2215.17,216,2023-10-13
13765,TikTok,1803.37,250,2023-08-03
13766,Email,4709.79,189,2023-09-25
13767,Email,258.74,331,2024-05-20
13768,TikTok,2202.43,106,2024-05-19
13769,TikTok,1189.9,300,2024-09-23
13770,Instagram,3704.16,393,2023-08-31
13771,Email,1362.29,97,2023-04-19
13772,TikTok,2579.92,79,2023-07-10
13773,Email,3996.43,373,2024-03-23
13774,TikTok,151.53,273,2023-06-20
13775,Email,2472.5,489,2023-09-02
13776,Email,2168.0,342,2024-02-24
13777,Email,1441.4,457,2024-03-10
13778,Instagram,273.96,86,2023-08-25
13779,Facebook,2377.88,0,2024-08-07
13780,TikTok,128.67,210,2023-04-21
13781,TikTok,2861.01,66,2024-05-23
13782,Email,3203.71,42,2024-08-04
13783,Email,3422.26,109,2023-09-04
13784,Facebook,1407.59,253,2024-03-30
13785,Google,4343.53,13,2023-04-21
13786,Instagram,1164.89,183,2024-01-07
13787,Google,875.55,432,2023-10-10
13788,TikTok,687.09,276,2024-04-12
13789,Instagram,55.72,88,2024-08-24
13790,Instagram,341.84,448,2023-05-13
13791,TikTok,4409.54,344,2023-08-24
13792,Email,4036.05,439,2024-02-20
13793,Instagram,442.96,437,2023-04-12
13794,Google,3235.49,120,2023-12-28
13795,Google,3005.26,485,2024-09-18
13796,Google,2270.42,230,2024-07-19
13797,Instagram,4145.42,499,2024-11-08
13798,Google,981.69,125,2023-10-21
13799,Google,2310.3,126,2023-05-11
13800,TikTok,4118.82,63,2023-10-11
13801,Email,702.97,348,2024-11-05
13802,Instagram,4958.39,113,2023-08-21
13803,Facebook,87.69,367,2023-07-08
13804,Instagram,3823.72,112,2023-04-30
13805,Facebook,592.89,8,2024-09-17
13806,Email,3081.67,400,2024-11-26
13807,Email,2187.18,287,2023-05-07
13808,Google,2820.75,42,2023-06-03
13809,Instagram,91.36,351,2024-07-19
13810,Email,897.45,231,2024-02-08
13811,Email,659.24,116,2023-10-22
13812,Facebook,1492.32,358,2023-07-02
13813,Facebook,4377.19,321,2023-07-25
13814,Instagram,3267.88,190,2023-05-03
13815,Email,429.87,12,2024-10-06
13816,Facebook,3030.62,415,2024-06-12
13817,Google,2780.18,111,2024-09-22
13818,Google,3182.14,199,2023-05-14
13819,TikTok,2820.93,452,2023-10-01
13820,Instagram,382.83,360,2024-02-21
13821,Email,3076.03,170,2023-03-04
13822,Email,744.88,61,2024-06-16
13823,Facebook,3411.4,210,2024-01-07
13824,Instagram,170.13,271,2023-10-07
13825,TikTok,1603.4,310,2024-10-03
13826,Email,638.66,451,2024-09-07
13827,Facebook,3443.1,377,2023-03-14
13828,TikTok,706.92,20,2024-09-14
13829,TikTok,210.53,285,2023-12-28
13830,Instagram,3323.04,295,2023-08-21
13831,Facebook,4990.3,218,2023-02-14
13832,TikTok,4867.65,227,2023-09-19
13833,Email,3057.58,71,2024-11-14
13834,Email,4669.91,252,2023-09-06
13835,Email,3424.64,35,2023-07-31
13836,Instagram,2003.52,204,2024-09-24
13837,TikTok,3109.43,177,2024-05-09
13838,Instagram,3323.77,280,2023-04-05
13839,Facebook,3632.62,244,2024-04-05
13840,Facebook,1401.95,217,2024-01-22
13841,Google,713.76,384,2024-05-27
13842,Google,936.31,338,2024-08-18
13843,Google,3061.35,456,2023-06-21
13844,TikTok,4036.58,358,2024-09-17
13845,Email,3035.97,317,2024-01-21
13846,Google,4669.25,456,2023-06-02
13847,Instagram,836.86,100,2024-01-25
13848,Google,1683.5,381,2024-05-11
13849,Facebook,308.51,296,2024-02-18
13850,Instagram,2284.17,83,2024-09-12
13851,Google,829.41,215,2024-11-10
13852,Facebook,4523.6,77,2023-10-31
13853,Instagram,4909.24,495,2023-03-11
13854,Facebook,950.55,108,2024-05-15
13855,Google,4045.15,356,2023-05-12
13856,Google,4625.8,465,2024-04-04
13857,Facebook,3685.51,446,2023-12-24
13858,Instagram,3234.94,472,2024-05-04
13859,Email,2786.16,477,2024-01-09
13860,Instagram,1332.94,180,2023-05-13
13861,Facebook,2562.78,219,2024-01-02
13862,Google,688.7,479,2024-07-25
13863,Facebook,2558.15,430,2024-10-21
13864,Instagram,3819.42,431,2023-09-29
13865,Instagram,4535.5,264,2023-02-22
13866,Email,617.38,478,2023-05-06
13867,Google,2212.62,458,2024-01-31
13868,Instagram,523.42,377,2024-07-22
13869,TikTok,1752.6,119,2024-01-13
13870,Google,344.46,25,2024-05-29
13871,Email,1679.16,147,2023-09-22
13872,Facebook,4078.98,215,2024-07-09
13873,Google,3159.21,426,2023-08-09
13874,TikTok,4266.57,471,2024-09-09
13875,Instagram,3205.49,211,2023-03-11
13876,Google,1709.45,492,2023-08-02
13877,Google,3695.5,36,2023-12-28
13878,Google,4587.84,271,2023-04-10
13879,TikTok,3865.56,240,2023-12-26
13880,Instagram,3383.03,273,2024-05-10
13881,Email,812.09,370,2023-08-06
13882,Google,2732.2,336,2023-03-21
13883,Email,4714.63,32,2024-02-24
13884,Email,3538.01,93,2024-01-22
13885,Facebook,1867.76,442,2023-03-13
13886,TikTok,4470.3,363,2024-08-19
13887,TikTok,2285.01,276,2024-02-17
13888,Facebook,2029.77,387,2024-02-13
13889,Google,1972.79,352,2024-03-13
13890,Facebook,3722.22,37,2024-08-30
13891,Facebook,3654.04,391,2024-11-03
13892,Email,3949.92,409,2024-09-09
13893,Facebook,120.1,433,2024-10-15
13894,Facebook,2525.04,151,2023-08-21
13895,Instagram,3293.95,245,2023-11-29
13896,Facebook,2726.33,493,2023-10-11
13897,Email,2563.18,365,2023-07-27
13898,TikTok,730.84,83,2024-08-31
13899,Email,1253.06,251,2024-09-22
13900,Instagram,1547.13,245,2023-11-27
13901,Facebook,2175.56,115,2024-03-06
13902,TikTok,733.95,265,2023-06-07
13903,Google,278.87,332,2024-07-25
13904,Email,4034.61,282,2024-06-11
13905,Facebook,2324.13,429,2023-07-30
13906,TikTok,3071.27,358,2024-09-13
13907,Instagram,2281.31,333,2023-10-18
13908,Instagram,3601.99,183,2023-05-19
13909,TikTok,3663.87,18,2023-02-19
13910,Instagram,307.22,189,2023-09-22
13911,TikTok,1519.09,324,2023-10-16
13912,Google,4547.53,156,2024-02-11
13913,Instagram,79.14,47,2023-02-02
13914,Email,1197.5,228,2023-02-14
13915,Facebook,2803.65,357,2024-02-02
13916,Facebook,3159.93,330,2023-09-01
13917,TikTok,1870.41,114,2024-08-15
13918,Email,1770.63,370,2024-05-18
13919,Google,4373.11,182,2024-05-21
13920,Instagram,178.9,374,2023-11-15
13921,Email,974.21,144,2024-09-18
13922,Instagram,3353.88,313,2024-06-23
13923,Instagram,4123.09,140,2024-07-28
13924,TikTok,1125.61,177,2024-04-26
13925,Google,633.94,478,2023-05-22
13926,Instagram,3020.32,99,2023-09-16
13927,TikTok,163.14,458,2024-07-27
13928,Google,604.67,414,2023-06-29
13929,Email,3839.12,121,2024-11-11
13930,TikTok,684.91,287,2023-11-05
13931,Instagram,4796.08,141,2023-06-05
13932,Email,1275.81,75,2023-04-12
13933,TikTok,2305.56,422,2023-03-06
13934,Google,4554.24,406,2024-01-09
13935,Google,3492.19,367,2024-07-17
13936,Instagram,4414.41,172,2024-03-23
13937,Email,2121.18,98,2024-08-26
13938,TikTok,3340.66,271,2023-05-02
13939,Google,2604.62,313,2023-08-01
13940,Google,4072.04,149,2024-08-15
13941,Google,283.13,216,2024-09-28
13942,Email,1763.32,222,2024-09-08
13943,Email,245.19,421,2023-08-12
13944,Facebook,2266.52,317,2023-05-05
13945,Email,2728.98,26,2024-08-30
13946,Facebook,2904.09,0,2024-08-24
13947,Email,2191.89,408,2024-01-29
13948,Google,2755.56,280,2023-10-21
13949,TikTok,4658.85,67,2024-05-20
13950,TikTok,2576.85,444,2023-11-06
13951,TikTok,4063.58,492,2023-01-04
13952,Instagram,231.51,392,2024-09-17
13953,TikTok,3955.01,189,2023-02-24
13954,TikTok,1875.89,129,2024-04-29
13955,Google,4900.86,446,2024-07-12
13956,Facebook,4131.72,465,2023-06-06
13957,Facebook,879.72,487,2024-03-07
13958,TikTok,2371.26,97,2023-04-09
13959,Instagram,527.55,158,2023-12-06
13960,TikTok,2546.94,13,2023-11-30
13961,Google,2039.52,431,2024-01-06
13962,Email,4474.18,234,2024-09-04
13963,Instagram,3429.29,386,2023-03-14
13964,TikTok,2167.31,140,2023-01-02
13965,Facebook,2935.06,333,2024-07-07
13966,TikTok,1735.32,53,2023-08-31
13967,Instagram,444.25,330,2023-12-30
13968,TikTok,323.5,480,2023-06-29
13969,Email,608.56,159,2023-02-04
13970,Facebook,2137.93,311,2023-08-08
13971,Facebook,4865.36,15,2023-06-06
13972,Facebook,60.5,336,2024-10-05
13973,Google,2796.0,20,2024-04-15
13974,Email,2985.57,64,2023-12-21
13975,Instagram,4638.74,356,2024-11-20
13976,Instagram,2154.32,108,2023-12-24
13977,Email,2974.36,372,2023-03-12
13978,Facebook,1719.56,93,2023-07-01
13979,Google,4099.94,476,2023-08-11
13980,Instagram,925.23,162,2023-12-11
13981,Email,3788.87,247,2024-06-23
13982,Email,3576.16,123,2023-06-23
13983,Google,1404.31,404,2024-02-26
13984,Google,2801.19,380,2023-08-23
13985,Instagram,3241.61,415,2023-08-12
13986,TikTok,3101.64,317,2024-06-06
13987,Email,538.43,245,2024-11-09
13988,TikTok,4782.31,321,2023-01-11
13989,Email,1538.47,383,2023-09-02
13990,TikTok,376.18,196,2024-06-11
13991,TikTok,2826.94,388,2024-09-19
13992,TikTok,4296.98,99,2024-01-18
13993,Google,2540.61,322,2023-08-22
13994,Instagram,1371.71,218,2023-01-20
13995,Email,261.64,6,2024-11-03
13996,Email,3538.84,370,2023-11-22
13997,Instagram,877.77,289,2024-07-17
13998,Facebook,3288.36,352,2023-10-06
13999,Facebook,3206.8,7,2023-09-13
14000,Email,155.13,432,2023-01-15
14001,Google,1142.76,214,2023-10-17
14002,Email,3965.74,36,2024-03-20
14003,Google,4601.49,417,2024-07-31
14004,Google,3050.16,196,2023-05-22
14005,TikTok,1507.08,30,2023-06-16
14006,Instagram,2662.05,183,2024-05-14
14007,TikTok,2736.5,211,2023-03-26
14008,Email,4649.8,318,2024-01-25
14009,TikTok,3297.41,56,2024-11-06
14010,Google,3145.09,357,2023-09-16
14011,Email,1464.61,301,2024-09-10
14012,Email,4839.99,323,2024-01-16
14013,Email,4449.21,54,2023-11-21
14014,Email,84.97,217,2024-05-13
14015,Instagram,1584.05,212,2023-06-05
14016,Email,3515.94,419,2023-05-29
14017,TikTok,2463.38,479,2024-08-04
14018,TikTok,1843.7,57,2023-07-22
14019,Facebook,3570.83,63,2023-03-14
14020,Google,157.66,451,2024-10-17
14021,Facebook,887.26,184,2023-12-23
14022,Facebook,2990.58,210,2023-02-15
14023,Instagram,1479.21,436,2024-11-17
14024,Google,4107.25,336,2023-05-26
14025,TikTok,2926.29,408,2024-05-05
14026,Instagram,1047.52,485,2023-08-27
14027,Instagram,4025.16,440,2024-02-13
14028,Google,1368.27,14,2023-05-22
14029,TikTok,3198.19,99,2024-03-28
14030,TikTok,4953.21,216,2023-06-09
14031,Instagram,3003.49,310,2024-02-23
14032,Facebook,2547.58,372,2023-05-20
14033,Facebook,3565.07,325,2024-07-09
14034,TikTok,457.9,326,2023-02-12
14035,TikTok,2681.37,239,2023-04-06
14036,Facebook,1465.1,7,2024-01-13
14037,TikTok,281.25,474,2024-01-04
14038,Email,4450.18,352,2024-01-23
14039,Facebook,2258.58,180,2024-02-08
14040,Google,1904.11,307,2023-12-22
14041,Google,1736.71,412,2024-01-07
14042,Email,3549.58,228,2023-12-06
14043,Email,2675.83,72,2024-02-13
14044,Email,2560.52,86,2024-10-19
14045,Email,2869.11,132,2024-01-01
14046,Email,993.04,278,2023-02-02
14047,Email,1235.01,346,2023-09-28
14048,TikTok,1862.9,345,2024-05-25
14049,Facebook,3564.21,132,2023-08-05
14050,TikTok,3126.09,305,2023-02-28
14051,Email,103.1,71,2023-11-09
14052,Facebook,4914.25,162,2024-10-03
14053,Google,4565.57,351,2024-07-06
14054,Email,824.98,204,2023-01-25
14055,Google,1754.15,232,2023-09-01
14056,Email,3945.98,445,2023-11-29
14057,Google,2707.78,221,2024-11-28
14058,TikTok,1415.95,449,2024-04-22
14059,Google,3173.72,297,2024-09-24
14060,Email,1338.16,96,2023-09-06
14061,Facebook,4706.77,120,2024-01-29
14062,Google,796.91,408,2024-05-09
14063,Instagram,3112.59,7,2024-04-09
14064,Email,4272.27,123,2023-06-03
14065,Email,3508.4,470,2024-09-20
14066,TikTok,4922.72,379,2024-09-14
14067,Facebook,331.28,45,2024-10-02
14068,Email,1843.65,217,2024-10-24
14069,Google,2302.71,169,2024-05-20
14070,Google,2705.2,178,2024-05-21
14071,Google,1492.07,99,2023-07-26
14072,Google,811.66,421,2024-02-02
14073,Facebook,3388.07,473,2023-07-28
14074,Email,3970.04,406,2023-04-08
14075,Facebook,2900.04,143,2024-03-03
14076,Instagram,3152.05,73,2023-05-04
14077,Google,259.96,72,2024-03-15
14078,Facebook,3808.23,300,2024-02-09
14079,Google,194.41,231,2024-11-05
14080,TikTok,3695.37,339,2024-01-13
14081,TikTok,2144.76,437,2023-02-03
14082,Facebook,1192.82,57,2023-04-04
14083,Email,1156.26,162,2024-05-02
14084,Instagram,1352.57,477,2024-05-25
14085,Google,2519.45,484,2023-03-15
14086,Google,639.71,297,2024-09-14
14087,Facebook,2621.61,497,2024-11-23
14088,TikTok,3211.67,300,2023-06-16
14089,Email,1061.91,71,2024-01-22
14090,Instagram,1224.35,336,2023-08-03
14091,Instagram,1848.64,289,2023-08-28
14092,Instagram,1384.84,26,2024-06-10
14093,Instagram,772.4,182,2023-03-27
14094,Instagram,4836.89,358,2024-02-14
14095,Google,2635.49,489,2023-07-29
14096,Facebook,1289.68,27,2024-05-02
14097,Google,4627.73,495,2024-06-14
14098,Facebook,4220.09,239,2024-04-13
14099,Email,4339.0,54,2023-08-02
14100,Instagram,2373.26,271,2024-03-05
14101,Instagram,2593.06,41,2023-03-28
14102,Facebook,1167.87,383,2024-11-09
14103,Instagram,1005.25,265,2024-07-20
14104,TikTok,425.86,2,2023-08-24
14105,Email,2821.12,360,2024-08-02
14106,Google,2583.57,482,2023-08-24
14107,Email,2540.3,293,2024-01-11
14108,Instagram,2778.94,97,2023-07-17
14109,TikTok,2358.09,220,2023-11-27
14110,Instagram,3639.49,216,2024-04-19
14111,Instagram,1503.13,192,2024-05-12
14112,Email,2860.52,482,2023-04-22
14113,Facebook,4584.96,72,2024-11-14
14114,Email,2462.47,363,2023-04-04
14115,TikTok,4210.38,422,2024-01-14
14116,Email,2960.73,400,2023-05-27
14117,TikTok,3069.78,236,2024-06-21
14118,TikTok,4501.72,31,2023-04-12
14119,Google,2880.35,424,2023-10-16
14120,Email,3473.77,332,2024-06-12
14121,Instagram,4153.58,415,2023-08-09
14122,Instagram,524.57,262,2024-02-02
14123,Instagram,1031.74,271,2023-05-14
14124,Facebook,1936.43,68,2024-02-29
14125,Instagram,57.04,165,2023-06-27
14126,Google,2772.74,0,2024-08-14
14127,Instagram,1919.16,472,2024-07-03
14128,Instagram,1680.44,189,2024-03-25
14129,Instagram,321.38,20,2023-07-11
14130,Email,418.93,44,2024-09-26
14131,TikTok,4632.77,166,2024-03-14
14132,Instagram,1314.55,375,2024-06-10
14133,Email,2101.42,443,2023-04-23
14134,Facebook,449.5,2,2024-08-01
14135,Google,293.6,448,2024-08-27
14136,Google,514.13,47,2023-05-06
14137,TikTok,4258.64,314,2024-10-05
14138,Facebook,3709.27,480,2023-02-11
14139,Instagram,2625.49,221,2023-12-30
14140,Instagram,1278.99,93,2024-09-18
14141,Email,3026.42,214,2024-11-21
14142,Google,4117.97,130,2024-09-27
14143,Facebook,4571.45,421,2024-09-02
14144,Instagram,2435.68,363,2023-12-15
14145,Email,3372.98,361,2024-07-24
14146,Email,4784.15,212,2024-06-24
14147,TikTok,1099.42,44,2024-10-28
14148,TikTok,1693.48,135,2024-02-28
14149,Instagram,795.47,106,2024-09-12
14150,Email,1254.64,258,2024-08-11
14151,TikTok,2251.61,312,2024-03-18
14152,Facebook,3569.36,151,2023-02-07
14153,Email,1796.38,13,2023-06-01
14154,TikTok,3454.08,149,2024-02-23
14155,Instagram,4167.14,124,2024-02-13
14156,Facebook,3122.05,405,2024-09-27
14157,Facebook,572.72,356,2023-02-07
14158,TikTok,1033.08,470,2023-01-21
14159,Google,1689.73,46,2023-08-02
14160,TikTok,4118.27,289,2023-11-17
14161,TikTok,2604.26,77,2024-04-25
14162,Instagram,2965.83,140,2024-07-05
14163,Instagram,56.01,148,2024-05-18
14164,Google,2904.27,63,2023-05-27
14165,Facebook,4072.62,232,2023-10-08
14166,Instagram,3087.2,384,2023-11-19
14167,TikTok,4910.7,307,2024-07-07
14168,Email,2544.46,386,2024-10-26
14169,Facebook,2446.71,176,2024-04-29
14170,Google,3595.46,157,2023-04-16
14171,Facebook,4295.8,315,2023-04-27
14172,Instagram,981.87,463,2024-04-16
14173,Google,3939.05,203,2024-11-26
14174,Google,3398.36,36,2023-06-12
14175,Google,3948.65,477,2024-05-07
14176,Google,1909.07,0,2024-02-01
14177,Email,3175.59,489,2023-08-23
14178,Facebook,4472.56,405,2023-08-12
14179,Facebook,4704.88,466,2023-02-09
14180,Google,4286.34,487,2024-01-28
14181,Facebook,1972.42,19,2024-02-23
14182,Google,270.4,105,2024-07-08
14183,Google,2642.22,397,2023-10-20
14184,Instagram,2099.43,313,2023-04-21
14185,Google,2199.22,200,2023-05-10
14186,Google,4105.39,19,2024-02-05
14187,TikTok,2745.33,72,2024-01-15
14188,Instagram,4709.37,114,2023-01-04
14189,Facebook,3714.81,186,2024-06-24
14190,Facebook,4540.11,289,2024-01-02
14191,TikTok,4629.23,487,2023-11-15
14192,Google,925.01,168,2023-09-30
14193,TikTok,1752.15,5,2023-05-07
14194,Facebook,53.81,154,2023-08-20
14195,TikTok,1090.58,343,2023-09-27
14196,Email,108.48,70,2024-04-24
14197,TikTok,324.23,140,2024-05-15
14198,Facebook,4868.31,371,2023-09-03
14199,Email,1682.55,486,2023-01-03
14200,Google,2401.77,394,2023-11-26
14201,TikTok,1648.66,53,2023-07-13
14202,Email,4010.59,19,2023-03-30
14203,Facebook,371.08,464,2024-07-31
14204,Facebook,81.95,197,2023-09-13
14205,Instagram,3750.55,312,2023-05-24
14206,Facebook,4154.72,260,2024-04-27
14207,TikTok,440.57,447,2024-05-04
14208,Google,986.26,338,2023-03-11
14209,Instagram,535.68,299,2024-06-30
14210,TikTok,1545.28,5,2023-05-26
14211,TikTok,4997.9,402,2024-09-12
14212,Instagram,1550.63,24,2024-07-31
14213,TikTok,800.74,191,2023-03-31
14214,Instagram,508.34,144,2024-10-01
14215,Instagram,1061.06,494,2023-04-08
14216,TikTok,4453.7,273,2023-01-25
14217,Email,1345.81,1,2024-01-17
14218,Instagram,3947.77,71,2023-08-15
14219,Email,702.8,141,2024-04-07
14220,Instagram,1305.76,371,2024-09-17
14221,Instagram,4690.13,293,2024-06-03
14222,Instagram,3451.2,339,2023-06-14
14223,Instagram,4773.16,13,2023-08-01
14224,TikTok,1302.96,350,2024-11-10
14225,Instagram,1997.5,417,2023-08-24
14226,Google,2584.83,373,2023-09-10
14227,Instagram,4190.45,185,2024-09-28
14228,Google,1591.83,75,2023-02-21
14229,TikTok,418.36,221,2023-12-12
14230,Facebook,1152.34,430,2024-07-21
14231,TikTok,3335.6,192,2024-01-02
14232,Email,2161.14,80,2023-03-22
14233,Instagram,3046.59,362,2023-01-09
14234,Facebook,906.65,99,2023-11-15
14235,Facebook,3064.07,416,2024-09-01
14236,TikTok,250.11,89,2023-11-10
14237,Facebook,332.03,470,2024-06-23
14238,Facebook,4468.82,373,2023-01-18
14239,Facebook,2700.56,315,2023-06-28
14240,Facebook,1801.43,271,2023-09-19
14241,Google,4749.39,479,2023-05-07
14242,Instagram,2989.94,113,2023-05-11
14243,TikTok,2286.62,314,2023-04-11
14244,TikTok,2599.82,137,2024-03-24
14245,Facebook,2938.35,153,2024-09-01
14246,Google,1463.52,218,2023-05-22
14247,Email,3296.38,85,2023-08-21
14248,Facebook,448.62,20,2024-11-23
14249,Instagram,4967.61,12,2023-04-09
14250,Google,490.63,373,2024-08-26
14251,TikTok,4679.88,77,2023-03-01
14252,Google,4599.06,458,2024-02-12
14253,Facebook,2274.09,44,2023-09-21
14254,Email,3766.85,46,2024-01-19
14255,Google,2894.52,107,2023-04-02
14256,Google,3269.46,499,2024-05-01
14257,TikTok,3682.51,123,2023-07-18
14258,Facebook,4003.91,166,2024-07-01
14259,Instagram,1568.6,39,2023-04-16
14260,Google,2544.17,39,2024-03-25
14261,TikTok,2323.95,292,2023-05-16
14262,Google,1310.94,187,2023-07-30
14263,TikTok,4004.17,433,2023-05-24
14264,Email,619.73,240,2023-05-19
14265,TikTok,4762.8,415,2024-03-17
14266,Facebook,3239.72,263,2023-07-05
14267,Instagram,621.39,220,2024-01-25
14268,Instagram,1220.1,381,2023-09-03
14269,Instagram,2859.45,382,2023-12-22
14270,Facebook,4802.73,186,2023-10-08
14271,Instagram,600.75,394,2024-05-28
14272,Google,1262.47,204,2023-05-01
14273,Email,1617.75,10,2024-04-13
14274,TikTok,4585.51,389,2023-08-15
14275,Google,642.76,452,2024-03-24
14276,TikTok,3039.74,9,2024-05-30
14277,TikTok,4069.89,287,2023-09-02
14278,TikTok,4368.81,304,2023-08-09
14279,Facebook,2997.48,482,2024-08-25
14280,Facebook,4809.78,138,2023-04-23
14281,Instagram,3006.61,136,2023-01-12
14282,Email,4596.26,445,2023-10-04
14283,Facebook,528.55,85,2023-12-18
14284,Email,4602.46,72,2024-02-26
14285,Email,1298.83,85,2023-03-05
14286,Google,2769.21,338,2023-02-26
14287,Google,4638.26,237,2023-05-06
14288,Instagram,3130.07,432,2024-04-21
14289,Instagram,798.55,416,2024-08-04
14290,TikTok,3011.1,221,2024-01-25
14291,Instagram,2965.18,77,2023-01-25
14292,Facebook,2565.85,446,2024-06-01
14293,Email,3670.55,112,2023-10-17
14294,TikTok,863.01,126,2024-11-16
14295,Google,3091.37,37,2024-05-02
14296,Email,469.44,343,2024-11-03
14297,Email,678.0,229,2023-12-09
14298,Google,3567.15,127,2023-05-21
14299,Facebook,1625.29,347,2024-05-04
14300,Google,2625.04,109,2023-02-03
14301,Email,2953.68,163,2023-01-12
14302,Email,2540.17,388,2023-07-25
14303,Email,1552.07,386,2024-09-10
14304,TikTok,1399.83,66,2024-04-19
14305,Instagram,3298.1,478,2023-12-17
14306,Google,4058.21,446,2023-05-08
14307,TikTok,1798.37,417,2024-02-04
14308,Facebook,4358.24,96,2023-10-23
14309,Instagram,2223.25,326,2023-04-01
14310,Instagram,4026.06,155,2024-07-31
14311,TikTok,2277.93,260,2023-04-17
14312,Facebook,1201.11,485,2024-03-28
14313,Instagram,3485.49,450,2024-05-14
14314,Facebook,4700.04,371,2024-01-10
14315,Email,905.36,73,2024-05-04
14316,Email,4499.66,311,2023-05-28
14317,Facebook,2430.12,285,2024-11-26
14318,TikTok,1474.55,299,2024-10-10
14319,Google,4909.9,247,2023-01-09
14320,Instagram,4238.26,434,2024-07-16
14321,Google,3330.0,194,2024-06-06
14322,TikTok,2388.61,409,2024-01-11
14323,Facebook,291.21,212,2023-04-02
14324,Google,3477.74,319,2023-02-18
14325,TikTok,1587.74,163,2023-03-21
14326,TikTok,3684.39,57,2023-11-02
14327,Instagram,4178.33,279,2024-05-27
14328,TikTok,1962.85,80,2024-08-05
14329,Facebook,361.92,236,2023-04-03
14330,Facebook,1179.65,400,2023-09-05
14331,Instagram,3156.7,384,2023-12-11
14332,Google,623.52,101,2023-03-03
14333,Email,1820.03,5,2024-05-22
14334,Instagram,1766.96,471,2023-05-19
14335,Google,1994.27,392,2023-07-11
14336,Email,3151.17,282,2023-06-02
14337,Facebook,3643.85,442,2023-12-28
14338,Google,298.09,182,2024-10-16
14339,Facebook,3459.11,350,2024-09-21
14340,Instagram,213.27,76,2023-03-07
14341,Facebook,4192.12,79,2023-04-01
14342,Email,3321.73,60,2023-03-17
14343,Facebook,361.53,259,2024-09-13
14344,Instagram,2327.19,218,2024-05-23
14345,Facebook,1788.63,234,2023-12-04
14346,Instagram,4543.8,130,2023-04-22
14347,Email,2878.87,373,2024-01-25
14348,TikTok,1639.91,55,2023-06-25
14349,Instagram,4017.58,212,2023-12-22
14350,Facebook,2718.43,314,2024-01-18
14351,Google,201.3,271,2024-08-25
14352,Email,470.93,332,2023-08-13
14353,Google,1410.43,131,2023-02-19
14354,Instagram,3310.0,408,2023-04-02
14355,TikTok,1435.93,422,2023-08-08
14356,Email,3109.11,267,2024-06-07
14357,Email,3238.37,275,2023-03-14
14358,Google,1269.96,311,2023-01-27
14359,TikTok,3329.57,230,2023-12-30
14360,Instagram,949.56,53,2023-11-13
14361,Facebook,4777.7,489,2024-04-21
14362,Facebook,4583.49,429,2024-08-27
14363,Facebook,1456.24,324,2023-09-03
14364,Email,1268.65,443,2023-08-30
14365,Facebook,2302.71,64,2023-08-12
14366,TikTok,4331.79,455,2023-08-25
14367,Email,2609.27,211,2024-02-28
14368,Google,2093.92,3,2023-12-02
14369,TikTok,753.82,267,2024-05-19
14370,Google,125.55,294,2023-08-05
14371,Email,792.63,373,2023-10-10
14372,Facebook,4413.69,314,2024-10-14
14373,Instagram,359.62,36,2024-01-05
14374,TikTok,458.72,67,2024-11-10
14375,TikTok,2580.74,29,2024-04-29
14376,Instagram,1988.95,470,2023-11-14
14377,Facebook,1272.07,146,2023-12-01
14378,TikTok,1635.31,165,2024-10-06
14379,Instagram,719.15,100,2024-11-06
14380,Email,2516.17,90,2024-01-14
14381,TikTok,3183.83,155,2024-06-10
14382,Facebook,2331.03,288,2024-08-28
14383,Facebook,2292.97,231,2024-06-23
14384,Facebook,1283.19,214,2024-10-30
14385,Instagram,4627.15,186,2024-10-26
14386,Email,2397.11,200,2023-06-16
14387,Google,796.03,227,2023-10-23
14388,TikTok,4321.53,440,2024-01-04
14389,Facebook,2299.8,141,2023-12-30
14390,TikTok,1235.63,78,2023-07-03
14391,Email,2442.34,427,2023-08-21
14392,TikTok,1987.58,118,2024-11-12
14393,Facebook,1405.39,218,2023-07-06
14394,Facebook,1415.38,283,2023-09-19
14395,Facebook,3962.46,231,2023-11-14
14396,Email,1557.7,271,2023-02-20
14397,Google,1028.43,462,2024-01-27
14398,Email,2820.18,255,2023-01-26
14399,Facebook,1501.89,348,2023-10-05
14400,Email,210.42,361,2023-03-21
14401,Google,979.49,70,2023-02-20
14402,TikTok,4961.07,102,2024-05-22
14403,TikTok,2522.35,415,2023-04-30
14404,Instagram,2272.02,484,2024-10-21
14405,TikTok,859.12,304,2024-09-01
14406,TikTok,3317.38,294,2024-07-28
14407,Facebook,3296.25,37,2024-09-10
14408,Instagram,3024.21,246,2023-02-18
14409,Instagram,1070.37,15,2023-01-20
14410,Email,774.09,424,2024-03-30
14411,Google,4335.74,41,2024-08-12
14412,Instagram,678.09,309,2024-06-19
14413,TikTok,511.5,20,2023-10-22
14414,TikTok,4093.89,20,2024-02-29
14415,Instagram,4828.14,492,2024-01-14
14416,TikTok,2511.2,441,2023-10-12
14417,TikTok,3062.52,493,2024-06-16
14418,Instagram,1641.51,308,2024-09-17
14419,Email,1857.24,29,2023-01-17
14420,Email,3316.49,240,2023-02-06
14421,TikTok,171.64,322,2023-11-14
14422,Facebook,1324.05,373,2023-04-16
14423,Facebook,1758.06,8,2024-11-05
14424,Email,4317.41,99,2023-01-23
14425,TikTok,2983.63,231,2024-11-27
14426,Google,2349.24,294,2023-01-31
14427,Facebook,1834.57,407,2023-03-19
14428,Facebook,1258.45,129,2024-05-07
14429,Facebook,4830.87,249,2023-07-22
14430,Facebook,2422.78,115,2023-01-21
14431,Instagram,2996.07,253,2023-04-21
14432,Email,3939.01,6,2024-11-18
14433,TikTok,3500.61,253,2024-10-21
14434,Google,4165.48,333,2023-03-12
14435,Instagram,3792.2,72,2023-10-06
14436,Facebook,4277.22,288,2024-01-03
14437,Google,2082.93,20,2023-05-30
14438,Facebook,577.64,230,2024-08-15
14439,TikTok,4018.42,365,2023-08-28
14440,Email,679.76,107,2023-05-15
14441,Google,2958.14,247,2023-10-18
14442,Email,2041.62,236,2023-12-31
14443,Google,3500.45,133,2023-09-18
14444,Instagram,1226.17,246,2023-07-08
14445,Instagram,3443.67,358,2024-11-30
14446,Google,3657.22,337,2024-03-29
14447,Google,2589.33,1,2024-01-22
14448,Facebook,3384.42,422,2024-07-24
14449,Instagram,3239.55,445,2023-11-11
14450,Instagram,4667.26,63,2023-12-20
14451,Google,3274.17,357,2023-12-30
14452,Facebook,1484.2,404,2023-07-11
14453,Instagram,1094.85,492,2023-01-24
14454,Google,2581.99,481,2024-07-01
14455,Google,4520.26,252,2024-02-11
14456,Google,3370.76,21,2024-04-10
14457,Google,644.53,5,2024-05-27
14458,Facebook,1569.8,283,2023-12-30
14459,Facebook,3737.49,168,2024-10-23
14460,Facebook,3367.94,487,2024-05-19
14461,Instagram,4968.06,238,2024-10-10
14462,TikTok,3765.53,241,2023-10-12
14463,Email,4418.42,354,2024-08-19
14464,Email,992.01,24,2023-03-23
14465,TikTok,3496.36,215,2023-08-22
14466,TikTok,4824.35,38,2023-01-26
14467,TikTok,2661.03,316,2024-08-12
14468,Instagram,2747.08,220,2023-09-17
14469,Google,2934.33,459,2023-12-19
14470,Instagram,4305.0,393,2024-11-14
14471,Facebook,2964.26,100,2023-07-23
14472,Instagram,1421.63,34,2024-06-12
14473,Google,4789.01,16,2023-05-23
14474,Instagram,484.93,100,2024-06-26
14475,Google,2788.12,257,2024-09-23
14476,Google,1923.14,55,2024-06-17
14477,Instagram,4323.83,0,2024-07-24
14478,Google,4970.36,90,2023-01-03
14479,Email,3687.53,472,2024-08-16
14480,TikTok,119.24,211,2023-08-19
14481,Google,2469.12,286,2023-10-10
14482,Google,3625.43,485,2024-07-16
14483,Email,4142.16,62,2024-01-01
14484,TikTok,200.12,21,2024-10-24
14485,Email,463.12,270,2023-09-20
14486,Email,3429.5,241,2023-10-18
14487,TikTok,3566.66,289,2023-10-18
14488,TikTok,2737.17,268,2023-06-27
14489,Google,2236.9,282,2024-01-05
14490,TikTok,539.14,184,2023-02-26
14491,Email,4824.35,477,2024-09-26
14492,Facebook,3210.29,291,2023-05-17
14493,TikTok,209.6,109,2024-11-05
14494,Email,4421.81,89,2023-04-09
14495,Instagram,1683.64,496,2024-03-12
14496,Email,2742.6,281,2024-03-22
14497,TikTok,1386.87,264,2023-08-11
14498,TikTok,2225.19,193,2024-11-15
14499,Email,4021.11,384,2023-01-13
14500,Instagram,4098.79,466,2023-11-17
14501,Facebook,3731.49,38,2023-10-14
14502,TikTok,2163.18,141,2023-08-23
14503,TikTok,1480.87,273,2024-07-26
14504,Email,637.03,406,2024-03-24
14505,Email,1937.76,473,2023-04-11
14506,Instagram,4047.63,7,2023-11-10
14507,Instagram,102.63,140,2023-04-18
14508,Google,913.72,470,2024-09-12
14509,Facebook,687.87,423,2024-10-13
14510,Instagram,352.44,102,2023-06-20
14511,Email,4572.35,32,2023-01-16
14512,Facebook,2644.08,90,2023-07-12
14513,Email,3543.64,409,2024-07-26
14514,Email,2486.05,242,2024-05-06
14515,Facebook,728.4,317,2024-03-20
14516,Email,470.36,450,2023-12-02
14517,Facebook,2843.52,339,2024-05-26
14518,Google,2013.89,164,2023-08-21
14519,Google,3268.36,260,2024-02-06
14520,Instagram,713.26,190,2024-11-25
14521,Instagram,1876.12,428,2024-11-25
14522,Email,3521.4,53,2024-01-06
14523,Email,3357.02,346,2024-08-06
14524,Email,4523.99,353,2024-07-07
14525,Email,4034.17,347,2024-04-18
14526,Google,1388.45,93,2023-03-16
14527,Google,4630.11,428,2023-12-22
14528,Google,3044.74,459,2024-10-19
14529,Google,475.39,332,2024-10-27
14530,Instagram,1292.85,262,2024-11-05
14531,Google,4759.75,324,2024-05-25
14532,Facebook,4581.03,282,2023-12-21
14533,Instagram,513.11,414,2024-06-27
14534,Email,2546.03,119,2024-06-01
14535,Instagram,105.99,485,2023-03-17
14536,Google,2403.29,258,2023-09-20
14537,TikTok,3745.45,403,2024-08-21
14538,Email,262.77,473,2023-04-23
14539,Instagram,2821.72,408,2024-08-21
14540,Instagram,4785.82,75,2023-06-25
14541,Facebook,1364.42,26,2024-09-01
14542,Google,2017.81,25,2024-05-17
14543,Instagram,4457.99,296,2024-11-04
14544,Email,2163.02,388,2024-03-30
14545,Email,3505.06,201,2023-01-19
14546,Google,2519.47,495,2023-04-05
14547,TikTok,1466.56,125,2023-11-18
14548,Instagram,2469.93,122,2024-02-16
14549,TikTok,715.37,340,2024-01-31
14550,Email,208.53,124,2024-07-25
14551,Facebook,60.78,71,2023-12-16
14552,Email,3079.39,219,2024-07-17
14553,TikTok,2294.57,247,2023-10-16
14554,Instagram,2708.71,57,2023-04-04
14555,Facebook,1892.28,495,2023-04-12
14556,Google,1653.96,222,2024-07-31
14557,Email,3611.46,131,2023-03-17
14558,Facebook,3522.23,495,2024-07-06
14559,Instagram,3562.15,436,2023-11-18
14560,Email,245.75,280,2023-08-16
14561,TikTok,4113.75,359,2023-04-04
14562,Email,1671.87,339,2023-06-30
14563,TikTok,1172.95,414,2023-01-26
14564,Instagram,4378.18,481,2024-08-19
14565,Instagram,4909.77,197,2023-07-06
14566,Google,4720.61,91,2023-05-20
14567,TikTok,3873.4,282,2024-10-18
14568,Email,4901.52,104,2023-12-28
14569,TikTok,3542.86,313,2024-01-19
14570,TikTok,1065.52,318,2023-03-14
14571,Facebook,2123.64,470,2024-06-04
14572,Facebook,941.26,26,2024-08-20
14573,Email,4117.48,271,2024-04-14
14574,TikTok,2516.63,363,2024-04-27
14575,Google,239.26,96,2024-04-16
14576,Email,389.57,278,2023-10-21
14577,Email,560.95,471,2024-04-21
14578,Google,4464.0,161,2023-09-28
14579,TikTok,2605.83,439,2024-01-14
14580,Instagram,754.08,156,2024-10-15
14581,Instagram,3376.07,233,2023-12-05
14582,Instagram,1043.67,196,2023-11-20
14583,Google,1448.96,54,2023-11-27
14584,Email,3987.63,93,2024-03-07
14585,Email,2333.96,422,2024-08-10
14586,TikTok,4973.9,347,2024-05-10
14587,Instagram,4564.62,105,2024-10-20
14588,TikTok,2418.33,212,2024-01-06
14589,Instagram,2868.28,235,2023-04-01
14590,Facebook,3811.71,212,2023-04-20
14591,Instagram,3127.1,421,2023-02-17
14592,Facebook,1814.23,216,2024-06-20
14593,Google,3115.42,424,2023-05-27
14594,Instagram,4497.86,90,2023-01-15
14595,Facebook,2054.85,163,2023-12-17
14596,Google,4963.06,67,2023-06-17
14597,Google,171.48,367,2023-07-18
14598,Email,3953.85,174,2023-06-25
14599,Google,1855.78,116,2023-06-03
14600,Facebook,1768.15,63,2023-04-25
14601,Instagram,3287.56,435,2023-07-27
14602,Facebook,1506.61,23,2024-07-10
14603,Facebook,4051.21,363,2023-08-22
14604,Facebook,1514.24,26,2024-09-14
14605,Instagram,4281.61,4,2023-05-11
14606,Facebook,3731.21,148,2024-03-20
14607,TikTok,448.06,415,2023-01-27
14608,Instagram,1274.66,424,2023-10-22
14609,Email,3220.77,327,2024-07-10
14610,Email,802.45,220,2023-02-14
14611,Facebook,681.31,329,2024-10-20
14612,Email,3458.87,32,2024-02-07
14613,TikTok,1153.02,55,2023-09-24
14614,Google,4051.21,209,2023-07-20
14615,Facebook,191.99,329,2024-10-10
14616,Email,3681.06,469,2024-08-14
14617,TikTok,2193.65,187,2023-07-24
14618,TikTok,1446.73,363,2023-10-02
14619,TikTok,4086.86,257,2023-10-03
14620,Facebook,2773.76,123,2024-05-03
14621,Facebook,183.31,268,2024-02-09
14622,Facebook,3093.63,254,2023-11-15
14623,Facebook,3100.02,168,2023-07-15
14624,Email,2317.94,150,2024-04-09
14625,TikTok,4083.26,160,2023-09-03
14626,Google,4484.84,164,2023-12-20
14627,TikTok,714.07,22,2023-07-14
14628,Facebook,4764.39,492,2023-05-19
14629,TikTok,2134.9,265,2023-03-23
14630,Instagram,3754.06,111,2024-02-13
14631,TikTok,1535.2,307,2023-01-29
14632,Google,4489.0,50,2023-09-23
14633,Facebook,2036.16,228,2023-06-26
14634,Email,4033.12,39,2023-11-22
14635,Facebook,582.67,378,2023-02-24
14636,Facebook,3288.09,285,2023-06-16
14637,Instagram,1774.29,158,2023-02-05
14638,Email,1743.53,455,2024-09-19
14639,Instagram,2653.32,20,2023-10-25
14640,Google,1238.55,149,2023-07-09
14641,TikTok,4519.55,481,2024-04-03
14642,Facebook,1034.07,372,2024-11-29
14643,Email,3623.12,233,2024-09-08
14644,TikTok,3108.94,417,2024-01-08
14645,TikTok,1397.37,158,2023-01-09
14646,Instagram,4868.49,430,2023-06-25
14647,Facebook,4716.3,228,2024-10-21
14648,TikTok,2442.49,343,2024-07-25
14649,Facebook,560.24,54,2024-05-29
14650,Instagram,2324.5,366,2023-02-18
14651,Email,3286.85,232,2023-06-28
14652,Instagram,3235.64,9,2023-03-22
14653,Google,3488.21,132,2024-03-19
14654,Email,3153.1,99,2023-03-27
14655,Google,4415.84,77,2024-03-28
14656,Instagram,959.67,236,2024-10-22
14657,Facebook,1387.67,192,2024-08-24
14658,Facebook,2013.24,133,2024-06-19
14659,Instagram,3271.41,278,2023-07-16
14660,Google,776.7,431,2023-06-29
14661,Facebook,4788.19,321,2024-03-20
14662,Instagram,2474.25,122,2023-12-04
14663,Google,2751.64,38,2023-04-21
14664,Google,3740.98,478,2024-05-21
14665,Facebook,3087.89,121,2024-09-08
14666,Instagram,1408.85,56,2024-09-22
14667,Google,1122.45,112,2024-02-14
14668,TikTok,3604.04,182,2024-01-15
14669,Google,2095.02,298,2023-04-28
14670,TikTok,4588.36,296,2024-01-26
14671,TikTok,2077.6,261,2024-03-11
14672,Instagram,3813.4,72,2024-03-26
14673,Email,3074.17,337,2024-01-26
14674,Instagram,1526.99,421,2024-08-18
14675,Google,2621.34,464,2023-03-05
14676,Google,882.91,384,2023-01-16
14677,Instagram,4242.44,153,2023-09-10
14678,TikTok,4782.38,34,2023-10-09
14679,Instagram,4613.76,420,2024-01-18
14680,Facebook,255.05,394,2024-05-09
14681,Email,2654.78,151,2024-07-22
14682,Google,1449.19,304,2024-03-14
14683,Google,698.63,437,2023-06-10
14684,Email,3702.37,253,2024-08-17
14685,Facebook,4661.76,106,2024-02-20
14686,Facebook,4580.86,22,2024-01-27
14687,Google,4585.66,373,2023-01-11
14688,Facebook,853.39,141,2024-01-11
14689,Instagram,2973.82,79,2023-10-06
14690,Instagram,2751.95,361,2023-12-20
14691,TikTok,3539.36,81,2023-08-27
14692,Google,3844.93,317,2024-01-14
14693,Google,4533.85,223,2023-06-09
14694,Instagram,3511.79,54,2023-04-09
14695,Instagram,4882.57,44,2024-02-01
14696,Instagram,815.46,60,2023-08-20
14697,Facebook,326.53,472,2023-01-02
14698,Google,3601.88,87,2023-07-07
14699,TikTok,2813.8,398,2024-02-18
14700,Google,1712.39,219,2024-10-24
14701,Instagram,2168.18,439,2024-02-06
14702,Facebook,1421.53,208,2023-11-17
14703,Instagram,1701.06,288,2023-08-27
14704,Instagram,962.72,493,2023-11-27
14705,Facebook,3035.39,29,2023-03-28
14706,Facebook,801.36,434,2024-06-13
14707,Google,1422.05,340,2024-02-20
14708,Facebook,2141.89,352,2023-10-29
14709,Facebook,4092.55,372,2023-10-08
14710,Facebook,1425.45,62,2023-04-04
14711,Facebook,2553.07,7,2024-03-22
14712,Instagram,138.06,481,2024-01-14
14713,Instagram,3924.03,330,2024-01-25
14714,Instagram,3534.3,115,2023-01-02
14715,TikTok,530.76,149,2024-01-04
14716,TikTok,2903.11,405,2023-12-16
14717,Google,1765.88,148,2023-04-06
14718,Email,658.81,111,2023-02-28
14719,Facebook,2409.96,276,2023-04-04
14720,Instagram,583.57,120,2023-05-15
14721,Instagram,1306.68,180,2023-09-18
14722,Google,2655.08,27,2023-07-22
14723,Email,3021.72,180,2023-02-02
14724,Google,3133.43,221,2023-08-28
14725,TikTok,3763.53,312,2023-04-12
14726,Facebook,1970.72,435,2023-06-11
14727,Facebook,3531.59,329,2023-11-20
14728,Facebook,621.29,15,2023-07-24
14729,Facebook,1568.1,466,2024-02-17
14730,Email,103.11,81,2024-03-01
14731,Email,4252.32,430,2024-07-11
14732,Google,4428.93,64,2023-07-09
14733,Facebook,4937.69,196,2023-07-04
14734,Email,416.95,324,2023-04-18
14735,Google,4760.38,304,2023-08-04
14736,Google,2137.18,173,2024-04-14
14737,Instagram,914.19,88,2023-11-20
14738,Instagram,782.01,362,2024-03-14
14739,Email,2537.27,22,2023-11-27
14740,Email,4683.32,493,2023-01-09
14741,Instagram,1076.81,464,2024-05-31
14742,Instagram,3200.87,21,2024-05-12
14743,Google,960.27,387,2023-05-12
14744,TikTok,1532.48,16,2023-09-26
14745,Google,786.66,310,2023-08-12
14746,TikTok,2691.01,29,2024-03-22
14747,Instagram,4558.44,428,2023-01-23
14748,Facebook,802.19,125,2024-05-22
14749,Instagram,1957.9,114,2024-11-24
14750,Instagram,3459.08,464,2023-07-04
14751,TikTok,4834.29,284,2024-01-21
14752,Email,3873.61,136,2023-11-23
14753,Instagram,282.42,29,2023-06-28
14754,Email,1608.24,170,2024-04-18
14755,Instagram,1481.34,0,2023-06-18
14756,Email,2319.5,18,2023-07-16
14757,TikTok,3507.0,339,2024-11-10
14758,Email,4424.09,214,2024-02-12
14759,Email,4231.18,212,2024-09-13
14760,Google,4251.61,264,2023-11-01
14761,Instagram,1810.88,324,2024-09-20
14762,TikTok,1589.44,77,2024-03-26
14763,Facebook,2764.62,434,2023-01-24
14764,Facebook,3094.52,446,2023-09-09
14765,Instagram,3812.36,272,2023-02-11
14766,TikTok,3344.81,136,2023-11-14
14767,Facebook,1613.13,250,2023-10-28
14768,Google,1494.94,477,2024-09-14
14769,Email,162.73,121,2023-10-31
14770,TikTok,2130.39,374,2024-06-04
14771,Facebook,4302.55,473,2023-12-25
14772,Facebook,2680.25,481,2023-06-14
14773,Email,3311.7,382,2024-06-09
14774,Google,960.94,106,2023-11-01
14775,Instagram,3269.53,445,2024-05-28
14776,Instagram,797.3,161,2024-02-02
14777,Facebook,4623.6,297,2023-03-16
14778,Email,3114.1,403,2024-07-17
14779,Google,2004.55,201,2023-07-03
14780,Facebook,740.57,485,2023-06-06
14781,Google,3802.1,344,2024-08-25
14782,Instagram,884.28,144,2023-06-16
14783,Google,226.8,418,2023-10-18
14784,TikTok,597.56,426,2024-08-20
14785,Instagram,745.87,222,2023-09-23
14786,TikTok,271.41,382,2024-07-15
14787,Google,571.11,108,2023-03-14
14788,TikTok,2579.14,438,2024-01-15
14789,Instagram,2238.01,24,2023-09-22
14790,Google,4161.13,349,2023-04-26
14791,Email,731.89,187,2023-02-12
14792,Google,243.59,167,2023-07-25
14793,Google,1793.19,81,2023-01-25
14794,Instagram,4891.82,362,2023-12-13
14795,TikTok,1149.67,18,2024-08-25
14796,Facebook,4510.3,455,2024-04-06
14797,TikTok,762.1,14,2024-10-07
14798,Google,4775.71,148,2023-08-26
14799,Email,4858.23,474,2023-01-03
14800,TikTok,4175.85,403,2023-03-18
14801,Google,4602.27,35,2024-09-04
14802,Email,1440.66,495,2023-03-14
14803,TikTok,3840.83,333,2024-07-05
14804,TikTok,3934.03,66,2023-08-02
14805,Email,3614.0,422,2024-10-12
14806,Facebook,3989.55,452,2023-05-28
14807,Facebook,2582.15,255,2023-09-25
14808,TikTok,2137.44,261,2024-06-07
14809,Email,3483.23,221,2023-09-14
14810,Google,3891.02,139,2024-05-29
14811,Google,4388.54,47,2024-01-29
14812,Facebook,403.57,358,2023-03-17
14813,Instagram,154.03,348,2024-09-22
14814,Google,221.67,146,2024-02-02
14815,Facebook,3032.78,293,2024-02-14
14816,Instagram,3025.04,142,2024-10-21
14817,Instagram,3022.34,448,2023-11-20
14818,Email,2281.13,181,2024-10-12
14819,Instagram,765.73,487,2024-08-15
14820,Instagram,1184.26,285,2023-07-07
14821,Instagram,3285.22,129,2023-01-12
14822,Email,3988.96,100,2024-03-12
14823,TikTok,4613.83,39,2024-05-21
14824,Email,3591.87,49,2023-08-20
14825,Email,1709.58,336,2024-05-04
14826,Email,4844.69,393,2024-08-08
14827,TikTok,1504.61,194,2023-12-10
14828,Instagram,2367.89,175,2023-05-25
14829,Email,3770.59,29,2023-04-18
14830,Email,4856.16,443,2024-06-11
14831,Google,138.32,71,2024-09-16
14832,Instagram,245.06,246,2024-02-14
14833,Facebook,1551.49,455,2023-09-15
14834,Google,2972.58,479,2024-06-13
14835,Google,2675.57,400,2023-11-16
14836,Facebook,620.15,130,2024-09-24
14837,Instagram,1722.63,474,2024-09-19
14838,Google,3261.71,141,2024-06-20
14839,Google,1200.73,327,2024-03-07
14840,Google,1605.84,20,2023-05-03
14841,Facebook,4509.07,242,2024-11-12
14842,Facebook,1628.47,312,2023-04-24
14843,TikTok,847.66,180,2023-01-11
14844,Instagram,2433.95,198,2023-02-15
14845,Email,2626.48,215,2024-05-14
14846,Google,2915.92,119,2023-09-16
14847,Instagram,2264.53,445,2023-09-15
14848,TikTok,4367.37,229,2024-02-19
14849,Google,4750.38,473,2024-03-24
14850,Instagram,408.67,349,2024-04-10
14851,Google,1753.2,443,2024-03-18
14852,TikTok,3060.33,90,2023-08-11
14853,Instagram,3370.07,299,2024-02-20
14854,TikTok,4259.83,463,2024-07-21
14855,Google,2775.84,158,2023-01-26
14856,Email,3468.43,327,2024-09-07
14857,Facebook,3438.79,262,2024-01-27
14858,Facebook,2765.42,113,2023-05-23
14859,Facebook,4309.35,339,2023-11-01
14860,Email,2726.56,231,2024-06-25
14861,Facebook,889.53,318,2023-12-14
14862,Instagram,348.22,408,2023-10-21
14863,Facebook,1549.16,476,2023-05-11
14864,Instagram,219.15,225,2024-10-22
14865,Instagram,4078.69,44,2024-10-19
14866,TikTok,3193.38,371,2023-09-02
14867,TikTok,4985.02,481,2024-02-29
14868,Instagram,3931.47,60,2023-05-13
14869,Google,1262.49,451,2023-05-15
14870,Facebook,1017.42,485,2023-01-05
14871,Instagram,3769.87,206,2024-04-12
14872,Facebook,3035.33,268,2023-11-22
14873,Facebook,3577.43,363,2023-01-28
14874,Email,3265.02,139,2024-07-20
14875,Instagram,4158.79,240,2023-09-16
14876,TikTok,4349.06,296,2023-06-01
14877,TikTok,595.84,166,2023-01-22
14878,TikTok,3699.02,270,2024-08-18
14879,Email,2546.61,132,2024-10-05
14880,TikTok,1609.91,389,2024-05-25
14881,TikTok,4619.08,191,2023-06-09
14882,TikTok,2493.45,479,2024-11-25
14883,TikTok,1145.32,13,2024-10-29
14884,Facebook,678.4,176,2024-11-14
14885,TikTok,3499.65,34,2023-07-08
14886,Instagram,3235.51,491,2023-01-18
14887,Facebook,443.54,261,2023-09-01
14888,Instagram,2942.66,222,2023-04-02
14889,TikTok,390.95,294,2024-04-23
14890,Facebook,2631.58,247,2024-03-03
14891,Email,3475.68,485,2024-02-25
14892,TikTok,3786.85,34,2023-04-27
14893,Google,2687.92,394,2023-06-01
14894,Facebook,2380.1,320,2023-12-17
14895,Facebook,1364.24,214,2024-04-03
14896,Instagram,1688.16,116,2023-01-27
14897,TikTok,2654.94,158,2023-12-04
14898,Instagram,203.47,315,2023-07-12
14899,Facebook,3759.03,67,2024-05-03
14900,TikTok,1342.74,32,2024-09-20
14901,Instagram,4570.56,340,2023-07-28
14902,Instagram,1524.55,423,2024-01-26
14903,Instagram,1313.44,325,2023-06-01
14904,Email,1470.58,475,2024-11-08
14905,Google,903.15,116,2023-02-10
14906,Instagram,368.73,96,2024-04-27
14907,TikTok,1285.69,375,2024-01-05
14908,TikTok,3234.42,265,2024-06-23
14909,Facebook,3962.4,269,2024-04-21
14910,Facebook,441.0,380,2023-08-18
14911,Facebook,1668.91,53,2024-08-29
14912,Facebook,4413.84,91,2024-06-29
14913,TikTok,1621.22,270,2023-10-22
14914,Google,888.05,239,2024-10-06
14915,Google,3207.82,101,2024-04-29
14916,Facebook,1614.67,254,2023-12-19
14917,Instagram,1584.9,326,2024-06-05
14918,Google,3459.74,80,2023-05-01
14919,Google,4715.64,336,2023-07-30
14920,Instagram,2790.91,460,2024-04-21
14921,TikTok,625.94,216,2024-05-30
14922,Google,2504.21,320,2023-04-08
14923,Google,4189.92,464,2024-07-12
14924,TikTok,1766.34,156,2023-01-13
14925,Google,4239.07,137,2024-10-03
14926,Email,4594.49,397,2024-11-24
14927,Instagram,4976.52,366,2023-11-07
14928,Google,149.84,250,2023-05-12
14929,Email,3832.77,298,2024-09-02
14930,Facebook,648.62,437,2023-02-10
14931,Email,3132.91,376,2023-07-24
14932,Email,4783.27,458,2024-10-21
14933,Facebook,699.01,378,2024-07-20
14934,Instagram,1903.77,1,2023-05-18
14935,Instagram,2044.17,396,2023-05-17
14936,Email,3289.37,85,2024-08-28
14937,Google,4019.0,296,2024-08-24
14938,Instagram,3630.78,64,2023-04-08
14939,TikTok,4858.33,20,2024-10-26
14940,Email,1522.97,201,2024-02-14
14941,Email,4112.4,323,2024-03-01
14942,TikTok,2996.39,68,2024-11-02
14943,TikTok,4306.16,461,2024-06-15
14944,Email,1519.61,191,2024-06-30
14945,TikTok,2428.75,409,2024-11-23
14946,Facebook,136.99,112,2024-06-28
14947,Facebook,3761.07,51,2023-02-02
14948,Instagram,4985.98,154,2024-02-17
14949,Instagram,955.58,326,2023-05-25
14950,TikTok,63.13,410,2023-07-27
14951,Email,2618.47,403,2023-03-16
14952,Email,1372.94,362,2023-05-11
14953,Instagram,2703.72,191,2024-10-11
14954,Email,4969.24,380,2023-04-09
14955,Email,2697.55,300,2023-02-26
14956,Facebook,4976.58,457,2024-10-17
14957,TikTok,4357.27,389,2024-11-07
14958,Email,514.54,83,2024-06-04
14959,TikTok,3199.72,280,2023-07-02
14960,Facebook,1934.04,138,2023-09-21
14961,TikTok,1043.16,78,2024-04-13
14962,TikTok,2361.47,136,2024-08-23
14963,Google,4094.8,472,2023-09-30
14964,Instagram,1187.7,130,2023-02-20
14965,Google,2288.94,205,2024-01-21
14966,Email,1234.1,372,2024-10-30
14967,Instagram,446.22,289,2024-07-20
14968,Facebook,1294.04,75,2024-04-23
14969,Facebook,248.04,101,2023-03-28
14970,Facebook,3137.98,192,2024-06-07
14971,Facebook,2633.05,374,2023-04-22
14972,Instagram,337.78,147,2024-05-17
14973,Email,2332.77,124,2024-04-17
14974,Email,3342.07,352,2023-11-08
14975,TikTok,84.2,281,2023-08-04
14976,Facebook,2218.92,198,2023-11-28
14977,TikTok,2483.97,73,2023-01-21
14978,Email,3643.7,92,2024-10-24
14979,Instagram,3668.4,71,2024-01-05
14980,TikTok,4310.68,167,2024-02-02
14981,Instagram,4268.9,406,2023-12-22
14982,Google,2398.83,70,2023-12-22
14983,Facebook,2403.8,49,2023-09-05
14984,Instagram,4104.52,144,2024-07-31
14985,TikTok,2208.09,393,2024-07-15
14986,Facebook,4823.64,169,2024-01-03
14987,TikTok,2039.59,372,2023-06-29
14988,Google,1455.4,393,2024-03-01
14989,Facebook,2607.19,71,2023-08-23
14990,Google,3285.68,310,2024-09-16
14991,Instagram,4764.9,263,2024-09-11
14992,Google,4787.36,287,2023-03-15
14993,Facebook,1038.52,78,2024-09-17
14994,TikTok,3837.94,205,2024-08-13
14995,Instagram,1215.05,167,2023-12-24
14996,Email,925.11,478,2024-11-09
14997,TikTok,1463.54,435,2023-01-14
14998,Facebook,4417.3,406,2024-03-13
14999,Email,2391.49,275,2023-07-23
15000,TikTok,3409.5,316,2023-09-05
15001,Instagram,4281.12,476,2023-04-14
15002,Facebook,930.35,107,2023-06-18
15003,Facebook,282.73,248,2024-07-12
15004,Instagram,3031.43,469,2024-01-25
15005,TikTok,944.95,268,2023-08-10
15006,Google,2299.0,279,2023-06-19
15007,Instagram,3289.07,282,2024-02-25
15008,TikTok,4784.14,414,2024-10-16
15009,Email,4926.91,289,2024-07-27
15010,Facebook,4660.5,221,2023-01-23
15011,Instagram,3722.97,316,2024-02-08
15012,Google,1794.02,208,2023-12-18
15013,TikTok,1623.17,420,2024-02-10
15014,Google,203.69,34,2023-10-03
15015,TikTok,3025.37,468,2023-03-30
15016,Email,3387.85,436,2024-07-30
15017,Instagram,4682.06,39,2023-10-25
15018,Email,2655.88,458,2023-10-05
15019,Email,1258.56,476,2023-10-27
15020,Google,1816.01,241,2024-11-02
15021,Facebook,316.26,30,2023-10-12
15022,Google,732.23,185,2023-06-08
15023,Google,3894.14,199,2024-04-10
15024,Instagram,3698.65,421,2023-08-13
15025,Email,4616.4,408,2023-03-03
15026,TikTok,3284.59,423,2024-01-24
15027,Instagram,4297.56,464,2023-09-21
15028,Facebook,4035.34,39,2023-11-04
15029,TikTok,925.41,189,2024-08-04
15030,Google,753.07,289,2024-09-21
15031,Facebook,2522.4,8,2023-01-12
15032,Email,737.92,52,2024-03-04
15033,TikTok,1327.83,335,2024-10-09
15034,Email,4375.16,380,2023-07-16
15035,Email,1783.01,35,2023-01-27
15036,Facebook,3742.92,45,2024-01-24
15037,Google,1479.81,269,2023-03-07
15038,Instagram,3335.75,433,2023-02-10
15039,Google,3937.08,332,2023-08-25
15040,Facebook,116.29,177,2024-07-06
15041,Facebook,3376.47,98,2023-04-13
15042,TikTok,207.13,70,2023-09-12
15043,TikTok,1318.85,303,2024-06-07
15044,Google,3912.4,123,2024-11-13
15045,Instagram,4529.52,341,2023-07-27
15046,TikTok,1061.09,15,2023-06-04
15047,Google,92.76,304,2024-05-30
15048,Facebook,908.56,274,2023-10-06
15049,Email,2604.36,182,2024-02-10
15050,Facebook,2176.98,117,2023-05-07
15051,Instagram,1095.69,385,2023-09-17
15052,Google,3051.06,155,2023-05-04
15053,Instagram,2327.27,442,2023-08-18
15054,Google,1078.1,58,2023-01-17
15055,Email,1020.5,132,2023-02-27
15056,Instagram,170.09,295,2024-06-29
15057,TikTok,4525.08,29,2023-12-07
15058,Email,1972.99,116,2024-02-07
15059,Facebook,3080.7,431,2023-05-25
15060,TikTok,3898.07,190,2024-08-16
15061,Facebook,1495.02,417,2023-08-23
15062,Google,2993.44,443,2023-01-22
15063,Facebook,3132.76,82,2024-01-27
15064,Facebook,494.79,376,2023-04-17
15065,Facebook,3284.6,176,2024-04-23
15066,Facebook,4527.02,466,2023-04-01
15067,Instagram,1238.98,413,2024-11-29
15068,Instagram,2191.01,118,2024-01-16
15069,TikTok,3897.47,373,2023-11-01
15070,TikTok,1316.32,481,2024-06-18
15071,Google,3513.87,167,2023-01-10
15072,Facebook,4370.8,260,2024-01-17
15073,Google,4313.54,42,2023-08-10
15074,Facebook,1486.85,145,2024-02-22
15075,Instagram,3093.98,172,2023-05-10
15076,Facebook,1431.2,58,2023-12-23
15077,Facebook,2432.05,128,2023-10-16
15078,Instagram,4860.14,37,2023-04-25
15079,Instagram,2751.78,402,2024-05-20
15080,Facebook,1358.13,83,2023-12-07
15081,Facebook,1263.1,22,2023-05-26
15082,Facebook,3906.61,295,2024-04-25
15083,Email,779.44,210,2024-09-07
15084,Instagram,3130.87,494,2023-10-29
15085,Google,1232.73,472,2023-09-18
15086,TikTok,3346.25,63,2024-06-15
15087,Facebook,3275.04,84,2023-08-24
15088,Google,707.59,452,2023-12-22
15089,Email,3382.49,155,2024-03-28
15090,Facebook,3334.78,20,2023-04-02
15091,Facebook,2080.23,417,2023-11-27
15092,Instagram,498.79,295,2023-02-23
15093,Google,3949.6,68,2023-05-15
15094,Instagram,4540.16,141,2023-12-11
15095,Google,2909.98,223,2024-06-27
15096,TikTok,3186.4,348,2023-07-29
15097,Facebook,3389.47,336,2023-01-01
15098,TikTok,191.38,50,2024-02-17
15099,Instagram,403.66,257,2024-09-23
15100,TikTok,888.17,113,2023-07-19
15101,Instagram,553.19,181,2024-08-03
15102,Instagram,3862.15,244,2024-02-29
15103,Google,4030.58,72,2024-08-21
15104,Email,2385.1,159,2023-07-21
15105,Instagram,3390.93,348,2024-06-11
15106,Google,1060.14,85,2024-03-18
15107,Email,4097.01,123,2023-08-07
15108,TikTok,1003.92,138,2024-11-01
15109,Instagram,139.19,350,2024-06-23
15110,Instagram,4178.95,238,2023-08-21
15111,Instagram,3429.81,90,2024-10-04
15112,Instagram,2362.9,71,2023-11-04
15113,TikTok,2899.14,408,2023-08-29
15114,Google,2839.47,85,2023-07-17
15115,Instagram,818.96,431,2024-03-20
15116,Email,4271.42,342,2024-08-11
15117,Google,1985.15,385,2023-12-07
15118,Facebook,4334.44,405,2023-08-19
15119,TikTok,4977.99,465,2024-07-06
15120,Google,3407.34,418,2023-05-10
15121,Email,3523.82,288,2023-11-24
15122,Google,238.92,168,2023-06-07
15123,Facebook,2694.85,331,2024-02-06
15124,Google,4395.89,369,2023-10-07
15125,Email,3436.53,12,2024-09-06
15126,Email,4366.47,442,2024-11-12
15127,Instagram,1359.24,143,2024-05-17
15128,Facebook,1302.8,258,2024-04-01
15129,TikTok,2251.84,60,2023-02-16
15130,Google,1021.31,171,2023-01-13
15131,TikTok,2652.51,225,2024-03-25
15132,Instagram,1306.25,44,2024-04-06
15133,TikTok,1834.76,461,2023-02-28
15134,Email,4200.89,258,2024-08-25
15135,Instagram,526.77,122,2024-05-09
15136,Instagram,4820.16,225,2024-10-03
15137,Facebook,1141.85,463,2024-08-14
15138,Instagram,4237.77,340,2024-03-30
15139,Instagram,3998.67,405,2023-09-11
15140,Instagram,3049.22,0,2023-09-14
15141,TikTok,2394.66,43,2024-08-30
15142,Instagram,3463.01,206,2024-02-03
15143,Instagram,1710.32,306,2023-06-11
15144,Instagram,1699.92,206,2024-02-11
15145,Instagram,3988.82,89,2024-08-26
15146,Instagram,418.69,191,2023-11-20
15147,Instagram,2117.77,260,2024-02-09
15148,Facebook,761.87,403,2024-05-02
15149,TikTok,3766.49,195,2024-09-18
15150,TikTok,1022.72,209,2024-05-26
15151,Facebook,613.65,454,2024-10-06
15152,TikTok,3455.38,193,2023-07-12
15153,TikTok,3817.91,294,2023-01-27
15154,Instagram,3480.84,245,2024-11-11
15155,Facebook,1310.54,146,2023-10-07
15156,TikTok,1125.64,478,2023-03-22
15157,Facebook,2899.81,37,2023-07-21
15158,Facebook,3650.64,347,2024-01-31
15159,Email,4112.75,451,2024-10-08
15160,Google,2464.26,352,2024-06-10
15161,Email,1477.6,476,2024-01-16
15162,Email,4215.04,331,2023-01-09
15163,Email,4967.17,493,2023-03-24
15164,Facebook,3258.99,150,2023-03-16
15165,Instagram,1994.53,168,2023-09-13
15166,TikTok,4224.45,419,2023-06-05
15167,Instagram,4968.4,350,2024-03-18
15168,TikTok,125.2,63,2023-03-26
15169,Google,4240.07,427,2024-02-29
15170,Facebook,3763.6,141,2024-06-26
15171,Google,4337.42,93,2024-04-12
15172,Facebook,4386.73,404,2023-02-17
15173,TikTok,3383.38,424,2024-07-07
15174,Email,229.28,474,2023-08-27
15175,Google,4633.22,323,2023-12-30
15176,Facebook,3887.03,357,2024-11-23
15177,Email,1948.1,224,2023-05-12
15178,Google,2558.62,242,2024-05-09
15179,Email,2240.76,473,2024-09-29
15180,TikTok,533.71,355,2024-09-28
15181,Email,4260.37,190,2024-03-07
15182,TikTok,2422.41,456,2024-08-07
15183,Instagram,4603.77,178,2023-03-15
15184,Facebook,1293.75,163,2024-04-02
15185,Google,4755.8,163,2023-06-24
15186,Email,301.84,479,2023-04-22
15187,Google,4034.72,89,2024-08-26
15188,Google,4984.47,249,2023-01-26
15189,Email,4087.84,359,2024-05-18
15190,Google,4386.76,65,2023-09-10
15191,TikTok,194.0,224,2023-05-25
15192,Google,2906.24,18,2024-11-24
15193,Email,2541.11,445,2023-06-08
15194,Facebook,3713.95,237,2023-05-15
15195,TikTok,3034.25,439,2023-09-26
15196,TikTok,3073.04,289,2024-04-16
15197,Email,226.74,186,2024-06-21
15198,Instagram,4716.55,247,2024-06-25
15199,Facebook,2817.68,440,2024-09-26
15200,TikTok,2276.89,184,2024-09-23
15201,Facebook,2620.12,134,2023-07-30
15202,Facebook,4301.43,461,2023-04-11
15203,Email,1097.79,59,2023-07-17
15204,Email,916.51,37,2023-08-25
15205,Google,3746.33,285,2024-03-13
15206,TikTok,3107.5,140,2024-07-10
15207,Facebook,3442.48,476,2023-07-13
15208,Instagram,584.51,93,2024-05-09
15209,TikTok,2331.06,406,2024-07-07
15210,Email,2968.87,246,2024-08-17
15211,Instagram,3049.17,292,2024-10-29
15212,Email,629.69,481,2023-12-23
15213,Google,339.46,207,2023-07-09
15214,Email,4497.71,188,2023-12-18
15215,Instagram,453.55,420,2024-09-19
15216,Email,3109.82,451,2024-03-27
15217,Instagram,4962.91,324,2024-09-25
15218,Google,1514.5,302,2023-08-03
15219,Facebook,4382.65,447,2023-05-06
15220,Email,798.8,380,2024-06-23
15221,Facebook,580.75,312,2023-08-05
15222,Email,4107.37,177,2024-08-20
15223,TikTok,1548.88,357,2023-09-14
15224,Facebook,1532.76,143,2024-02-08
15225,Email,345.1,183,2024-09-15
15226,Facebook,55.77,387,2023-02-13
15227,Google,2806.61,226,2023-04-18
15228,Email,3489.74,193,2023-10-08
15229,Instagram,3352.97,264,2023-07-19
15230,Facebook,3984.94,86,2024-02-05
15231,TikTok,4596.53,21,2023-12-23
15232,Google,1199.55,114,2024-05-10
15233,Instagram,1182.13,145,2024-04-07
15234,TikTok,3831.83,211,2023-08-15
15235,Google,2810.07,337,2024-02-28
15236,Email,290.23,432,2024-06-25
15237,Google,4751.97,156,2024-09-15
15238,Google,1312.85,448,2023-06-28
15239,Email,3179.57,411,2024-09-01
15240,TikTok,1458.54,146,2023-01-30
15241,Email,2580.43,382,2023-06-25
15242,Instagram,2543.2,93,2024-08-22
15243,TikTok,3708.86,444,2024-09-24
15244,Instagram,3405.17,47,2023-08-16
15245,Instagram,4852.41,211,2024-04-02
15246,Google,3422.84,181,2023-11-08
15247,Facebook,900.85,469,2024-11-16
15248,Facebook,2093.35,281,2023-05-20
15249,Email,4372.78,50,2023-02-10
15250,Google,760.14,386,2024-04-22
15251,Google,4486.64,416,2024-02-01
15252,TikTok,2919.44,271,2024-05-10
15253,Email,1722.19,156,2023-01-26
15254,Instagram,1008.93,199,2023-10-17
15255,Email,3934.88,381,2024-09-09
15256,Google,1891.51,318,2024-02-26
15257,Email,4940.08,164,2024-03-22
15258,Email,2184.17,485,2024-04-15
15259,Instagram,1777.06,267,2024-03-13
15260,Email,833.74,98,2023-07-03
15261,Facebook,2869.67,262,2024-07-28
15262,Facebook,2217.59,420,2023-11-24
15263,Email,2803.89,437,2024-11-11
15264,Google,1963.89,321,2024-02-24
15265,Facebook,2144.95,357,2024-09-07
15266,Google,668.79,348,2024-05-19
15267,Instagram,3511.74,313,2023-02-17
15268,Facebook,2090.08,134,2024-09-03
15269,Instagram,592.96,296,2024-10-06
15270,TikTok,4139.89,330,2024-11-03
15271,Facebook,1409.56,29,2024-01-18
15272,Email,4898.25,321,2024-06-14
15273,Instagram,4385.88,456,2024-09-28
15274,Email,3650.16,142,2023-01-17
15275,Google,2464.28,264,2024-11-27
15276,Facebook,1377.29,225,2024-02-12
15277,Google,1068.02,200,2023-09-18
15278,TikTok,2727.4,172,2023-07-03
15279,Google,2804.02,78,2024-04-12
15280,Email,832.64,450,2023-11-09
15281,Google,343.5,99,2024-08-29
15282,Google,1932.95,56,2024-02-23
15283,Facebook,1214.87,382,2023-06-09
15284,TikTok,4585.57,388,2023-10-03
15285,Google,1233.31,370,2024-10-15
15286,Instagram,147.33,263,2024-08-30
15287,Instagram,2304.64,106,2023-09-05
15288,Email,3270.53,236,2023-02-14
15289,Email,3974.12,379,2023-11-21
15290,Email,4953.52,422,2023-11-02
15291,Facebook,3103.53,124,2023-04-24
15292,Instagram,2916.22,462,2023-06-14
15293,Google,59.43,349,2024-08-29
15294,TikTok,4267.71,233,2024-02-26
15295,Instagram,990.49,372,2024-10-25
15296,Facebook,2452.54,112,2023-05-19
15297,Email,3729.4,117,2023-11-17
15298,TikTok,2104.06,142,2024-03-23
15299,TikTok,3249.86,204,2023-05-29
15300,TikTok,2978.13,194,2024-07-18
15301,Email,4788.33,134,2024-10-19
15302,Email,2384.09,451,2023-06-19
15303,TikTok,2641.64,260,2023-11-14
15304,Instagram,2758.27,448,2024-02-02
15305,Email,577.49,322,2023-12-11
15306,Email,2453.39,454,2024-05-07
15307,Facebook,2373.5,140,2023-10-06
15308,TikTok,3056.82,378,2023-07-02
15309,TikTok,2780.87,464,2024-11-12
15310,Facebook,1562.53,356,2024-11-10
15311,Email,4956.54,263,2023-10-02
15312,Google,1819.55,472,2023-02-19
15313,Google,3831.11,373,2023-09-29
15314,Email,3661.88,81,2023-02-08
15315,TikTok,4408.76,415,2024-07-25
15316,Google,2172.28,291,2024-11-18
15317,Facebook,3377.45,37,2024-02-10
15318,TikTok,828.98,49,2023-02-20
15319,TikTok,2032.75,37,2023-09-21
15320,Google,1724.48,188,2024-08-06
15321,Email,4986.68,487,2023-01-17
15322,Facebook,1634.19,63,2023-02-21
15323,Facebook,4418.84,27,2023-01-27
15324,Instagram,1848.86,19,2023-02-03
15325,Instagram,3267.61,94,2023-05-04
15326,Facebook,2225.49,410,2024-07-21
15327,TikTok,1678.25,170,2023-11-01
15328,TikTok,2850.38,307,2024-03-28
15329,Google,1517.78,178,2023-07-21
15330,Email,1792.57,493,2024-08-18
15331,Email,4754.29,62,2023-01-14
15332,Google,360.84,185,2024-02-09
15333,Google,2131.77,287,2024-06-07
15334,Google,2039.94,414,2023-04-18
15335,Instagram,4019.73,148,2024-07-31
15336,Instagram,1841.12,197,2024-09-11
15337,Email,1261.97,54,2023-05-22
15338,TikTok,2302.62,86,2024-06-27
15339,Google,2850.93,161,2024-11-02
15340,Facebook,4336.51,438,2024-08-16
15341,Google,2805.16,134,2024-09-22
15342,Google,1644.47,47,2023-03-24
15343,Email,308.45,355,2024-09-09
15344,Instagram,486.72,399,2023-05-10
15345,Instagram,4087.23,133,2024-07-18
15346,Google,115.82,61,2024-08-11
15347,Instagram,4231.76,498,2024-11-18
15348,TikTok,1808.37,360,2023-12-22
15349,Instagram,2919.08,272,2023-04-05
15350,Email,3199.72,154,2023-09-12
15351,Email,1020.26,344,2024-08-20
15352,TikTok,2218.0,18,2024-05-18
15353,TikTok,4195.54,189,2023-02-11
15354,Email,4394.97,413,2023-03-12
15355,Instagram,4112.9,147,2023-06-04
15356,Google,50.54,57,2023-12-03
15357,Google,1193.92,352,2023-12-07
15358,Email,4756.53,245,2023-08-29
15359,Instagram,1314.91,105,2023-12-25
15360,Google,710.71,68,2023-06-06
15361,Instagram,4968.63,468,2024-03-07
15362,Email,1613.03,464,2023-09-01
15363,Google,3324.16,497,2023-02-09
15364,Google,3807.29,350,2024-01-31
15365,Instagram,3615.07,276,2023-06-18
15366,Google,1468.89,387,2023-01-19
15367,TikTok,1831.14,437,2024-11-01
15368,Google,4663.96,149,2024-08-05
15369,Instagram,3212.35,20,2023-08-06
15370,Google,3450.06,229,2023-04-20
15371,TikTok,4943.72,94,2023-05-02
15372,Google,3859.03,192,2024-02-15
15373,Email,3969.77,321,2023-12-19
15374,Facebook,2550.7,183,2024-01-04
15375,Google,4226.44,142,2024-07-21
15376,Google,1122.18,254,2024-07-18
15377,Email,3845.15,315,2024-04-20
15378,Email,3150.22,489,2024-04-06
15379,Facebook,502.8,143,2024-01-27
15380,Instagram,511.94,245,2023-07-09
15381,Facebook,860.38,185,2023-05-21
15382,TikTok,1802.33,354,2023-01-04
15383,TikTok,3691.75,392,2024-06-28
15384,Email,3645.36,175,2023-11-19
15385,Email,3243.34,413,2023-05-22
15386,Google,1764.11,435,2024-09-05
15387,Email,1281.46,349,2024-06-24
15388,TikTok,4427.67,305,2023-09-27
15389,Google,285.35,336,2023-12-03
15390,Facebook,3376.96,285,2024-10-01
15391,Facebook,1279.01,54,2023-08-06
15392,Google,1757.15,174,2023-11-15
15393,Email,728.67,217,2023-03-18
15394,Instagram,3289.33,215,2023-07-30
15395,Google,2746.93,18,2023-06-13
15396,TikTok,1551.18,232,2023-07-03
15397,Email,1632.89,441,2024-03-01
15398,Google,2111.95,179,2023-01-11
15399,Google,4405.08,277,2023-04-03
15400,Google,923.96,295,2024-05-29
15401,Email,3858.19,277,2023-01-13
15402,Instagram,1921.66,484,2024-10-10
15403,Instagram,485.92,78,2023-04-01
15404,Google,2312.52,425,2023-05-04
15405,Facebook,2320.07,207,2023-02-17
15406,Facebook,4897.63,143,2023-03-01
15407,Facebook,1294.12,33,2023-12-08
15408,TikTok,1951.1,33,2023-03-17
15409,Google,4631.67,245,2023-07-05
15410,Facebook,4409.97,225,2024-06-24
15411,Instagram,1138.47,65,2023-08-21
15412,Instagram,1396.96,48,2023-05-12
15413,Google,4974.51,359,2024-01-08
15414,Instagram,1970.77,327,2023-04-03
15415,Instagram,819.44,305,2023-12-05
15416,Email,3625.39,191,2023-10-25
15417,Facebook,3788.79,17,2023-11-01
15418,Google,1940.21,251,2023-08-24
15419,Facebook,2266.54,80,2024-06-18
15420,Facebook,458.78,92,2023-11-04
15421,Email,2119.7,240,2023-06-03
15422,Google,2534.62,301,2023-03-22
15423,Instagram,2888.43,472,2024-11-03
15424,Facebook,4051.44,90,2023-06-27
15425,Instagram,664.17,348,2024-04-21
15426,Google,2405.3,276,2023-08-20
15427,TikTok,3874.74,189,2023-12-17
15428,TikTok,985.02,121,2024-09-19
15429,TikTok,1896.58,117,2023-10-30
15430,Instagram,4674.89,415,2024-09-29
15431,Instagram,2122.46,369,2024-08-11
15432,TikTok,2966.0,214,2024-10-06
15433,TikTok,3421.85,250,2024-11-18
15434,Google,3142.34,69,2024-02-29
15435,Email,2407.62,398,2023-07-01
15436,Facebook,2728.53,82,2023-11-21
15437,Google,1283.13,422,2024-04-12
15438,TikTok,1818.38,239,2024-11-12
15439,TikTok,4537.42,166,2024-03-18
15440,TikTok,3653.17,414,2024-08-02
15441,Google,3748.12,231,2024-10-22
15442,Google,3245.36,14,2024-08-06
15443,TikTok,2915.69,208,2023-11-15
15444,TikTok,2589.3,477,2023-03-13
15445,Google,780.16,236,2023-08-28
15446,Facebook,2488.04,481,2024-10-05
15447,Google,4238.41,242,2024-05-29
15448,Facebook,2863.82,163,2024-10-30
15449,Facebook,2403.05,240,2024-02-04
15450,Instagram,4652.85,272,2023-02-22
15451,Google,4941.37,499,2023-10-24
15452,TikTok,3769.6,379,2023-02-22
15453,Email,1258.53,186,2023-08-14
15454,Google,486.03,329,2023-06-11
15455,TikTok,4166.94,93,2024-07-19
15456,Instagram,790.33,24,2024-08-02
15457,Google,654.58,185,2024-01-19
15458,Email,2107.17,259,2023-02-12
15459,Facebook,4999.41,40,2023-02-11
15460,Facebook,3740.84,429,2023-09-05
15461,Instagram,3197.81,74,2024-08-19
15462,Facebook,2498.43,335,2023-10-17
15463,Google,616.35,57,2023-04-26
15464,Instagram,3122.56,398,2023-09-14
15465,Instagram,3504.06,382,2024-08-04
15466,TikTok,4843.72,110,2023-10-10
15467,Google,4509.14,457,2024-08-10
15468,Google,3790.45,487,2024-02-13
15469,Email,1407.91,199,2023-11-17
15470,TikTok,426.51,41,2024-01-03
15471,Instagram,361.14,423,2023-06-14
15472,Instagram,3148.04,164,2023-07-17
15473,Google,4896.68,84,2023-03-10
15474,Facebook,2786.39,362,2023-09-21
15475,TikTok,2364.94,118,2024-08-15
15476,Instagram,4703.28,323,2024-06-08
15477,Email,1968.87,186,2023-03-07
15478,Google,3301.58,275,2024-05-04
15479,TikTok,4215.91,499,2024-09-20
15480,Email,3382.71,497,2024-05-09
15481,Email,4038.83,45,2024-07-06
15482,Facebook,2177.23,307,2023-12-14
15483,Facebook,405.96,291,2023-10-30
15484,Google,3667.18,92,2023-09-29
15485,Facebook,4235.73,291,2024-11-07
15486,Email,4766.55,161,2023-03-24
15487,Facebook,1299.53,191,2024-04-15
15488,Email,4683.57,318,2024-08-30
15489,Email,1146.84,339,2023-11-28
15490,Instagram,1054.03,393,2023-06-25
15491,Instagram,3146.11,465,2023-01-12
15492,TikTok,2604.12,68,2024-02-19
15493,TikTok,1496.23,173,2024-08-24
15494,Google,2512.0,203,2024-02-17
15495,Instagram,4453.43,234,2024-01-09
15496,Email,465.05,363,2023-02-13
15497,Facebook,3403.03,97,2023-05-04
15498,Facebook,1035.75,347,2023-10-19
15499,Facebook,3123.84,457,2024-04-21
15500,Facebook,2709.61,205,2024-03-01
15501,TikTok,2517.81,478,2023-05-11
15502,Instagram,4259.63,30,2023-05-05
15503,Google,530.84,421,2023-07-20
15504,TikTok,3148.58,86,2024-08-15
15505,Instagram,4518.21,241,2023-01-09
15506,Instagram,2708.03,277,2023-07-23
15507,Facebook,4508.37,66,2023-12-12
15508,Facebook,305.98,28,2023-12-31
15509,Facebook,4647.5,161,2023-09-24
15510,Instagram,1128.5,103,2023-02-27
15511,Email,2351.37,452,2023-11-24
15512,Email,1747.59,255,2023-09-21
15513,Email,2639.33,360,2024-02-29
15514,Facebook,4975.21,344,2023-10-28
15515,Instagram,1111.99,181,2024-09-29
15516,Google,1777.69,16,2023-12-28
15517,Google,1395.15,76,2023-08-17
15518,Google,221.79,296,2023-08-04
15519,Instagram,2565.09,138,2023-08-08
15520,TikTok,1698.28,207,2023-10-20
15521,TikTok,835.79,303,2024-06-05
15522,TikTok,3013.44,321,2024-01-30
15523,Google,1454.5,152,2024-11-23
15524,Facebook,1821.09,154,2023-06-25
15525,TikTok,1027.53,55,2023-12-30
15526,Instagram,3728.68,186,2024-11-24
15527,Google,2476.38,124,2023-11-30
15528,TikTok,3817.85,98,2024-09-17
15529,Google,3770.39,240,2024-08-11
15530,TikTok,3558.45,127,2023-09-20
15531,Facebook,496.86,373,2023-08-23
15532,Instagram,4460.85,195,2023-06-11
15533,Google,282.98,167,2024-05-27
15534,Instagram,3736.28,59,2023-08-30
15535,Facebook,1723.36,204,2023-05-10
15536,Facebook,3555.81,18,2023-07-07
15537,Instagram,4813.77,112,2023-05-17
15538,Email,1242.97,350,2024-08-15
15539,Email,3589.77,211,2024-04-11
15540,Email,2987.08,478,2024-11-19
15541,Google,146.93,145,2024-01-05
15542,Google,4182.69,78,2023-09-16
15543,TikTok,672.73,433,2023-10-05
15544,Google,2200.12,82,2024-10-23
15545,Facebook,3005.6,387,2024-02-16
15546,Instagram,2359.13,166,2024-04-11
15547,Facebook,140.94,462,2023-09-15
15548,Email,2501.75,131,2024-01-10
15549,Google,2031.22,416,2023-08-10
15550,Google,3706.51,116,2023-07-13
15551,Instagram,3314.0,194,2024-04-07
15552,Instagram,4597.76,267,2024-08-29
15553,Email,533.26,406,2024-03-30
15554,Facebook,1953.52,477,2024-04-20
15555,TikTok,4804.87,151,2023-09-12
15556,TikTok,3292.1,452,2024-02-28
15557,Instagram,821.22,235,2024-07-31
15558,Email,4712.25,409,2023-06-11
15559,Facebook,4677.45,396,2024-09-28
15560,Google,2076.26,15,2023-06-24
15561,Google,3247.33,240,2023-10-29
15562,Instagram,3905.67,475,2023-01-18
15563,Google,1283.67,102,2023-05-26
15564,Google,1766.93,283,2024-01-09
15565,Instagram,3298.28,317,2023-11-13
15566,TikTok,3741.25,462,2023-08-28
15567,TikTok,568.0,172,2023-03-18
15568,TikTok,78.23,86,2024-05-31
15569,TikTok,3904.19,211,2023-10-06
15570,Google,167.51,306,2023-09-20
15571,Instagram,2821.77,226,2023-12-28
15572,Google,4998.18,246,2023-11-12
15573,Email,1905.2,121,2024-10-29
15574,Google,2599.9,370,2023-01-22
15575,Instagram,4288.78,374,2023-01-12
15576,Facebook,1636.73,333,2023-09-27
15577,TikTok,311.62,199,2024-05-20
15578,Email,4160.01,39,2024-04-30
15579,Google,2332.25,182,2024-11-05
15580,Instagram,2128.46,15,2024-11-14
15581,Instagram,217.02,68,2023-10-21
15582,Instagram,2331.97,160,2024-11-05
15583,TikTok,3647.12,404,2023-08-18
15584,Email,3859.99,397,2024-09-28
15585,Email,1780.97,145,2024-01-29
15586,Instagram,802.88,302,2023-07-07
15587,Instagram,1366.77,488,2023-12-30
15588,Email,1391.57,397,2023-03-16
15589,Email,4938.38,156,2024-06-15
15590,Email,3275.17,229,2024-09-28
15591,TikTok,3031.17,279,2023-04-06
15592,Google,2735.7,125,2024-06-10
15593,Google,1965.8,270,2023-07-18
15594,Facebook,3523.93,332,2023-02-25
15595,TikTok,132.56,468,2024-06-28
15596,Email,1362.09,134,2023-04-04
15597,Facebook,4791.43,70,2023-04-05
15598,Facebook,1401.15,169,2024-02-29
15599,Google,1021.69,459,2023-07-17
15600,Facebook,1210.53,330,2024-08-29
15601,Email,4187.94,324,2023-01-01
15602,Facebook,3674.98,295,2024-06-28
15603,Facebook,1649.04,371,2023-10-29
15604,Instagram,4056.79,16,2023-12-15
15605,Google,1593.32,331,2024-11-23
15606,Instagram,3025.46,357,2023-03-22
15607,Facebook,2079.76,2,2024-04-11
15608,TikTok,1925.83,181,2023-11-09
15609,Google,4342.05,90,2023-01-27
15610,Facebook,1301.92,57,2024-02-03
15611,Google,4810.19,410,2024-01-17
15612,Google,1866.56,308,2023-12-02
15613,Instagram,1648.73,470,2023-11-13
15614,Facebook,3146.07,275,2024-02-15
15615,Instagram,810.62,121,2024-10-12
15616,TikTok,3706.46,250,2023-09-10
15617,Email,2465.68,265,2024-05-15
15618,Email,383.58,414,2024-02-27
15619,Instagram,379.51,45,2024-03-08
15620,Instagram,506.13,486,2024-04-02
15621,Instagram,4867.65,71,2023-12-28
15622,Google,1985.85,211,2023-12-28
15623,Facebook,1935.39,37,2023-06-10
15624,Email,2737.77,237,2023-09-25
15625,Google,4285.89,69,2024-04-19
15626,Google,4771.89,363,2024-05-18
15627,Facebook,3185.3,133,2024-07-02
15628,TikTok,1999.08,388,2024-09-02
15629,Instagram,155.68,52,2023-10-06
15630,Instagram,2375.9,110,2023-09-17
15631,Facebook,3191.22,72,2024-06-25
15632,Email,2203.62,417,2023-08-19
15633,Instagram,1803.07,23,2024-04-09
15634,Facebook,3272.99,236,2024-08-19
15635,Facebook,1771.77,18,2024-06-28
15636,Email,4871.25,261,2023-02-06
15637,Facebook,1072.03,343,2024-03-14
15638,TikTok,1712.73,160,2023-01-20
15639,Instagram,4174.8,23,2024-09-05
15640,Facebook,1032.2,439,2024-10-02
15641,TikTok,838.07,224,2023-12-29
15642,Facebook,2932.71,363,2024-10-19
15643,Google,1791.0,248,2024-08-18
15644,Email,935.01,370,2024-03-20
15645,Facebook,4922.72,217,2023-05-30
15646,Facebook,4173.63,67,2023-10-22
15647,TikTok,4289.8,204,2023-03-26
15648,Google,203.43,34,2023-11-20
15649,Instagram,4734.39,343,2023-02-13
15650,Facebook,1525.89,430,2024-03-13
15651,Google,4474.16,417,2023-09-14
15652,Google,1619.47,282,2024-06-13
15653,Google,4989.81,468,2024-08-12
15654,TikTok,467.03,313,2023-08-13
15655,Instagram,3075.47,257,2024-09-05
15656,TikTok,1092.16,215,2023-06-15
15657,TikTok,4336.34,299,2023-10-03
15658,Instagram,4211.13,107,2024-10-01
15659,Facebook,4810.38,68,2023-02-25
15660,TikTok,326.07,405,2024-07-16
15661,Google,3432.81,341,2024-01-24
15662,Instagram,2433.47,28,2024-04-07
15663,TikTok,2630.54,279,2023-07-22
15664,Instagram,3553.4,384,2024-03-06
15665,Facebook,3663.19,264,2024-06-15
15666,TikTok,2171.35,300,2023-07-09
15667,TikTok,663.74,206,2023-03-25
15668,Facebook,3907.64,182,2024-01-11
15669,TikTok,740.24,141,2023-10-26
15670,TikTok,896.42,297,2023-03-03
15671,Instagram,3181.08,160,2024-04-10
15672,Google,2047.46,132,2023-01-26
15673,Facebook,4570.83,56,2024-08-21
15674,TikTok,2709.63,369,2023-03-23
15675,TikTok,4408.06,198,2024-06-14
15676,Google,1999.39,295,2023-06-25
15677,Email,82.32,208,2023-08-17
15678,TikTok,4273.67,166,2023-05-26
15679,Facebook,2827.52,125,2023-12-06
15680,Instagram,1051.09,464,2023-05-06
15681,Facebook,1851.14,260,2024-01-10
15682,Email,4834.07,471,2023-11-13
15683,Email,4132.51,278,2024-03-04
15684,Facebook,4110.0,119,2024-06-20
15685,Instagram,2308.8,268,2024-08-11
15686,Email,3564.43,366,2023-06-10
15687,TikTok,2069.13,139,2023-03-06
15688,Instagram,2352.47,390,2024-01-17
15689,Email,4360.71,475,2023-12-05
15690,Email,4447.5,310,2023-11-25
15691,Facebook,2003.33,139,2023-06-25
15692,Google,1489.48,193,2024-08-30
15693,Instagram,4027.28,2,2023-10-25
15694,Email,1016.94,450,2023-05-14
15695,Email,3604.75,169,2024-08-29
15696,TikTok,4253.64,169,2024-06-09
15697,Google,1722.34,433,2024-02-17
15698,Email,4694.33,129,2024-03-21
15699,TikTok,4175.4,479,2024-03-06
15700,Google,4408.55,343,2024-08-17
15701,Google,4154.71,270,2024-01-24
15702,TikTok,231.84,311,2023-04-23
15703,Google,990.82,34,2024-10-04
15704,Facebook,476.54,222,2024-11-23
15705,Google,1752.68,336,2024-10-23
15706,TikTok,3172.82,443,2023-02-16
15707,Instagram,4633.9,357,2023-04-04
15708,Google,3768.45,434,2024-10-25
15709,Instagram,3097.25,63,2024-05-25
15710,Instagram,3580.17,304,2024-10-26
15711,Facebook,2126.58,253,2023-01-25
15712,Instagram,587.3,118,2023-02-12
15713,TikTok,2347.81,476,2024-09-30
15714,Email,1414.06,234,2024-09-01
15715,Email,2966.95,202,2023-07-11
15716,Email,1940.64,189,2023-10-18
15717,Google,2908.17,151,2024-09-27
15718,Google,3225.46,265,2024-06-14
15719,Instagram,634.75,327,2023-12-13
15720,Google,1792.2,320,2023-09-03
15721,TikTok,4301.34,467,2023-03-02
15722,Instagram,3558.63,192,2023-06-11
15723,Google,4797.68,390,2023-10-10
15724,Instagram,3887.19,418,2023-07-16
15725,Facebook,3773.48,72,2024-10-11
15726,Email,3264.73,108,2023-03-05
15727,Instagram,3626.92,25,2024-02-08
15728,TikTok,406.5,345,2024-04-18
15729,Facebook,4221.4,90,2024-01-09
15730,Email,3144.39,244,2023-04-23
15731,Instagram,4099.47,116,2023-03-11
15732,Facebook,4608.98,254,2023-05-03
15733,Instagram,1391.8,31,2023-08-02
15734,Facebook,2922.02,316,2023-04-21
15735,Google,4258.51,3,2024-01-26
15736,TikTok,4326.85,418,2024-08-23
15737,Google,2590.83,86,2024-10-22
15738,Google,3726.3,7,2024-10-21
15739,Instagram,206.16,245,2023-08-23
15740,Email,2413.94,472,2023-03-23
15741,Facebook,2962.8,168,2023-06-09
15742,Email,4063.17,429,2024-11-25
15743,TikTok,772.68,162,2023-07-09
15744,Instagram,1686.88,290,2023-02-11
15745,Google,2902.05,148,2024-10-15
15746,TikTok,4933.31,175,2023-07-18
15747,Google,4449.25,319,2024-11-07
15748,Instagram,2025.61,368,2023-02-06
15749,Google,201.82,56,2023-07-04
15750,Email,2999.01,239,2023-12-25
15751,Facebook,1648.77,166,2024-05-05
15752,Instagram,733.08,402,2023-01-20
15753,Google,1473.36,467,2023-09-26
15754,Instagram,3307.86,264,2024-07-14
15755,Facebook,4671.49,425,2023-10-06
15756,Google,2413.04,68,2024-03-30
15757,Google,526.51,273,2024-01-23
15758,Google,116.73,331,2023-09-21
15759,TikTok,1734.92,289,2023-03-31
15760,Google,127.95,29,2024-03-16
15761,Email,3766.61,277,2023-04-01
15762,Facebook,1104.45,187,2024-01-22
15763,Instagram,3643.17,176,2024-08-16
15764,Google,2320.08,299,2023-07-03
15765,Facebook,4935.9,210,2024-06-15
15766,Facebook,2577.29,468,2024-10-24
15767,TikTok,4459.49,187,2023-12-04
15768,Instagram,1757.61,249,2024-01-02
15769,Facebook,2367.82,180,2023-11-02
15770,TikTok,1618.99,227,2023-06-18
15771,Google,4662.79,130,2024-05-01
15772,Google,2116.44,241,2024-05-22
15773,Instagram,557.71,451,2024-01-30
15774,Facebook,3282.79,428,2024-10-26
15775,TikTok,4967.42,232,2024-01-09
15776,Email,979.8,480,2023-07-29
15777,Email,1668.98,392,2023-06-21
15778,Email,1298.66,313,2023-05-24
15779,Email,848.25,0,2024-03-27
15780,Email,3286.77,438,2023-12-29
15781,TikTok,4773.21,430,2023-05-08
15782,TikTok,1799.59,321,2024-06-26
15783,Instagram,3466.49,221,2024-02-06
15784,Email,1789.84,324,2023-06-25
15785,Email,2128.7,234,2024-08-01
15786,Facebook,2587.76,254,2024-07-31
15787,Instagram,1347.99,24,2023-02-15
15788,Google,1891.52,370,2023-09-13
15789,TikTok,2054.89,48,2024-01-24
15790,Email,2936.38,261,2024-08-21
15791,Google,3741.39,132,2024-09-30
15792,Instagram,4314.22,276,2024-10-12
15793,Google,3181.9,65,2024-07-23
15794,Google,2860.32,447,2024-05-05
15795,Instagram,4191.19,456,2023-01-14
15796,Instagram,4740.06,486,2024-07-10
15797,TikTok,3656.35,173,2024-09-17
15798,Google,4525.09,219,2024-10-03
15799,Google,3549.1,487,2023-08-27
15800,Instagram,1585.63,143,2023-01-12
15801,Email,910.59,385,2024-11-11
15802,Google,498.52,196,2024-07-11
15803,TikTok,2878.82,34,2023-09-26
15804,Instagram,148.43,423,2024-02-09
15805,TikTok,2482.2,444,2024-10-18
15806,TikTok,3640.29,333,2023-09-23
15807,Google,4264.99,93,2024-03-08
15808,TikTok,1747.41,473,2024-03-10
15809,TikTok,2720.66,263,2023-09-26
15810,TikTok,1593.24,434,2024-11-08
15811,Email,144.23,457,2024-07-04
15812,Instagram,738.32,207,2024-08-24
15813,Facebook,3328.39,305,2024-01-09
15814,Facebook,4860.54,464,2024-03-03
15815,Instagram,2048.94,101,2024-06-27
15816,Instagram,2387.2,363,2024-06-22
15817,Facebook,752.65,273,2024-10-16
15818,Instagram,2222.05,455,2024-02-16
15819,Google,3032.7,52,2024-09-20
15820,TikTok,1013.64,371,2023-04-26
15821,Email,112.62,456,2023-06-11
15822,Google,4851.82,87,2023-01-22
15823,TikTok,2096.48,297,2024-07-20
15824,Facebook,3427.15,156,2023-07-14
15825,Email,1250.21,327,2024-01-15
15826,Facebook,4302.26,448,2024-11-07
15827,Email,4016.1,297,2024-01-21
15828,TikTok,4608.48,430,2023-07-09
15829,Instagram,2660.75,42,2024-07-21
15830,Google,4550.28,139,2024-10-05
15831,Google,3662.78,99,2024-02-09
15832,TikTok,557.86,486,2023-08-21
15833,Instagram,1323.25,255,2023-09-16
15834,Email,960.94,266,2024-11-14
15835,Google,3930.6,498,2024-03-13
15836,Instagram,3158.94,143,2024-06-20
15837,TikTok,1834.97,84,2023-05-13
15838,Email,3929.24,370,2024-10-01
15839,Google,4423.49,74,2024-04-13
15840,Google,1224.73,302,2024-08-23
15841,Google,3611.07,462,2024-03-19
15842,Facebook,2717.31,242,2024-02-21
15843,TikTok,2825.06,156,2023-05-26
15844,Facebook,4889.04,240,2023-03-02
15845,Email,4186.39,314,2023-02-20
15846,Google,2320.73,303,2023-03-04
15847,Email,1805.11,206,2023-10-29
15848,TikTok,4448.07,43,2024-10-06
15849,Facebook,4321.36,235,2024-01-14
15850,Instagram,597.63,301,2024-09-09
15851,Google,4125.56,90,2024-05-19
15852,Email,2534.3,86,2024-08-19
15853,Google,3019.19,442,2023-04-28
15854,TikTok,1841.71,106,2024-10-16
15855,Email,1378.7,433,2023-08-09
15856,TikTok,4252.47,399,2024-07-12
15857,TikTok,1575.6,283,2024-02-15
15858,TikTok,2082.94,472,2024-11-22
15859,Instagram,1350.15,279,2024-02-16
15860,Email,3253.63,409,2024-03-12
15861,TikTok,3604.05,231,2024-05-29
15862,Facebook,4286.09,470,2024-10-18
15863,Instagram,2809.69,133,2024-02-11
15864,Instagram,2787.02,271,2024-07-17
15865,Instagram,2175.3,248,2023-07-27
15866,Google,2667.96,89,2023-12-10
15867,Google,231.36,493,2024-02-02
15868,Facebook,3533.97,245,2023-08-22
15869,Email,3272.51,357,2024-08-24
15870,Email,2865.9,109,2024-07-03
15871,Instagram,4849.76,408,2024-03-03
15872,Facebook,4167.96,363,2023-03-31
15873,Facebook,2102.22,226,2024-11-22
15874,Email,3648.34,419,2023-05-28
15875,Google,4028.1,330,2024-01-29
15876,Instagram,1655.94,58,2023-12-13
15877,Google,3746.67,369,2023-01-04
15878,TikTok,991.38,48,2023-06-09
15879,Google,3633.81,170,2023-10-06
15880,Facebook,4352.65,209,2023-05-28
15881,Google,156.38,379,2023-08-26
15882,Instagram,337.18,170,2024-03-15
15883,Email,1705.31,74,2024-01-28
15884,Facebook,4284.76,477,2023-10-19
15885,Email,732.69,415,2023-06-13
15886,Google,954.51,170,2024-05-01
15887,Google,2122.57,190,2024-01-31
15888,Instagram,2557.86,469,2024-02-15
15889,Email,3789.82,181,2024-09-24
15890,Facebook,3336.85,170,2023-07-28
15891,TikTok,2167.42,161,2023-10-15
15892,Facebook,649.22,18,2024-09-05
15893,Email,1636.05,239,2023-10-10
15894,Email,4917.4,0,2023-09-20
15895,Instagram,1200.71,19,2024-08-27
15896,Instagram,912.43,41,2023-06-11
15897,Facebook,4792.96,171,2024-10-23
15898,Instagram,2615.83,231,2023-01-30
15899,Facebook,3499.84,340,2024-08-02
15900,Facebook,3032.2,192,2023-05-13
15901,Google,3082.01,179,2023-10-08
15902,Email,1929.2,250,2023-08-02
15903,TikTok,2941.7,62,2023-06-05
15904,TikTok,2394.47,306,2023-07-25
15905,Instagram,3886.84,257,2024-02-10
15906,Email,4173.64,92,2024-06-17
15907,Facebook,1639.59,152,2023-07-30
15908,Email,4545.25,108,2024-02-22
15909,Email,4698.65,259,2023-09-12
15910,Google,4390.4,152,2024-02-16
15911,Instagram,3703.57,409,2024-03-27
15912,Google,143.56,234,2024-09-11
15913,Instagram,275.39,101,2023-07-03
15914,Facebook,1815.22,293,2024-02-06
15915,TikTok,1792.89,477,2024-05-16
15916,Facebook,3772.37,436,2024-05-19
15917,Instagram,2703.14,89,2024-08-04
15918,Facebook,1388.75,398,2023-10-31
15919,Instagram,1378.86,49,2023-05-17
15920,Instagram,1632.12,180,2023-05-06
15921,Facebook,2050.98,447,2024-11-17
15922,TikTok,403.52,12,2023-05-25
15923,TikTok,4039.19,461,2024-03-03
15924,Instagram,4807.35,408,2024-07-10
15925,Google,2156.99,100,2024-08-18
15926,TikTok,3546.53,1,2023-02-28
15927,TikTok,3363.55,45,2024-10-21
15928,Facebook,2091.24,205,2023-02-16
15929,Google,195.98,336,2023-06-03
15930,Facebook,4611.0,141,2023-03-15
15931,Instagram,746.46,419,2023-01-03
15932,Facebook,2779.02,435,2023-08-26
15933,Google,4396.46,494,2024-08-15
15934,Instagram,4246.11,271,2024-04-07
15935,Instagram,4579.41,324,2024-11-15
15936,Google,619.89,281,2023-12-06
15937,Facebook,4130.08,487,2023-06-24
15938,Email,2329.99,298,2024-09-28
15939,Google,439.81,35,2023-08-30
15940,Google,3594.17,81,2023-12-12
15941,Instagram,2019.03,153,2024-03-14
15942,Instagram,1552.35,481,2024-03-22
15943,TikTok,2694.14,102,2023-09-23
15944,Instagram,415.49,443,2024-01-21
15945,Facebook,3436.4,232,2023-02-03
15946,TikTok,1498.09,444,2023-05-07
15947,Google,1104.27,296,2023-03-31
15948,Instagram,4904.0,327,2023-07-02
15949,Instagram,1648.68,18,2024-11-29
15950,Instagram,2135.37,398,2024-09-17
15951,Google,2596.95,330,2023-05-13
15952,Facebook,2930.52,167,2023-05-27
15953,Google,3945.08,423,2024-01-16
15954,Email,4053.57,16,2023-08-16
15955,Facebook,3319.15,39,2024-02-27
15956,TikTok,4588.02,482,2024-09-30
15957,Email,2297.29,473,2024-03-22
15958,Facebook,672.11,359,2024-01-16
15959,Instagram,3628.2,383,2023-05-09
15960,Facebook,106.85,245,2024-09-14
15961,Facebook,1291.19,223,2024-08-24
15962,Email,4654.92,217,2024-07-20
15963,Facebook,217.73,67,2023-02-12
15964,Facebook,2530.37,482,2024-08-19
15965,TikTok,2882.69,96,2024-09-13
15966,Instagram,425.58,387,2023-08-12
15967,TikTok,1520.44,248,2023-07-15
15968,Email,2859.03,11,2023-01-02
15969,Google,964.66,4,2023-11-28
15970,Google,1670.88,174,2024-08-13
15971,Email,1146.24,140,2023-04-25
15972,Facebook,752.77,163,2024-01-08
15973,Instagram,2267.09,253,2024-02-13
15974,Google,3836.35,420,2023-10-19
15975,TikTok,1218.3,430,2023-04-24
15976,TikTok,1578.08,253,2023-04-17
15977,Instagram,4001.0,332,2023-11-30
15978,Email,2398.37,189,2023-05-14
15979,Google,3839.68,166,2023-11-11
15980,Email,4114.8,195,2024-07-03
15981,Facebook,2689.7,400,2023-04-03
15982,Instagram,4277.86,318,2023-09-16
15983,Google,3733.71,204,2023-09-05
15984,Instagram,1609.67,133,2023-04-23
15985,Facebook,3705.32,413,2023-08-24
15986,TikTok,2596.39,117,2023-06-25
15987,Google,4446.59,89,2023-07-04
15988,Facebook,1928.04,317,2024-11-27
15989,Google,4458.69,246,2024-09-03
15990,TikTok,2329.92,293,2024-03-13
15991,Facebook,910.7,5,2024-02-29
15992,Instagram,1842.55,294,2023-08-29
15993,Facebook,1114.6,457,2024-04-12
15994,Email,696.6,30,2024-06-29
15995,Instagram,3928.77,167,2024-07-27
15996,Google,1491.63,216,2024-02-27
15997,TikTok,3833.45,370,2024-10-25
15998,Facebook,2757.08,102,2023-05-24
15999,TikTok,2331.28,228,2024-02-22
16000,Email,1858.89,260,2024-01-14
16001,TikTok,933.91,256,2023-07-21
16002,Google,609.98,485,2024-07-05
16003,Google,257.9,218,2024-06-18
16004,Facebook,3246.13,421,2023-04-14
16005,Instagram,2410.17,446,2024-02-22
16006,Instagram,4987.9,329,2023-12-14
16007,Email,1598.96,27,2024-08-18
16008,Google,1637.05,164,2024-07-19
16009,TikTok,4163.76,486,2024-01-16
16010,Instagram,557.33,8,2023-05-02
16011,TikTok,4504.39,295,2023-05-20
16012,Email,3861.08,460,2023-11-04
16013,Google,3202.24,5,2023-04-24
16014,Instagram,4121.79,403,2023-08-14
16015,Email,4295.67,57,2024-07-21
16016,Google,4555.67,357,2024-01-26
16017,TikTok,1188.91,198,2023-01-07
16018,Instagram,3690.17,189,2024-03-26
16019,TikTok,1908.04,127,2023-10-07
16020,Google,2153.12,224,2024-06-22
16021,Facebook,4032.75,264,2023-01-14
16022,Google,745.34,405,2024-11-04
16023,Instagram,4102.69,185,2023-04-10
16024,Instagram,4806.45,217,2023-07-13
16025,Email,106.22,342,2023-07-22
16026,Facebook,1510.68,423,2024-07-01
16027,TikTok,2008.48,311,2024-03-16
16028,TikTok,4831.57,277,2023-10-05
16029,Instagram,634.64,141,2023-11-10
16030,Instagram,4175.83,352,2023-11-05
16031,Email,640.96,38,2023-05-03
16032,TikTok,663.88,456,2023-07-05
16033,Facebook,3878.76,178,2023-12-13
16034,Instagram,3493.64,381,2023-05-07
16035,TikTok,4185.86,463,2023-07-22
16036,Email,1709.69,131,2023-04-09
16037,Email,667.9,487,2023-10-26
16038,Email,4783.31,406,2024-08-15
16039,Email,4359.12,289,2024-08-12
16040,Facebook,4923.02,413,2024-09-22
16041,Google,1986.96,86,2024-01-09
16042,Google,477.65,342,2023-03-21
16043,Instagram,4099.23,235,2024-11-29
16044,TikTok,2101.48,315,2024-06-27
16045,TikTok,1445.3,452,2023-02-10
16046,Facebook,4817.61,204,2024-09-10
16047,Instagram,513.15,402,2023-05-11
16048,Instagram,1975.31,343,2024-09-19
16049,Email,1023.43,407,2023-07-13
16050,Email,4787.75,358,2024-06-25
16051,Email,2649.2,50,2023-12-22
16052,Email,619.8,291,2024-10-28
16053,Google,3211.79,249,2024-01-20
16054,Facebook,1271.04,256,2023-11-18
16055,Facebook,1378.38,329,2023-01-18
16056,Facebook,1445.06,156,2024-01-18
16057,Instagram,3871.41,386,2023-12-16
16058,Google,3646.49,203,2023-11-26
16059,TikTok,1232.59,455,2024-04-22
16060,Facebook,3949.88,58,2024-04-14
16061,TikTok,4369.13,326,2023-05-17
16062,Email,4002.87,442,2023-07-29
16063,Email,4467.09,293,2024-03-16
16064,TikTok,2581.99,74,2024-07-21
16065,Instagram,2817.9,58,2024-01-24
16066,Google,4680.06,413,2024-03-08
16067,Email,4254.35,143,2024-10-27
16068,Instagram,3484.74,299,2024-09-03
16069,Email,2633.44,119,2023-09-02
16070,Facebook,4213.38,331,2023-11-10
16071,TikTok,3172.2,434,2024-07-15
16072,Email,957.15,225,2024-10-13
16073,Google,3527.18,65,2024-09-23
16074,Facebook,2671.09,116,2023-04-11
16075,Email,3951.44,108,2023-08-28
16076,Instagram,4624.4,208,2023-08-25
16077,Email,3466.1,33,2024-07-06
16078,Google,761.43,235,2023-01-20
16079,Instagram,1440.51,100,2024-06-10
16080,Email,3093.46,456,2024-07-16
16081,Google,2849.91,77,2023-01-25
16082,Instagram,4243.33,125,2024-08-27
16083,Facebook,4506.53,306,2024-11-03
16084,TikTok,819.67,372,2023-04-30
16085,TikTok,2125.43,222,2023-10-24
16086,Instagram,1323.39,276,2023-08-06
16087,TikTok,782.85,125,2023-07-08
16088,Google,1510.15,63,2024-09-12
16089,Facebook,1741.6,403,2024-06-04
16090,Google,2841.02,361,2023-02-06
16091,TikTok,3875.18,50,2023-04-04
16092,Instagram,4840.37,207,2024-09-12
16093,Facebook,3569.68,50,2024-03-12
16094,Google,3006.86,324,2024-09-27
16095,Email,1973.21,140,2024-07-11
16096,TikTok,3335.69,119,2024-03-13
16097,Google,1854.72,177,2024-05-07
16098,Instagram,3193.56,400,2024-09-02
16099,TikTok,696.33,365,2023-04-25
16100,Google,53.28,134,2023-10-05
16101,TikTok,2194.69,468,2023-06-15
16102,Google,3554.85,77,2024-11-23
16103,TikTok,3929.54,30,2023-04-27
16104,Email,1584.89,382,2024-09-01
16105,Instagram,2752.25,116,2023-01-18
16106,Instagram,1198.07,35,2024-11-22
16107,Email,3082.16,344,2024-06-10
16108,TikTok,1451.62,490,2024-11-09
16109,Google,1651.75,100,2023-01-18
16110,Facebook,1831.56,61,2023-03-06
16111,Facebook,1282.03,426,2023-08-12
16112,Google,399.97,86,2024-05-29
16113,Instagram,113.05,157,2024-09-06
16114,Email,2896.28,226,2024-03-15
16115,Email,3379.08,155,2023-12-08
16116,Email,1725.01,386,2024-04-15
16117,TikTok,4606.65,436,2023-10-06
16118,Instagram,480.83,395,2024-05-23
16119,Facebook,4173.81,454,2024-03-27
16120,TikTok,1529.6,436,2023-12-15
16121,Facebook,3245.14,194,2024-01-20
16122,Facebook,1731.86,34,2024-05-07
16123,TikTok,4064.06,74,2024-05-14
16124,Google,4377.27,222,2023-01-31
16125,Email,2567.97,318,2024-09-18
16126,Instagram,1606.75,107,2023-05-24
16127,TikTok,1870.34,227,2024-09-16
16128,Instagram,1576.97,66,2023-02-13
16129,Facebook,2507.44,266,2024-10-24
16130,Facebook,4043.23,230,2024-03-11
16131,Facebook,2161.95,462,2024-04-28
16132,Facebook,2338.32,66,2023-04-13
16133,Google,3912.33,142,2023-10-04
16134,Facebook,2857.32,462,2023-09-10
16135,Email,1996.6,134,2023-02-19
16136,TikTok,2622.37,454,2024-05-04
16137,Google,1092.51,137,2023-11-10
16138,Instagram,88.67,255,2023-11-12
16139,TikTok,3239.91,2,2024-02-01
16140,TikTok,4109.6,6,2024-07-13
16141,Instagram,3810.63,299,2023-08-23
16142,Email,1001.85,342,2023-08-24
16143,Google,1482.4,204,2023-08-31
16144,TikTok,4234.02,105,2023-06-26
16145,Facebook,1668.39,54,2023-04-05
16146,Google,3013.98,143,2023-11-01
16147,Google,2010.03,185,2024-03-03
16148,TikTok,396.31,56,2024-04-09
16149,Email,112.48,267,2023-08-06
16150,TikTok,1688.88,11,2023-02-13
16151,Google,3506.62,259,2023-09-25
16152,Facebook,396.08,85,2023-03-07
16153,Email,4828.45,254,2024-07-08
16154,Email,772.75,89,2023-04-12
16155,Google,93.08,232,2023-09-30
16156,Facebook,1078.2,388,2023-10-02
16157,TikTok,1535.96,499,2023-07-24
16158,Instagram,413.05,104,2023-11-10
16159,Instagram,2845.02,233,2024-07-02
16160,Instagram,4117.37,171,2024-05-20
16161,TikTok,3492.37,181,2023-11-05
16162,TikTok,2347.53,190,2024-02-05
16163,Instagram,558.88,119,2024-03-14
16164,Instagram,493.35,3,2024-07-06
16165,Instagram,169.57,364,2023-06-10
16166,Email,4672.19,205,2023-06-03
16167,Google,2157.68,394,2024-06-19
16168,Instagram,453.52,343,2024-08-15
16169,Facebook,3332.46,122,2024-11-26
16170,Instagram,1669.73,245,2024-01-05
16171,Email,1949.37,449,2023-11-19
16172,Google,3626.42,288,2024-04-30
16173,TikTok,3910.03,142,2024-09-05
16174,Email,3008.87,481,2023-11-02
16175,Instagram,3895.95,468,2024-08-18
16176,Instagram,2250.05,2,2024-01-28
16177,Google,3573.59,388,2024-04-09
16178,Instagram,4205.69,282,2024-04-19
16179,Google,3183.44,276,2023-07-07
16180,Email,4182.77,59,2024-01-25
16181,Instagram,1158.53,61,2023-12-18
16182,Email,3157.79,59,2023-05-05
16183,Instagram,1385.98,251,2023-10-11
16184,TikTok,3435.96,103,2023-02-04
16185,TikTok,1478.21,320,2023-04-03
16186,Facebook,4436.99,319,2024-10-30
16187,Google,127.14,48,2023-03-07
16188,Facebook,4219.56,461,2023-08-20
16189,Instagram,873.63,175,2024-05-19
16190,Facebook,2384.87,127,2024-05-02
16191,Google,684.39,58,2023-11-25
16192,Email,884.12,476,2024-04-14
16193,Facebook,1691.64,419,2024-03-03
16194,TikTok,4426.17,186,2023-06-01
16195,Instagram,1664.37,210,2023-10-10
16196,TikTok,4672.34,284,2023-01-05
16197,Instagram,1607.9,29,2023-01-06
16198,Instagram,179.28,339,2023-06-17
16199,TikTok,3378.79,330,2023-08-16
16200,TikTok,1275.16,401,2023-09-11
16201,TikTok,1179.79,394,2023-07-19
16202,Instagram,3562.36,92,2024-07-05
16203,Facebook,3677.5,283,2023-06-03
16204,Email,1090.32,192,2024-05-08
16205,Instagram,496.6,236,2024-08-09
16206,Email,1883.6,128,2023-07-25
16207,Facebook,4027.04,420,2024-03-06
16208,Google,4446.17,75,2023-10-07
16209,Instagram,2355.93,137,2024-08-02
16210,Facebook,2271.2,334,2023-09-30
16211,Email,851.86,181,2023-10-03
16212,Email,4027.29,483,2023-10-02
16213,TikTok,4307.67,472,2023-10-27
16214,Instagram,1753.2,50,2024-04-09
16215,Google,2885.72,252,2024-07-14
16216,Google,2279.71,265,2024-03-25
16217,Email,314.3,222,2023-01-29
16218,Google,4937.38,466,2023-10-07
16219,Email,2483.55,182,2023-10-10
16220,Facebook,1826.57,401,2023-03-26
16221,TikTok,2407.66,175,2023-07-31
16222,TikTok,2068.47,333,2024-08-12
16223,Email,2163.69,17,2023-11-26
16224,TikTok,2101.88,41,2023-09-14
16225,Email,1458.19,368,2023-05-19
16226,Google,2180.02,155,2024-11-09
16227,TikTok,3578.06,328,2024-10-03
16228,Facebook,4123.82,207,2024-10-19
16229,Instagram,3689.04,310,2023-02-05
16230,Email,3319.71,60,2023-01-29
16231,Google,2000.32,42,2024-05-23
16232,Facebook,1162.79,304,2023-07-10
16233,Facebook,1602.14,343,2023-11-29
16234,Instagram,4542.59,337,2024-01-21
16235,Instagram,4671.84,489,2023-04-05
16236,Instagram,2749.0,381,2024-01-18
16237,Google,3748.95,313,2023-06-20
16238,Google,761.78,171,2024-10-12
16239,Email,1377.13,137,2023-07-01
16240,Email,2479.42,357,2023-01-26
16241,Instagram,3798.53,322,2024-11-28
16242,Instagram,2530.21,317,2024-04-03
16243,Facebook,2930.14,75,2023-02-14
16244,Instagram,3128.05,465,2024-03-21
16245,TikTok,2441.82,456,2023-05-18
16246,Facebook,1604.32,399,2024-08-07
16247,Facebook,4099.84,266,2024-06-12
16248,Facebook,568.89,408,2024-02-18
16249,Instagram,3267.28,121,2024-11-11
16250,TikTok,1525.96,40,2023-12-25
16251,Google,3854.98,25,2023-01-04
16252,TikTok,3005.75,496,2023-05-20
16253,Google,2532.95,346,2024-11-18
16254,Facebook,1620.02,114,2024-11-10
16255,Facebook,1183.72,474,2023-05-12
16256,Google,1033.89,472,2023-07-12
16257,Google,2896.55,324,2023-09-09
16258,Google,1380.29,23,2023-06-19
16259,TikTok,2664.32,195,2023-06-09
16260,Facebook,4156.08,28,2024-04-27
16261,Facebook,3165.35,455,2023-02-17
16262,Instagram,4588.08,109,2023-11-27
16263,Instagram,1820.5,399,2023-01-02
16264,Google,3159.82,239,2023-04-03
16265,Email,1458.91,365,2023-01-13
16266,Facebook,3720.36,311,2024-02-24
16267,Facebook,3268.13,3,2023-07-14
16268,Google,1011.62,351,2023-03-31
16269,TikTok,3671.32,106,2024-04-20
16270,TikTok,2255.06,483,2023-11-14
16271,TikTok,2885.22,185,2023-09-22
16272,Email,1195.64,420,2023-07-10
16273,Email,3907.49,454,2023-11-30
16274,Facebook,1382.18,453,2023-12-10
16275,Facebook,4136.79,21,2024-07-23
16276,Facebook,2834.41,403,2024-04-18
16277,Facebook,3631.9,283,2023-01-18
16278,TikTok,1982.25,22,2023-12-04
16279,TikTok,165.29,99,2024-01-05
16280,Google,2715.53,436,2024-01-21
16281,TikTok,4377.31,325,2024-05-12
16282,Facebook,3100.13,345,2023-01-28
16283,Email,2153.24,152,2023-12-17
16284,Facebook,2591.98,146,2023-02-21
16285,Google,969.68,214,2024-10-23
16286,Instagram,4086.26,233,2024-01-30
16287,Facebook,2939.87,191,2023-08-13
16288,TikTok,4911.76,222,2024-08-29
16289,Instagram,4696.18,32,2024-02-29
16290,Instagram,969.44,327,2024-04-02
16291,TikTok,454.97,163,2023-01-01
16292,Email,2420.16,237,2023-03-26
16293,Facebook,4122.62,145,2023-08-20
16294,Instagram,2259.73,243,2023-06-29
16295,Email,3273.26,314,2023-04-28
16296,Facebook,4977.32,39,2024-08-15
16297,TikTok,1254.59,110,2024-05-13
16298,Google,2620.27,27,2024-01-16
16299,Instagram,3138.42,99,2023-05-11
16300,Email,1875.63,377,2023-12-15
16301,Instagram,3205.35,107,2023-06-19
16302,Google,452.63,288,2024-02-23
16303,Google,772.08,405,2023-03-10
16304,Email,2291.53,285,2024-07-10
16305,Instagram,3753.66,88,2024-07-14
16306,Facebook,4903.17,30,2023-01-27
16307,Facebook,270.0,33,2024-06-18
16308,Google,3597.96,428,2024-03-16
16309,TikTok,3415.26,180,2023-06-25
16310,Instagram,4891.17,440,2023-12-28
16311,Facebook,1623.14,32,2023-03-19
16312,Facebook,1397.46,486,2023-07-11
16313,Email,1873.96,252,2024-06-22
16314,Google,4669.76,112,2024-10-04
16315,Instagram,2584.34,331,2024-03-08
16316,Instagram,1621.02,291,2023-02-18
16317,Facebook,936.13,473,2024-01-26
16318,Facebook,880.47,318,2023-03-03
16319,Facebook,2682.5,108,2023-06-17
16320,Facebook,1548.13,298,2023-05-14
16321,Email,758.77,131,2024-10-29
16322,TikTok,4672.35,400,2023-04-11
16323,Instagram,115.82,73,2024-11-04
16324,Google,1677.49,393,2024-03-19
16325,TikTok,2708.99,441,2024-01-14
16326,Google,4505.94,325,2024-03-16
16327,Google,2134.75,251,2023-02-23
16328,Google,4771.68,285,2024-01-31
16329,Instagram,2345.17,69,2024-09-23
16330,Email,471.67,425,2023-08-30
16331,TikTok,205.78,178,2024-02-24
16332,Google,4519.01,61,2023-08-29
16333,Instagram,2818.48,318,2023-07-30
16334,TikTok,932.67,248,2023-05-25
16335,Google,2588.61,42,2024-07-26
16336,Facebook,3652.87,404,2024-09-09
16337,TikTok,1457.87,245,2024-05-26
16338,TikTok,965.25,484,2023-07-27
16339,Facebook,1399.33,20,2023-04-05
16340,Facebook,1084.97,284,2023-08-19
16341,Facebook,2561.33,468,2024-06-18
16342,Facebook,1568.27,181,2024-09-07
16343,TikTok,993.64,201,2024-10-28
16344,Google,3050.6,28,2023-03-27
16345,Facebook,3364.81,14,2024-08-11
16346,Email,1712.4,391,2023-02-26
16347,Email,265.35,333,2024-06-27
16348,Instagram,493.95,444,2024-06-01
16349,TikTok,2442.2,442,2023-12-30
16350,Email,4342.85,81,2024-04-28
16351,TikTok,828.48,367,2023-07-02
16352,TikTok,3308.72,320,2023-04-15
16353,Email,1693.13,386,2024-08-07
16354,Facebook,4204.41,430,2024-11-23
16355,Facebook,352.8,152,2024-10-06
16356,Google,3611.65,41,2023-02-19
16357,Facebook,309.36,55,2024-03-12
16358,Email,3623.82,497,2024-02-10
16359,TikTok,4311.81,480,2024-03-01
16360,Google,143.14,302,2023-08-15
16361,Google,4844.66,44,2024-05-16
16362,Facebook,2887.86,376,2023-11-20
16363,Google,459.97,199,2023-05-09
16364,TikTok,254.7,437,2023-09-03
16365,Facebook,3704.58,188,2023-10-05
16366,Google,801.74,493,2023-09-02
16367,Instagram,968.87,86,2024-09-15
16368,Email,2253.9,322,2023-04-16
16369,Google,4322.34,32,2024-10-16
16370,Facebook,2760.13,23,2023-08-30
16371,Facebook,379.54,9,2023-07-29
16372,TikTok,2543.78,376,2023-04-20
16373,Facebook,1368.96,380,2023-10-13
16374,Instagram,954.32,452,2023-11-26
16375,Instagram,962.17,467,2023-02-11
16376,Email,3393.07,16,2023-02-07
16377,Email,577.81,320,2023-01-22
16378,Facebook,1892.51,215,2024-09-12
16379,Google,3052.07,82,2024-02-06
16380,Facebook,1021.68,365,2023-04-02
16381,Facebook,2801.98,421,2024-11-18
16382,Google,4796.33,352,2024-03-14
16383,Google,1530.68,267,2023-02-14
16384,Facebook,4970.08,473,2024-04-28
16385,Instagram,772.32,481,2023-06-27
16386,TikTok,4470.26,376,2023-01-29
16387,Email,2356.55,326,2024-05-06
16388,Google,283.14,288,2024-06-24
16389,Instagram,428.42,419,2024-02-21
16390,Instagram,4530.18,351,2023-12-13
16391,Google,2457.04,0,2023-05-16
16392,TikTok,922.6,347,2024-05-26
16393,Google,994.17,275,2023-02-26
16394,Instagram,3767.6,66,2024-03-24
16395,Email,4451.44,67,2023-11-08
16396,Email,4275.41,272,2023-09-21
16397,Facebook,1162.34,122,2023-05-30
16398,TikTok,3431.16,471,2023-06-13
16399,TikTok,4947.12,192,2024-11-16
16400,TikTok,2155.06,125,2024-07-24
16401,Facebook,2095.79,205,2023-05-03
16402,TikTok,3916.57,74,2023-03-11
16403,Instagram,2204.35,441,2024-11-04
16404,Google,3102.33,413,2024-01-23
16405,TikTok,4068.54,140,2024-01-01
16406,Email,1948.92,247,2023-04-30
16407,Email,4458.5,107,2023-03-21
16408,Google,1471.65,225,2023-01-19
16409,Instagram,2812.68,310,2024-03-02
16410,TikTok,151.22,444,2024-08-18
16411,Instagram,4590.99,21,2023-06-10
16412,Google,4335.93,211,2023-11-21
16413,Facebook,3152.2,346,2024-05-29
16414,Instagram,4770.82,483,2023-03-27
16415,Instagram,2108.52,388,2024-01-08
16416,Instagram,3424.55,492,2023-12-25
16417,Google,645.05,70,2024-11-18
16418,Google,894.83,176,2024-04-15
16419,TikTok,4507.88,280,2024-02-21
16420,Instagram,1371.52,49,2023-10-13
16421,Google,1391.51,219,2023-02-19
16422,Instagram,1753.69,430,2023-02-24
16423,Google,1895.03,407,2023-05-28
16424,Google,312.64,435,2023-05-31
16425,Instagram,4868.83,193,2023-09-02
16426,TikTok,3909.05,92,2024-03-15
16427,Google,1832.96,90,2024-08-30
16428,Facebook,1182.76,437,2024-01-30
16429,Google,97.92,18,2024-09-01
16430,Email,3274.78,354,2024-01-27
16431,Instagram,247.41,38,2024-04-24
16432,TikTok,3293.13,435,2023-04-15
16433,Facebook,1486.91,130,2024-01-06
16434,Email,3474.64,134,2024-06-11
16435,Facebook,4238.46,163,2024-03-12
16436,Instagram,3894.75,34,2024-03-29
16437,Google,1017.32,126,2023-08-18
16438,Instagram,3388.28,277,2024-03-01
16439,Google,840.9,2,2023-06-18
16440,TikTok,2141.76,62,2023-02-18
16441,Google,1714.38,90,2024-04-03
16442,TikTok,394.2,87,2024-09-26
16443,Google,4827.1,235,2024-06-21
16444,TikTok,1664.03,485,2023-12-29
16445,Google,247.8,102,2023-11-26
16446,TikTok,4879.43,164,2023-05-30
16447,Google,631.59,287,2023-09-20
16448,Instagram,2502.49,232,2023-12-15
16449,Instagram,1364.04,293,2023-01-03
16450,Instagram,2365.95,346,2023-04-22
16451,Instagram,4923.18,169,2023-04-03
16452,Facebook,4447.09,93,2024-11-01
16453,Instagram,4018.1,359,2024-03-30
16454,Facebook,314.81,326,2023-12-26
16455,TikTok,2103.71,169,2024-01-16
16456,TikTok,3677.58,343,2024-10-03
16457,TikTok,448.15,63,2023-08-20
16458,Facebook,265.95,33,2024-03-23
16459,Facebook,94.38,48,2024-03-06
16460,TikTok,3845.26,315,2024-07-15
16461,Instagram,1346.21,186,2023-06-29
16462,Google,2361.72,238,2023-08-17
16463,Instagram,155.85,286,2023-02-22
16464,Email,3747.0,304,2024-05-18
16465,Email,3933.29,292,2024-03-17
16466,Google,4583.27,118,2024-11-17
16467,Facebook,3941.11,467,2023-02-27
16468,Instagram,4211.74,58,2023-05-31
16469,Email,3555.94,49,2024-06-26
16470,Google,2940.19,214,2024-03-05
16471,TikTok,1247.1,252,2024-07-21
16472,Google,731.72,0,2023-10-16
16473,TikTok,2670.84,202,2023-11-10
16474,Facebook,1961.83,438,2023-06-18
16475,Instagram,298.79,178,2024-08-01
16476,Instagram,3276.73,197,2023-07-31
16477,Email,1984.74,393,2023-03-21
16478,Instagram,2178.96,230,2024-05-07
16479,Email,3672.51,87,2023-03-06
16480,Instagram,4749.13,281,2023-08-15
16481,Email,3339.42,190,2024-10-27
16482,TikTok,1877.77,16,2023-02-04
16483,Instagram,57.06,475,2024-01-02
16484,Google,1341.61,332,2024-10-27
16485,Facebook,3282.18,76,2023-12-17
16486,Google,4134.08,272,2023-04-20
16487,Email,4815.49,390,2024-11-04
16488,Google,4053.78,143,2024-08-06
16489,Google,4559.84,196,2023-08-25
16490,TikTok,2081.74,441,2023-09-27
16491,Facebook,2568.96,402,2023-03-30
16492,Instagram,4592.35,104,2023-08-09
16493,Email,4677.79,174,2023-06-02
16494,Google,2741.05,370,2023-09-26
16495,Facebook,3480.94,396,2024-04-10
16496,Facebook,157.2,374,2024-07-18
16497,Facebook,1949.54,356,2023-11-22
16498,Facebook,663.2,160,2024-06-05
16499,TikTok,2500.4,273,2023-10-05
16500,Email,1658.47,462,2024-07-19
16501,Google,942.13,410,2024-07-19
16502,Google,1780.12,468,2023-12-17
16503,Facebook,1252.92,247,2023-12-15
16504,TikTok,4946.76,144,2023-04-23
16505,Email,1497.34,226,2023-02-21
16506,Instagram,517.44,183,2024-10-06
16507,TikTok,2883.6,163,2023-07-19
16508,Facebook,2134.68,415,2023-01-13
16509,Facebook,3519.6,209,2023-11-25
16510,Google,1387.51,83,2023-12-25
16511,Facebook,2380.33,115,2024-07-23
16512,Instagram,4200.73,348,2023-12-30
16513,Email,621.76,360,2023-02-18
16514,TikTok,2744.35,322,2023-07-11
16515,Instagram,4716.99,209,2024-05-26
16516,Email,2701.38,115,2023-04-12
16517,Facebook,1763.25,489,2024-04-20
16518,Facebook,2101.87,154,2024-09-17
16519,Email,1788.4,183,2023-07-07
16520,TikTok,103.31,282,2024-07-18
16521,Facebook,1190.45,38,2024-02-15
16522,Email,1820.87,485,2024-09-04
16523,TikTok,4772.84,186,2024-02-20
16524,Google,634.99,204,2024-02-19
16525,Email,3105.97,64,2023-02-06
16526,Email,1937.85,359,2023-07-10
16527,Email,1041.12,333,2024-04-22
16528,Email,3689.92,45,2024-10-20
16529,Google,4157.85,366,2023-07-22
16530,TikTok,4786.16,206,2024-06-27
16531,Google,3736.24,159,2023-06-11
16532,Google,566.24,17,2024-09-15
16533,Email,918.41,475,2023-02-12
16534,Facebook,4793.07,7,2024-07-16
16535,Email,643.04,29,2023-08-09
16536,TikTok,1332.3,451,2024-01-08
16537,Instagram,1180.33,403,2023-04-29
16538,Google,3646.58,411,2023-10-23
16539,Email,461.9,354,2023-10-21
16540,Facebook,784.92,48,2023-09-04
16541,Email,4165.86,435,2023-01-12
16542,Email,3512.52,427,2023-12-12
16543,Google,2935.19,390,2023-04-29
16544,Google,4614.44,217,2024-02-18
16545,Email,2531.01,156,2023-04-28
16546,Email,1397.85,347,2023-12-15
16547,Google,4579.99,381,2023-03-09
16548,Google,3299.41,488,2024-10-06
16549,Google,2914.32,181,2023-04-29
16550,Google,3532.4,2,2023-02-28
16551,Instagram,4390.69,160,2023-02-28
16552,Google,4988.39,86,2024-07-19
16553,TikTok,3282.21,286,2024-01-30
16554,Email,78.3,284,2023-01-12
16555,Google,2822.84,462,2023-07-04
16556,Google,4129.92,478,2023-10-25
16557,Facebook,103.19,491,2024-09-09
16558,TikTok,1214.31,132,2024-11-30
16559,Email,4796.46,450,2024-10-09
16560,TikTok,4815.53,255,2023-04-19
16561,Email,2120.32,271,2023-06-10
16562,Email,4332.07,240,2023-09-14
16563,TikTok,4604.41,353,2024-07-12
16564,Facebook,3118.57,331,2024-07-26
16565,Instagram,3975.13,177,2024-05-15
16566,Email,4588.32,474,2024-04-06
16567,Instagram,3137.96,317,2023-03-04
16568,Google,1668.28,210,2024-04-26
16569,TikTok,3661.38,395,2024-06-18
16570,Instagram,2832.23,362,2024-09-16
16571,Google,3195.6,36,2023-12-09
16572,Instagram,1549.5,73,2023-07-10
16573,TikTok,1561.88,326,2023-04-25
16574,Facebook,3216.15,387,2024-04-22
16575,TikTok,2742.64,274,2023-12-16
16576,Instagram,1033.83,47,2023-02-10
16577,Instagram,2674.4,332,2024-11-22
16578,Facebook,3334.41,21,2023-02-07
16579,Instagram,1494.36,477,2024-05-26
16580,Instagram,1489.65,201,2023-03-16
16581,Instagram,2039.48,175,2024-11-13
16582,Google,4052.25,367,2023-02-22
16583,Facebook,1725.09,380,2023-10-22
16584,Instagram,328.48,44,2023-06-25
16585,TikTok,3638.0,317,2024-07-09
16586,Facebook,1848.37,419,2024-11-22
16587,Email,1330.87,55,2024-03-18
16588,TikTok,202.18,118,2024-04-30
16589,TikTok,3854.9,324,2023-11-02
16590,Google,2236.71,2,2024-08-07
16591,Google,3187.35,410,2023-09-12
16592,Email,4938.63,104,2024-09-14
16593,Google,4210.13,38,2024-06-18
16594,Instagram,1684.53,379,2024-10-23
16595,Email,2509.69,319,2024-01-04
16596,TikTok,430.77,306,2024-11-26
16597,TikTok,452.49,134,2023-07-19
16598,Facebook,3673.74,130,2023-09-25
16599,Facebook,3407.53,417,2023-11-09
16600,TikTok,4040.82,37,2024-05-30
16601,Instagram,909.92,67,2023-09-04
16602,TikTok,3150.23,382,2023-12-15
16603,Email,3493.34,157,2024-03-22
16604,Facebook,2085.25,421,2023-05-19
16605,Instagram,3757.79,5,2024-04-17
16606,Instagram,1185.19,359,2024-03-09
16607,Facebook,1044.19,489,2023-01-28
16608,Instagram,2536.19,372,2024-11-23
16609,Instagram,419.17,310,2023-05-31
16610,Email,924.99,256,2023-04-17
16611,TikTok,4501.77,381,2024-01-08
16612,Instagram,1698.55,281,2024-04-09
16613,TikTok,103.38,422,2023-01-11
16614,Instagram,548.09,427,2024-06-17
16615,TikTok,3587.87,487,2024-06-09
16616,Email,758.41,320,2024-06-04
16617,Instagram,1044.09,335,2024-10-14
16618,Email,3046.76,339,2024-11-13
16619,Google,1691.04,237,2024-05-24
16620,Facebook,2850.43,391,2023-10-31
16621,Instagram,2593.24,74,2024-07-20
16622,Instagram,2262.87,392,2023-08-31
16623,Facebook,4935.76,370,2024-10-28
16624,Instagram,2432.08,266,2023-06-29
16625,Email,957.69,303,2024-02-16
16626,Instagram,2229.36,308,2023-02-17
16627,TikTok,2390.43,362,2023-05-29
16628,Facebook,2540.31,3,2024-08-05
16629,Google,1962.62,476,2023-03-16
16630,Email,4460.03,195,2023-01-20
16631,Facebook,3060.4,495,2024-07-08
16632,Google,4632.5,170,2023-09-08
16633,Email,4457.63,470,2023-07-21
16634,Facebook,571.5,383,2023-11-30
16635,TikTok,4481.89,437,2024-07-05
16636,TikTok,4111.34,367,2024-06-04
16637,Facebook,3274.13,323,2023-05-12
16638,Instagram,1453.61,127,2023-07-11
16639,Email,4696.23,389,2023-01-24
16640,TikTok,541.26,495,2023-03-30
16641,Email,4998.29,215,2023-04-18
16642,TikTok,4379.78,166,2024-08-21
16643,Google,2648.49,361,2024-10-08
16644,TikTok,3633.15,192,2023-09-27
16645,Google,3855.86,106,2023-12-22
16646,Google,142.18,386,2024-05-28
16647,TikTok,1260.33,147,2023-05-24
16648,Instagram,1845.68,245,2023-12-05
16649,Instagram,3982.41,472,2024-07-04
16650,Instagram,3353.85,422,2024-02-13
16651,Email,2365.2,166,2023-12-11
16652,Google,3763.11,130,2024-08-02
16653,Email,222.41,137,2023-04-26
16654,Email,1209.7,23,2023-04-11
16655,Instagram,1557.97,430,2023-01-07
16656,Google,4676.2,443,2023-06-29
16657,Facebook,781.29,59,2024-05-24
16658,Facebook,2344.34,220,2023-08-30
16659,Google,343.51,330,2023-12-05
16660,Facebook,3871.61,90,2023-03-23
16661,TikTok,778.27,362,2024-05-13
16662,Facebook,1884.19,368,2023-12-21
16663,Email,3866.87,498,2023-03-18
16664,Facebook,682.04,80,2023-06-15
16665,TikTok,4143.93,231,2023-09-17
16666,TikTok,1055.43,288,2024-10-11
16667,Email,1881.0,35,2023-12-27
16668,Instagram,4492.19,197,2024-05-04
16669,Email,540.84,65,2024-07-02
16670,Email,4588.18,300,2024-01-03
16671,TikTok,3525.65,468,2024-08-19
16672,Instagram,1810.72,468,2023-06-10
16673,TikTok,3041.06,111,2024-09-09
16674,Email,883.79,378,2024-10-03
16675,Email,3762.37,109,2024-05-18
16676,Google,3538.43,248,2024-07-16
16677,Email,4443.33,42,2023-09-23
16678,Facebook,3371.72,353,2023-09-27
16679,Email,4609.74,106,2024-10-10
16680,Google,1874.41,493,2024-11-29
16681,TikTok,3023.29,88,2023-10-15
16682,Email,1882.3,14,2023-04-16
16683,TikTok,1149.52,428,2024-11-16
16684,Email,1133.77,253,2024-01-24
16685,TikTok,4290.32,461,2023-10-28
16686,Google,3283.1,76,2023-09-28
16687,Google,957.72,315,2024-04-21
16688,Facebook,1300.24,178,2023-04-26
16689,Email,3328.6,357,2023-09-11
16690,Facebook,1546.82,363,2023-06-10
16691,Instagram,2762.35,485,2023-08-31
16692,Email,3747.71,70,2024-10-02
16693,Email,800.16,231,2024-05-19
16694,Email,2971.26,486,2024-07-31
16695,Facebook,3124.0,92,2024-03-04
16696,Instagram,2025.69,221,2024-07-22
16697,Google,767.73,19,2023-09-26
16698,Facebook,3249.9,122,2023-12-13
16699,Facebook,787.04,21,2024-03-08
16700,Email,3069.83,39,2023-11-30
16701,Email,1195.61,330,2024-06-24
16702,Google,2542.92,437,2023-05-06
16703,Google,63.03,444,2023-09-12
16704,Google,1031.38,140,2024-09-05
16705,Email,710.19,257,2023-12-11
16706,TikTok,4555.76,428,2023-09-12
16707,Google,2080.87,484,2024-06-27
16708,Email,2165.49,437,2023-08-20
16709,TikTok,2397.42,218,2023-12-09
16710,Facebook,3617.0,469,2023-07-19
16711,Email,592.71,325,2023-02-16
16712,Email,1128.83,237,2024-07-18
16713,Email,2435.61,245,2024-04-25
16714,TikTok,1206.01,150,2024-03-05
16715,Google,1026.09,387,2023-05-29
16716,Google,1899.57,324,2023-08-06
16717,Email,3326.49,315,2024-10-30
16718,TikTok,865.12,305,2024-07-17
16719,TikTok,2551.62,160,2024-08-01
16720,Facebook,2907.1,190,2024-08-04
16721,TikTok,1226.31,289,2024-06-26
16722,Instagram,3774.82,462,2024-01-25
16723,TikTok,1837.65,210,2024-05-04
16724,Google,3314.75,313,2023-11-30
16725,TikTok,2066.11,404,2024-09-03
16726,TikTok,2413.74,361,2023-04-05
16727,Google,4365.63,37,2024-11-03
16728,Instagram,3809.98,402,2024-09-08
16729,Email,311.14,409,2024-09-21
16730,Facebook,3219.63,408,2023-05-26
16731,Facebook,2411.32,461,2024-04-12
16732,Email,2411.04,432,2023-08-27
16733,Email,2789.38,359,2024-07-12
16734,Google,3138.96,403,2024-03-23
16735,Facebook,1254.91,309,2024-03-23
16736,Facebook,2779.44,133,2024-05-14
16737,Email,381.82,50,2024-03-18
16738,Instagram,3801.82,85,2023-12-19
16739,TikTok,1334.18,6,2024-08-07
16740,Google,2375.86,274,2024-05-03
16741,Facebook,1749.17,206,2023-06-05
16742,Facebook,3160.57,181,2024-11-28
16743,Google,1039.63,50,2023-12-23
16744,Facebook,3179.34,395,2023-04-25
16745,Instagram,150.15,42,2023-04-19
16746,Google,3788.89,307,2024-02-20
16747,Instagram,3229.21,298,2023-01-03
16748,Instagram,3326.77,7,2024-03-24
16749,TikTok,3138.82,493,2024-09-06
16750,Facebook,1799.77,239,2024-03-08
16751,Email,3858.97,483,2023-11-26
16752,TikTok,94.24,101,2024-02-11
16753,Email,2410.74,267,2023-10-03
16754,Instagram,682.39,346,2023-12-26
16755,Instagram,131.34,184,2024-07-16
16756,Instagram,1354.18,37,2023-04-14
16757,Facebook,3160.24,234,2023-04-29
16758,Facebook,3504.74,494,2024-11-13
16759,Google,3881.19,98,2024-01-09
16760,Facebook,149.44,438,2023-06-13
16761,Email,2216.28,103,2023-05-16
16762,Facebook,4690.15,74,2023-06-16
16763,Google,236.43,418,2023-08-04
16764,Email,2665.46,222,2024-10-25
16765,TikTok,3465.48,103,2024-07-20
16766,Instagram,2880.8,185,2024-09-05
16767,Google,3777.82,59,2023-04-13
16768,Instagram,4060.98,39,2024-06-14
16769,Email,2850.56,433,2023-10-04
16770,Instagram,2833.68,20,2023-06-06
16771,Facebook,984.87,472,2023-01-28
16772,Google,97.07,190,2024-06-22
16773,TikTok,3849.06,30,2023-09-02
16774,TikTok,2231.1,474,2024-05-17
16775,TikTok,1929.7,419,2023-09-09
16776,Facebook,2664.66,245,2023-01-13
16777,TikTok,4023.21,171,2024-04-30
16778,Google,328.65,124,2023-08-21
16779,Instagram,4109.14,388,2024-02-10
16780,TikTok,1903.58,1,2023-06-30
16781,Facebook,1678.15,168,2023-01-31
16782,TikTok,2695.02,344,2024-07-26
16783,Facebook,74.23,352,2023-10-19
16784,Facebook,1512.79,165,2024-08-26
16785,Instagram,1610.52,127,2024-04-19
16786,Facebook,3883.31,22,2024-10-27
16787,TikTok,2800.6,190,2023-05-04
16788,Facebook,2579.2,401,2024-01-18
16789,TikTok,2078.37,273,2023-12-11
16790,TikTok,4051.92,122,2024-08-06
16791,Email,1190.06,179,2024-06-29
16792,Email,715.89,474,2024-07-24
16793,Google,3207.55,195,2023-07-06
16794,Facebook,1980.07,193,2023-07-23
16795,Instagram,1134.74,145,2023-08-23
16796,Facebook,3186.67,480,2023-01-24
16797,Email,4527.73,369,2024-08-21
16798,TikTok,559.56,159,2023-04-03
16799,Google,4862.13,129,2024-02-17
16800,Facebook,2508.64,184,2023-08-01
16801,Email,3561.78,201,2023-02-01
16802,TikTok,2673.32,131,2023-09-02
16803,Google,766.25,114,2024-02-01
16804,Instagram,2245.15,16,2024-01-21
16805,Instagram,4989.08,336,2023-12-19
16806,Instagram,3284.03,315,2023-07-10
16807,Email,4556.38,406,2023-11-13
16808,Facebook,3775.59,365,2024-07-05
16809,Facebook,1544.81,242,2023-09-09
16810,Facebook,4651.72,166,2023-08-19
16811,TikTok,4385.88,331,2024-06-18
16812,Facebook,810.12,162,2023-02-09
16813,Facebook,1071.09,470,2023-07-22
16814,TikTok,281.88,359,2024-03-06
16815,Instagram,3073.24,284,2024-07-25
16816,TikTok,922.45,37,2023-02-04
16817,Google,1998.33,333,2023-02-28
16818,Facebook,3626.15,121,2023-09-12
16819,Google,557.73,283,2023-08-25
16820,Instagram,698.62,482,2023-04-08
16821,Instagram,2218.25,5,2023-03-03
16822,Instagram,2613.32,306,2024-02-17
16823,Instagram,3461.03,106,2024-02-28
16824,Facebook,4471.1,468,2023-11-13
16825,TikTok,1005.01,73,2023-03-26
16826,Google,86.26,84,2023-07-26
16827,Email,1118.47,285,2024-03-16
16828,Instagram,3433.05,253,2024-06-04
16829,Facebook,857.78,488,2024-11-25
16830,TikTok,2001.88,184,2023-06-25
16831,Instagram,2893.12,69,2023-06-02
16832,Google,1873.63,173,2023-07-11
16833,Instagram,3663.42,22,2023-04-01
16834,Instagram,2124.04,185,2023-06-12
16835,Google,2653.03,315,2024-09-03
16836,Email,3617.74,197,2024-07-26
16837,TikTok,1858.23,222,2024-08-19
16838,TikTok,2075.8,349,2023-03-31
16839,Instagram,4109.82,392,2024-07-14
16840,Email,2204.87,226,2024-04-16
16841,Google,3339.0,22,2024-11-24
16842,Instagram,4776.05,434,2023-12-30
16843,TikTok,1548.5,81,2024-10-27
16844,Google,2857.37,466,2024-01-03
16845,Instagram,874.49,360,2023-12-16
16846,Facebook,3374.71,124,2023-03-21
16847,Instagram,2104.05,483,2024-06-30
16848,Facebook,1560.4,374,2024-09-20
16849,Email,2854.49,76,2024-08-23
16850,Instagram,3555.41,17,2024-09-28
16851,Instagram,3499.75,10,2023-08-20
16852,TikTok,2543.47,191,2024-02-29
16853,Google,1406.28,136,2024-01-22
16854,TikTok,1194.47,108,2024-07-28
16855,Email,3033.12,203,2024-07-22
16856,Instagram,434.84,489,2024-02-16
16857,Facebook,3708.82,283,2023-09-16
16858,Google,3142.24,242,2024-08-03
16859,Email,2722.8,236,2024-04-12
16860,Instagram,1271.93,416,2024-01-02
16861,Email,1654.23,129,2024-11-20
16862,Email,3354.58,237,2023-11-02
16863,TikTok,2738.41,207,2024-02-03
16864,Google,2338.8,305,2023-09-01
16865,Instagram,2410.84,130,2023-11-16
16866,Facebook,3090.12,156,2023-09-30
16867,Email,3253.96,225,2024-07-05
16868,Email,4747.16,491,2023-02-16
16869,Instagram,329.07,206,2023-12-08
16870,Google,51.04,272,2024-11-05
16871,Facebook,3901.5,69,2023-03-31
16872,Instagram,1374.87,242,2024-11-15
16873,Instagram,3440.95,338,2024-02-28
16874,Google,2166.33,287,2024-08-16
16875,TikTok,407.88,436,2023-08-22
16876,Email,3689.85,426,2024-11-23
16877,Instagram,4447.61,478,2024-06-14
16878,Instagram,3564.73,84,2024-09-01
16879,Instagram,1193.36,13,2023-08-16
16880,Facebook,1011.92,125,2023-07-25
16881,Google,629.18,41,2024-04-19
16882,TikTok,1428.54,411,2023-04-14
16883,TikTok,3712.45,310,2023-04-16
16884,Facebook,734.7,196,2023-07-11
16885,Email,1311.44,247,2023-03-29
16886,TikTok,4445.35,155,2023-02-07
16887,Facebook,1845.94,219,2024-01-13
16888,Google,2678.46,313,2023-05-30
16889,Facebook,1727.07,474,2024-06-16
16890,Instagram,699.95,328,2024-03-12
16891,TikTok,1078.28,217,2023-09-30
16892,Google,2678.38,299,2024-04-23
16893,Instagram,679.03,201,2023-04-03
16894,TikTok,890.75,121,2023-07-05
16895,TikTok,1562.25,292,2023-10-30
16896,TikTok,2932.5,211,2024-05-30
16897,TikTok,4583.26,477,2024-11-19
16898,Facebook,593.01,339,2024-07-30
16899,Facebook,3809.84,63,2023-12-14
16900,TikTok,2487.52,436,2023-01-17
16901,Email,3031.06,328,2024-04-14
16902,Google,1866.88,393,2023-08-10
16903,Facebook,3837.59,136,2024-02-17
16904,Google,1218.29,1,2023-03-10
16905,TikTok,874.51,202,2023-10-03
16906,TikTok,3892.07,475,2023-03-01
16907,TikTok,2517.46,155,2023-10-08
16908,Email,3065.54,81,2023-05-13
16909,Email,1332.23,24,2023-01-14
16910,Email,1396.46,190,2024-01-14
16911,Instagram,3126.55,334,2023-02-20
16912,Email,227.75,34,2024-05-01
16913,Instagram,1823.99,207,2024-08-07
16914,Facebook,3823.05,346,2024-07-07
16915,Facebook,4095.51,215,2024-03-08
16916,Google,4642.96,273,2024-11-13
16917,Email,1965.41,184,2024-07-13
16918,Google,2005.54,458,2024-10-05
16919,Instagram,4746.2,448,2024-05-11
16920,Email,1524.41,346,2024-09-06
16921,Facebook,2328.03,278,2023-06-21
16922,Instagram,792.94,496,2023-07-16
16923,Email,1109.48,235,2024-09-29
16924,Instagram,1319.05,286,2024-04-05
16925,Google,664.56,336,2023-07-12
16926,Facebook,4106.04,43,2024-09-21
16927,Email,1660.21,391,2024-06-12
16928,TikTok,1018.63,192,2023-04-28
16929,Google,623.48,72,2023-07-05
16930,Facebook,3255.56,238,2024-08-07
16931,Google,92.67,239,2023-06-16
16932,Instagram,1523.15,117,2023-01-25
16933,Email,362.57,107,2023-12-22
16934,Instagram,521.78,274,2023-10-25
16935,Facebook,4346.02,108,2024-04-20
16936,Google,1344.94,61,2024-05-12
16937,Email,3310.81,189,2023-11-14
16938,Email,216.04,479,2024-10-19
16939,TikTok,2447.6,462,2023-09-11
16940,Email,3133.13,410,2023-01-13
16941,TikTok,720.26,460,2024-04-22
16942,Email,371.32,188,2023-08-31
16943,Google,284.9,79,2024-09-28
16944,TikTok,882.46,82,2023-11-04
16945,TikTok,1089.6,467,2024-08-15
16946,Google,4483.8,345,2023-07-11
16947,TikTok,3905.46,127,2023-07-10
16948,Instagram,2807.08,391,2024-01-06
16949,Google,3309.29,4,2023-02-10
16950,Google,4729.16,269,2023-11-28
16951,Email,838.12,140,2023-11-16
16952,Instagram,1379.95,447,2023-05-29
16953,Google,714.71,210,2024-11-10
16954,Facebook,3902.99,147,2023-07-02
16955,Instagram,213.71,313,2024-05-25
16956,Email,148.49,422,2023-12-26
16957,Google,4533.06,357,2023-07-07
16958,TikTok,2844.56,415,2024-05-05
16959,TikTok,1829.04,15,2023-05-28
16960,Google,309.23,448,2023-01-16
16961,Facebook,3447.52,434,2023-04-05
16962,Email,2517.28,420,2024-01-17
16963,Instagram,3272.58,479,2023-07-22
16964,Email,4899.75,92,2023-08-03
16965,Google,4584.25,19,2024-11-02
16966,Email,966.58,246,2024-04-11
16967,Instagram,3871.09,174,2023-12-31
16968,Email,826.26,363,2023-09-08
16969,Facebook,2294.26,244,2024-06-11
16970,Google,2763.39,461,2023-01-12
16971,Google,4487.21,436,2024-11-21
16972,Email,1278.27,316,2024-07-08
16973,TikTok,1407.42,38,2024-08-26
16974,TikTok,3288.47,23,2024-07-07
16975,Instagram,4510.75,455,2024-01-01
16976,Email,1820.62,221,2024-09-01
16977,Email,2871.12,495,2024-01-28
16978,Email,1359.33,61,2024-10-28
16979,Facebook,726.13,185,2023-08-27
16980,Google,3154.29,80,2023-08-13
16981,Instagram,4319.87,49,2023-12-10
16982,Facebook,3731.55,89,2024-08-17
16983,Facebook,2011.68,95,2024-04-13
16984,Instagram,2334.91,451,2023-02-06
16985,TikTok,4600.88,106,2023-06-09
16986,Email,1572.21,246,2024-11-16
16987,Email,4900.38,215,2023-06-28
16988,TikTok,2431.0,143,2023-03-05
16989,Instagram,338.51,253,2023-01-01
16990,Instagram,202.59,249,2023-02-13
16991,Facebook,3748.67,490,2023-08-01
16992,TikTok,1787.52,471,2024-09-09
16993,Instagram,1797.14,455,2023-04-16
16994,Email,3361.0,331,2024-08-23
16995,Email,3391.15,238,2023-05-16
16996,Email,3378.81,318,2024-02-09
16997,Instagram,3798.73,197,2024-06-25
16998,Facebook,2128.0,51,2023-03-12
16999,TikTok,3371.63,194,2023-06-25
17000,Instagram,934.7,205,2023-10-07
17001,TikTok,4725.5,201,2024-11-26
17002,Facebook,3282.92,484,2023-01-30
17003,TikTok,4822.27,375,2023-03-20
17004,Instagram,2045.05,101,2023-10-22
17005,Email,468.61,494,2023-03-27
17006,Google,276.4,358,2024-10-24
17007,Facebook,4365.48,401,2023-05-30
17008,Google,1550.22,146,2023-09-09
17009,TikTok,4549.29,150,2023-09-20
17010,Google,4320.83,124,2023-07-30
17011,TikTok,925.21,164,2024-01-10
17012,Instagram,3120.56,423,2023-12-22
17013,Google,2856.39,221,2024-11-06
17014,TikTok,1022.61,381,2023-12-16
17015,Email,4460.61,356,2023-09-01
17016,Email,545.24,220,2023-04-22
17017,Facebook,339.86,252,2024-10-27
17018,TikTok,2897.05,287,2023-09-01
17019,Facebook,2431.37,52,2023-05-15
17020,Email,3760.88,132,2023-06-14
17021,Google,1185.05,121,2023-10-27
17022,Instagram,1304.22,116,2023-08-17
17023,TikTok,1944.94,398,2023-04-08
17024,Google,1332.06,127,2023-04-03
17025,TikTok,1401.3,393,2023-06-05
17026,Email,2371.46,445,2024-03-15
17027,TikTok,2954.62,159,2024-08-04
17028,Instagram,1885.56,239,2024-05-29
17029,TikTok,3240.23,193,2024-01-29
17030,TikTok,3446.94,130,2024-11-25
17031,TikTok,1879.22,82,2023-11-22
17032,Email,1062.12,89,2024-10-16
17033,Email,981.63,357,2023-05-30
17034,Google,3994.04,282,2023-02-15
17035,Instagram,185.41,34,2024-01-03
17036,Facebook,2700.42,21,2023-12-26
17037,TikTok,4718.76,374,2023-02-21
17038,Facebook,220.85,241,2023-04-30
17039,Google,287.61,412,2024-07-08
17040,Google,3612.11,196,2023-09-24
17041,Instagram,3427.05,291,2024-07-04
17042,Facebook,4543.35,141,2023-05-08
17043,Google,1087.43,291,2024-05-25
17044,TikTok,3502.36,469,2024-07-06
17045,Instagram,4195.18,468,2024-09-25
17046,Facebook,2443.06,115,2023-10-12
17047,Google,4887.69,478,2024-05-28
17048,Instagram,1190.96,205,2023-08-07
17049,Instagram,1196.12,149,2024-01-08
17050,Email,4111.52,149,2024-10-27
17051,Google,2043.43,107,2023-10-11
17052,Google,4636.38,319,2023-07-26
17053,Facebook,2692.72,79,2024-01-13
17054,Instagram,4332.5,328,2024-05-26
17055,Email,2815.25,435,2024-09-28
17056,Instagram,249.36,17,2023-04-26
17057,Google,3945.06,44,2024-10-22
17058,TikTok,2162.08,315,2023-11-27
17059,TikTok,1114.18,217,2023-05-28
17060,Email,1043.65,386,2024-07-09
17061,Google,358.92,484,2024-05-04
17062,TikTok,3248.7,129,2024-07-07
17063,Email,1604.38,147,2023-10-18
17064,Facebook,3575.56,50,2024-02-15
17065,Email,517.5,29,2024-09-15
17066,Instagram,2204.77,392,2023-12-26
17067,TikTok,2024.84,235,2023-12-01
17068,Google,3622.01,145,2023-06-03
17069,Instagram,4686.04,28,2024-04-25
17070,Email,2607.4,451,2023-05-18
17071,Instagram,4386.58,57,2023-04-23
17072,Instagram,964.03,93,2023-12-21
17073,Email,1438.75,374,2024-11-24
17074,Email,4199.33,139,2023-11-14
17075,Email,2238.61,232,2024-03-20
17076,Facebook,4817.29,238,2024-05-04
17077,TikTok,4906.99,415,2023-05-13
17078,Instagram,1086.08,49,2023-03-29
17079,Instagram,4339.06,221,2024-08-31
17080,Instagram,1943.29,371,2024-05-17
17081,Instagram,4648.87,321,2024-10-13
17082,Facebook,1977.76,70,2023-03-10
17083,Facebook,4897.65,428,2024-09-22
17084,Instagram,4516.68,51,2023-11-26
17085,Google,634.67,144,2024-06-18
17086,Email,4562.28,419,2024-08-05
17087,Google,1625.58,74,2024-04-09
17088,Instagram,3644.65,355,2024-05-31
17089,Instagram,1689.37,380,2024-04-01
17090,Email,1894.83,322,2023-11-09
17091,Google,390.27,446,2024-01-19
17092,Google,3292.77,316,2023-02-26
17093,TikTok,2836.97,195,2024-07-11
17094,Facebook,389.14,445,2024-06-02
17095,Facebook,2690.36,248,2024-07-15
17096,TikTok,4452.77,441,2024-08-06
17097,Facebook,541.33,499,2023-10-05
17098,Google,4446.18,380,2023-05-21
17099,TikTok,1858.56,262,2024-08-21
17100,Google,3887.24,85,2024-08-30
17101,Facebook,140.69,46,2024-10-29
17102,Instagram,659.97,168,2024-02-28
17103,Instagram,2792.01,285,2023-10-30
17104,TikTok,4357.98,468,2024-02-08
17105,Google,1777.17,280,2023-11-21
17106,TikTok,2687.8,177,2024-02-10
17107,TikTok,2172.93,496,2024-03-12
17108,Google,1850.76,93,2024-09-19
17109,Facebook,381.97,47,2023-04-15
17110,Facebook,1307.45,63,2023-10-21
17111,Facebook,2437.6,267,2023-01-02
17112,Instagram,4863.86,468,2024-07-01
17113,TikTok,690.6,446,2024-09-24
17114,Instagram,533.73,137,2024-03-30
17115,Email,2567.88,419,2024-08-17
17116,Facebook,512.08,57,2023-11-28
17117,TikTok,796.84,126,2023-02-15
17118,TikTok,3100.92,296,2024-03-20
17119,Facebook,1501.69,93,2023-03-05
17120,Instagram,2520.39,158,2024-07-20
17121,Facebook,2286.72,258,2023-02-16
17122,Facebook,2623.89,10,2023-02-08
17123,Facebook,1376.47,462,2024-10-06
17124,TikTok,904.37,322,2023-09-27
17125,Facebook,1345.52,212,2024-09-23
17126,Facebook,4729.75,88,2023-12-08
17127,TikTok,2938.78,266,2023-07-02
17128,Instagram,3489.28,124,2024-07-05
17129,TikTok,3572.34,303,2023-06-26
17130,Instagram,1401.82,276,2024-11-30
17131,Google,223.0,447,2024-05-21
17132,TikTok,3181.16,396,2024-08-09
17133,Facebook,529.59,413,2024-01-19
17134,Email,4986.21,203,2024-09-09
17135,Email,2398.84,484,2023-10-24
17136,Google,2308.69,275,2024-01-12
17137,Google,3591.78,343,2024-10-21
17138,Facebook,1305.94,93,2024-08-20
17139,Facebook,775.77,311,2024-09-26
17140,TikTok,497.28,325,2024-08-23
17141,Email,1726.46,423,2023-01-18
17142,TikTok,4221.2,323,2024-11-10
17143,TikTok,3981.14,341,2023-12-28
17144,Email,3863.76,259,2023-12-23
17145,TikTok,3346.0,452,2024-04-27
17146,Google,1926.41,395,2023-02-09
17147,Email,3858.67,476,2023-12-11
17148,Google,3344.97,463,2023-01-08
17149,TikTok,3081.07,59,2024-09-13
17150,Facebook,4109.8,456,2023-05-28
17151,Facebook,4275.22,415,2024-02-23
17152,Facebook,3130.44,28,2023-01-03
17153,Email,3649.88,139,2023-01-31
17154,Facebook,3246.83,197,2023-09-27
17155,TikTok,2664.21,439,2023-07-14
17156,Instagram,4198.22,251,2023-01-13
17157,Instagram,3649.32,184,2023-10-30
17158,Email,4357.51,181,2024-05-13
17159,Instagram,265.71,7,2024-04-07
17160,Email,3028.94,44,2023-03-22
17161,Facebook,801.86,418,2024-04-24
17162,Facebook,3032.78,250,2024-08-02
17163,Google,3838.28,363,2024-09-15
17164,Google,2565.45,168,2024-01-31
17165,Email,4732.97,298,2023-08-03
17166,Google,1762.93,304,2024-11-12
17167,Email,604.39,286,2024-03-15
17168,Instagram,1260.81,48,2024-03-07
17169,Facebook,4087.96,134,2023-04-19
17170,Facebook,1085.64,94,2024-07-06
17171,Email,2427.51,61,2024-11-16
17172,Facebook,4430.04,27,2024-04-12
17173,Google,4493.72,345,2023-09-28
17174,Facebook,1477.22,114,2024-09-09
17175,Google,3566.23,437,2023-10-25
17176,Facebook,2454.42,444,2024-11-23
17177,TikTok,3297.29,494,2023-02-07
17178,TikTok,985.02,194,2024-07-07
17179,Google,4651.44,238,2023-01-29
17180,TikTok,4863.53,273,2024-07-16
17181,Email,3922.61,235,2024-11-03
17182,Email,3885.58,67,2023-01-08
17183,TikTok,4612.44,79,2023-09-22
17184,Instagram,3918.72,49,2024-08-14
17185,Facebook,344.71,454,2023-08-24
17186,TikTok,147.8,281,2024-03-06
17187,Email,4407.63,337,2023-03-24
17188,Google,2982.56,85,2024-06-15
17189,TikTok,1592.67,255,2023-12-09
17190,Google,535.12,264,2023-03-17
17191,Instagram,2490.36,159,2023-03-01
17192,Instagram,1306.53,485,2023-09-18
17193,Facebook,3040.18,317,2023-09-18
17194,Email,4011.31,145,2024-06-23
17195,Email,1376.51,45,2023-07-10
17196,Instagram,4024.16,24,2023-10-22
17197,TikTok,3293.41,228,2024-03-01
17198,Instagram,152.84,333,2024-10-04
17199,Facebook,610.67,295,2023-10-27
17200,Email,2543.18,29,2023-08-24
17201,Email,1300.41,296,2024-08-22
17202,Google,462.44,308,2024-05-28
17203,Google,3114.49,74,2023-07-12
17204,Google,224.17,338,2023-12-01
17205,TikTok,621.15,228,2023-03-13
17206,Facebook,2669.71,368,2024-09-21
17207,Google,1210.03,98,2024-04-16
17208,TikTok,1432.11,215,2023-10-15
17209,Facebook,4556.19,453,2023-02-09
17210,Google,3122.45,194,2023-09-04
17211,Instagram,776.0,288,2023-12-18
17212,Email,668.96,271,2024-03-15
17213,Facebook,1578.53,369,2024-10-19
17214,Google,2411.91,151,2024-01-01
17215,Instagram,3161.51,277,2024-04-03
17216,Email,3732.14,356,2023-12-23
17217,Google,4576.4,453,2023-10-02
17218,Email,566.22,44,2024-07-27
17219,TikTok,2770.68,362,2024-09-25
17220,Facebook,485.29,106,2024-05-12
17221,Google,4229.41,431,2023-12-20
17222,TikTok,264.41,371,2024-10-26
17223,Instagram,2969.63,16,2023-10-05
17224,Google,1358.19,152,2024-07-05
17225,Facebook,2825.82,39,2024-10-11
17226,TikTok,170.85,452,2024-09-08
17227,Instagram,3005.32,224,2024-04-23
17228,TikTok,3429.96,179,2023-08-20
17229,TikTok,3940.76,248,2024-03-27
17230,Email,3119.58,375,2023-04-15
17231,Google,4162.03,232,2024-03-24
17232,Facebook,4871.03,435,2024-10-05
17233,Instagram,4187.45,422,2024-03-18
17234,Google,435.17,314,2023-03-26
17235,Facebook,4512.5,369,2024-04-19
17236,Instagram,1370.74,187,2024-03-23
17237,Google,3632.78,250,2024-10-21
17238,Google,3912.84,426,2023-01-14
17239,Facebook,3638.09,412,2023-02-14
17240,Instagram,1001.25,374,2024-10-19
17241,TikTok,1111.41,418,2024-02-19
17242,Instagram,1417.56,380,2024-05-11
17243,Instagram,3651.07,155,2024-08-16
17244,Email,1328.85,276,2023-12-02
17245,Google,96.36,6,2023-04-16
17246,Instagram,1745.44,319,2023-09-05
17247,Email,2379.79,364,2023-07-07
17248,Email,3304.18,65,2023-07-30
17249,Facebook,990.82,415,2024-09-06
17250,Instagram,2850.7,309,2023-04-06
17251,Facebook,1101.81,303,2024-10-26
17252,TikTok,314.09,353,2023-07-02
17253,Google,4037.76,66,2023-10-28
17254,Instagram,4631.14,479,2024-01-21
17255,Instagram,439.75,53,2023-07-08
17256,Instagram,3149.04,373,2024-08-17
17257,Email,2726.65,15,2024-11-05
17258,Facebook,1771.63,15,2024-01-04
17259,Facebook,3357.45,309,2023-03-13
17260,Email,1274.03,105,2023-11-29
17261,Google,1411.42,217,2024-05-12
17262,Instagram,2731.02,216,2023-10-04
17263,TikTok,3862.01,170,2023-05-20
17264,Email,1694.11,27,2023-09-04
17265,Instagram,3385.13,302,2024-03-07
17266,Google,1715.08,425,2023-01-26
17267,Facebook,3186.53,190,2023-03-19
17268,TikTok,3476.22,59,2023-04-27
17269,Email,2582.25,470,2024-01-02
17270,Email,3820.45,467,2023-12-27
17271,Instagram,4298.08,322,2024-04-24
17272,Google,1900.67,280,2023-08-31
17273,Facebook,1472.5,134,2024-08-14
17274,Facebook,179.55,151,2023-10-02
17275,Google,4585.17,452,2023-12-06
17276,Instagram,2969.1,24,2024-06-24
17277,Email,4499.64,75,2024-04-28
17278,Google,4898.9,93,2023-09-05
17279,Google,1635.33,404,2024-03-31
17280,Instagram,2399.02,167,2024-02-02
17281,Email,987.55,245,2024-01-30
17282,Instagram,3283.68,132,2023-03-05
17283,Google,4213.32,209,2024-08-26
17284,TikTok,4146.31,235,2024-11-25
17285,Instagram,3195.46,233,2024-08-20
17286,TikTok,4741.44,444,2024-03-02
17287,Google,2766.82,118,2024-01-22
17288,TikTok,4749.04,78,2024-10-25
17289,Google,1421.89,373,2024-08-11
17290,Instagram,948.74,10,2023-06-04
17291,Google,4099.16,215,2024-07-12
17292,TikTok,1817.73,237,2023-10-26
17293,Google,4223.77,413,2023-03-31
17294,Facebook,4402.26,338,2023-11-03
17295,TikTok,2780.73,125,2024-04-02
17296,Email,448.16,194,2023-01-19
17297,Instagram,4277.81,414,2024-03-07
17298,Facebook,1941.38,57,2024-02-06
17299,TikTok,1401.83,217,2023-12-06
17300,Instagram,4056.31,491,2024-06-26
17301,TikTok,2144.33,440,2023-02-18
17302,TikTok,1519.42,250,2023-04-06
17303,Instagram,3598.46,81,2024-09-07
17304,Google,758.49,96,2023-02-06
17305,Email,2548.92,345,2023-07-18
17306,Email,1188.54,57,2024-09-24
17307,Google,4379.99,375,2024-10-06
17308,Google,2300.77,152,2024-11-16
17309,Facebook,2824.49,321,2024-05-29
17310,Instagram,4801.08,75,2023-08-08
17311,Instagram,2101.44,262,2023-10-23
17312,TikTok,4086.26,235,2024-09-02
17313,Email,951.44,146,2024-09-03
17314,Facebook,119.61,285,2023-05-30
17315,Google,2982.13,228,2024-11-18
17316,Facebook,4587.89,436,2024-08-03
17317,Email,4336.06,287,2023-12-19
17318,Instagram,2364.27,80,2024-05-22
17319,TikTok,2970.86,159,2023-12-29
17320,Facebook,543.38,101,2023-05-05
17321,Email,4805.49,295,2024-11-21
17322,Email,3471.19,485,2023-06-29
17323,TikTok,3551.51,204,2023-11-18
17324,Email,1130.83,209,2023-02-23
17325,Instagram,4424.32,324,2023-11-01
17326,Instagram,3009.28,496,2023-11-29
17327,Email,2305.33,242,2024-01-13
17328,Instagram,2212.06,318,2023-05-24
17329,Facebook,3165.54,494,2024-02-15
17330,TikTok,2627.45,229,2024-02-23
17331,Google,3993.54,328,2024-02-06
17332,Google,1820.31,220,2023-09-06
17333,TikTok,1350.69,42,2023-04-12
17334,Facebook,2148.06,140,2024-05-08
17335,TikTok,1511.3,287,2023-03-13
17336,Instagram,3186.78,471,2024-03-06
17337,Email,217.15,352,2024-05-31
17338,Email,637.74,293,2024-10-01
17339,Facebook,3475.96,428,2024-05-08
17340,Email,4712.37,26,2024-08-01
17341,Facebook,4861.43,449,2023-01-05
17342,Facebook,1140.54,65,2024-08-02
17343,Email,3403.72,208,2023-10-19
17344,Facebook,4965.3,118,2023-05-17
17345,Email,2911.58,469,2024-06-06
17346,Google,3703.86,417,2023-07-03
17347,Google,2064.85,184,2023-12-02
17348,Google,3057.84,282,2024-07-19
17349,Instagram,612.5,409,2023-05-09
17350,Facebook,4618.41,360,2024-08-15
17351,Google,2606.82,147,2023-01-26
17352,TikTok,2559.83,52,2023-07-09
17353,Facebook,3325.93,50,2024-09-19
17354,Google,4055.64,489,2024-03-12
17355,Google,2722.86,241,2023-04-30
17356,Facebook,3949.85,91,2023-09-04
17357,Facebook,1343.12,305,2023-03-10
17358,Email,2294.75,166,2023-06-23
17359,Instagram,2748.83,472,2023-04-05
17360,TikTok,2959.43,476,2023-07-01
17361,Google,246.88,227,2024-08-17
17362,Email,1047.01,200,2024-06-07
17363,TikTok,4113.61,497,2023-09-25
17364,Facebook,3524.07,272,2024-04-12
17365,Facebook,2528.11,192,2023-11-22
17366,Google,387.37,207,2024-09-29
17367,TikTok,2935.68,124,2024-06-10
17368,Email,2810.5,432,2024-03-31
17369,Google,1291.27,240,2023-09-10
17370,Instagram,1716.08,284,2023-11-23
17371,Facebook,401.49,280,2024-10-30
17372,Google,1636.05,119,2023-03-19
17373,Google,1667.76,462,2024-03-05
17374,Email,957.31,263,2024-08-07
17375,Google,2540.92,28,2024-11-01
17376,Email,2670.57,272,2024-05-20
17377,Email,2269.4,437,2024-05-24
17378,TikTok,670.15,264,2023-10-17
17379,Google,2704.78,52,2023-09-17
17380,Instagram,2975.32,421,2023-02-15
17381,Google,3852.72,60,2024-08-30
17382,TikTok,1439.52,406,2024-07-06
17383,TikTok,1458.67,66,2024-07-30
17384,TikTok,2665.97,380,2024-01-11
17385,Facebook,2681.75,243,2024-05-04
17386,Instagram,1845.95,481,2024-08-04
17387,Email,4129.17,136,2024-05-18
17388,Email,158.7,404,2023-01-17
17389,Instagram,1894.66,449,2023-07-06
17390,Email,1005.68,316,2023-12-21
17391,Instagram,2603.81,208,2023-07-25
17392,TikTok,3328.33,200,2024-03-23
17393,Facebook,4622.61,234,2023-03-03
17394,Email,121.07,232,2024-01-17
17395,Email,370.05,421,2023-12-27
17396,Facebook,2944.42,83,2023-11-20
17397,Instagram,4270.16,434,2023-02-28
17398,Facebook,3750.65,194,2024-04-21
17399,Email,4702.9,495,2024-11-15
17400,Email,2966.12,411,2024-07-08
17401,Google,2580.13,373,2024-04-21
17402,Email,4397.27,481,2024-09-26
17403,Facebook,4544.88,158,2024-10-25
17404,Email,3316.31,232,2023-11-13
17405,TikTok,2745.7,46,2023-10-10
17406,Instagram,1363.13,188,2023-04-10
17407,Instagram,1231.74,185,2023-11-07
17408,Instagram,2674.28,152,2023-12-12
17409,Google,2367.4,186,2024-05-04
17410,Instagram,2887.73,202,2024-11-08
17411,Facebook,780.22,349,2024-02-23
17412,TikTok,3064.12,192,2024-03-19
17413,Email,308.26,233,2024-06-03
17414,Email,420.78,182,2024-07-17
17415,Google,2717.11,300,2023-03-22
17416,Facebook,3274.94,176,2023-01-27
17417,TikTok,3323.24,225,2023-08-09
17418,Google,1666.14,168,2023-05-02
17419,Google,4279.37,344,2023-11-06
17420,Instagram,2965.52,338,2024-02-02
17421,Facebook,2351.9,453,2024-02-26
17422,Instagram,3043.76,34,2024-06-15
17423,Google,2672.88,275,2024-03-18
17424,Facebook,4507.39,476,2023-02-24
17425,Email,4505.76,299,2023-08-09
17426,Google,3117.73,64,2024-07-31
17427,TikTok,291.66,20,2023-07-02
17428,Google,555.54,112,2023-05-05
17429,Facebook,1685.08,2,2023-02-21
17430,Email,4731.19,182,2023-02-25
17431,TikTok,1323.17,400,2023-11-19
17432,Email,958.82,234,2023-07-05
17433,Email,1123.28,122,2023-12-31
17434,Facebook,4263.61,370,2023-09-29
17435,Instagram,1445.98,10,2024-08-26
17436,Google,4724.83,485,2023-08-16
17437,TikTok,4601.82,116,2023-09-01
17438,TikTok,1144.44,134,2024-05-12
17439,Facebook,363.91,360,2023-08-21
17440,Facebook,3210.18,169,2023-05-22
17441,Instagram,2480.36,423,2023-09-25
17442,Instagram,946.43,469,2023-08-04
17443,Facebook,1633.38,305,2023-10-16
17444,Google,2331.55,1,2024-10-04
17445,Email,2809.76,433,2023-05-25
17446,Google,408.96,26,2023-02-09
17447,Email,3294.93,497,2023-05-07
17448,TikTok,4037.65,192,2024-10-29
17449,Facebook,76.6,239,2024-10-05
17450,TikTok,2734.11,24,2023-06-19
17451,Facebook,659.3,238,2024-10-13
17452,Instagram,3624.34,307,2023-02-10
17453,Instagram,4736.02,322,2024-10-12
17454,Email,586.56,335,2024-04-05
17455,Facebook,390.3,274,2024-06-12
17456,TikTok,3547.09,74,2023-11-18
17457,Email,4994.45,38,2023-12-15
17458,TikTok,4042.13,346,2024-05-24
17459,Email,2122.45,365,2023-10-11
17460,Instagram,345.54,211,2024-01-11
17461,Instagram,4659.88,438,2024-07-07
17462,Facebook,2151.99,359,2023-07-14
17463,TikTok,608.54,296,2023-03-28
17464,TikTok,4675.48,388,2023-06-08
17465,Instagram,4992.94,308,2024-03-09
17466,Instagram,900.06,419,2024-07-15
17467,Facebook,383.26,88,2023-08-12
17468,TikTok,1249.94,111,2023-08-30
17469,Facebook,736.73,374,2024-02-17
17470,TikTok,4546.09,360,2024-02-14
17471,Facebook,410.79,432,2024-07-22
17472,Facebook,2005.73,326,2024-10-03
17473,Email,3980.85,75,2024-05-05
17474,Email,894.17,96,2023-05-01
17475,Email,3769.0,175,2023-11-25
17476,TikTok,4281.86,493,2023-01-19
17477,Email,167.05,330,2023-01-09
17478,Facebook,1901.31,171,2023-03-29
17479,Email,4119.35,146,2023-12-07
17480,Google,3632.12,17,2023-01-30
17481,Email,3867.74,432,2024-11-11
17482,Google,3982.17,407,2024-04-17
17483,Email,1009.19,337,2024-05-01
17484,Instagram,119.23,352,2023-04-16
17485,Facebook,3456.0,368,2023-09-08
17486,Instagram,4498.66,476,2023-04-28
17487,Facebook,1609.66,57,2024-04-27
17488,TikTok,4182.68,226,2024-09-07
17489,TikTok,2889.63,68,2023-06-12
17490,Google,3210.61,352,2024-07-15
17491,Email,1807.86,58,2024-05-28
17492,Facebook,2279.36,234,2024-08-08
17493,Instagram,4863.21,465,2023-05-11
17494,Email,1508.32,150,2023-04-16
17495,Facebook,1912.44,380,2023-01-16
17496,TikTok,4413.06,381,2024-08-15
17497,Email,2027.98,4,2023-03-27
17498,Email,75.3,413,2024-11-29
17499,TikTok,2350.05,382,2023-06-17
17500,Instagram,538.39,367,2024-05-12
17501,Instagram,4944.14,390,2023-09-29
17502,Instagram,3351.53,394,2024-04-21
17503,Facebook,2185.68,142,2023-05-13
17504,Email,694.72,202,2024-09-05
17505,Instagram,3354.55,139,2024-10-19
17506,Facebook,856.36,240,2023-01-07
17507,TikTok,489.03,82,2023-12-21
17508,Instagram,4985.96,139,2024-03-12
17509,Email,4754.15,50,2023-05-11
17510,Instagram,3439.4,222,2024-02-23
17511,Facebook,3797.72,411,2024-08-11
17512,TikTok,2022.64,380,2024-01-13
17513,Instagram,4208.49,413,2024-01-02
17514,TikTok,335.2,154,2024-04-27
17515,Google,3294.09,241,2023-07-31
17516,Google,1872.26,346,2024-09-08
17517,TikTok,4352.9,241,2024-07-06
17518,Google,3975.19,470,2024-06-08
17519,Google,913.37,422,2023-01-29
17520,TikTok,4094.01,227,2024-07-08
17521,TikTok,2540.86,183,2024-06-14
17522,Instagram,1582.2,109,2023-04-20
17523,Facebook,3050.78,389,2024-04-03
17524,Email,3604.51,490,2023-02-15
17525,Email,1914.99,156,2024-01-23
17526,Facebook,497.31,398,2024-08-13
17527,Google,4765.06,106,2023-08-09
17528,Facebook,2055.31,50,2023-01-28
17529,TikTok,1029.53,57,2023-03-30
17530,Facebook,1832.31,274,2024-11-27
17531,Email,2724.61,41,2024-10-29
17532,Google,762.91,11,2024-02-01
17533,Google,3738.58,101,2023-10-15
17534,Email,1887.7,259,2023-09-10
17535,Email,2339.58,216,2024-01-27
17536,Google,4641.92,419,2023-04-24
17537,Facebook,1510.55,353,2023-02-17
17538,TikTok,1547.79,85,2024-04-16
17539,Google,1458.17,276,2023-04-03
17540,TikTok,3714.88,419,2024-11-16
17541,Google,4284.41,210,2024-10-15
17542,Email,796.52,12,2023-08-18
17543,Email,4733.41,81,2024-09-30
17544,Instagram,3363.01,266,2023-10-15
17545,Google,3188.07,258,2024-03-16
17546,Google,3472.14,138,2023-10-22
17547,Instagram,1846.3,364,2023-12-22
17548,Google,1568.06,142,2023-12-25
17549,TikTok,844.74,115,2023-02-02
17550,Facebook,1107.63,350,2024-11-12
17551,Email,1140.28,326,2024-03-19
17552,Facebook,1184.21,358,2023-01-14
17553,Google,1480.24,184,2024-10-26
17554,Email,1475.37,64,2024-11-26
17555,TikTok,3133.58,370,2023-06-28
17556,Instagram,2868.74,145,2024-11-12
17557,Google,169.55,434,2023-02-09
17558,Google,2802.73,233,2023-02-27
17559,Facebook,4625.39,383,2023-07-16
17560,TikTok,1565.56,73,2024-07-29
17561,Google,1649.6,488,2023-07-13
17562,Facebook,1608.81,83,2023-10-27
17563,Instagram,579.51,259,2024-10-24
17564,Google,2603.41,117,2023-12-11
17565,Google,1364.0,434,2023-02-05
17566,TikTok,2769.03,11,2024-05-28
17567,TikTok,2869.08,231,2024-09-07
17568,Instagram,3422.33,498,2024-01-17
17569,Instagram,4890.71,183,2023-09-18
17570,Instagram,2215.68,394,2023-01-12
17571,TikTok,4072.65,311,2024-08-30
17572,Instagram,4512.42,375,2023-11-20
17573,Instagram,823.92,400,2023-11-26
17574,Email,4865.59,203,2023-11-05
17575,TikTok,3848.59,92,2023-05-25
17576,Google,3929.53,114,2024-04-07
17577,TikTok,2040.46,311,2024-11-25
17578,Facebook,3040.47,117,2023-05-20
17579,TikTok,430.33,298,2023-07-11
17580,Google,2183.61,220,2024-10-28
17581,Instagram,3741.95,160,2023-02-08
17582,Facebook,2953.19,429,2024-07-21
17583,TikTok,1715.49,307,2024-10-20
17584,Google,3755.56,389,2024-03-12
17585,TikTok,4907.16,99,2024-09-15
17586,Google,2643.23,148,2023-04-13
17587,Instagram,4108.61,97,2023-03-26
17588,Instagram,2082.02,452,2024-11-12
17589,Instagram,4666.55,296,2023-04-30
17590,Email,481.06,94,2023-01-12
17591,TikTok,319.1,327,2023-06-17
17592,Email,4421.52,469,2024-06-16
17593,Email,2163.41,485,2023-11-09
17594,TikTok,4447.49,442,2023-03-14
17595,Facebook,910.4,380,2024-04-20
17596,Email,3359.16,43,2023-11-28
17597,Instagram,184.65,116,2024-05-22
17598,Instagram,1639.27,295,2023-02-16
17599,Facebook,303.25,38,2024-05-02
17600,Instagram,3125.74,241,2024-06-12
17601,Facebook,324.17,130,2023-11-26
17602,Google,566.41,311,2024-09-17
17603,Google,4150.8,461,2023-11-02
17604,Google,4871.07,23,2024-02-25
17605,Instagram,3747.93,153,2024-05-19
17606,Email,1194.63,62,2023-03-26
17607,Facebook,1608.93,58,2024-07-09
17608,Facebook,2136.37,113,2023-06-05
17609,Instagram,2677.1,209,2024-02-28
17610,Email,1757.56,239,2023-01-03
17611,Email,3543.85,247,2023-07-01
17612,TikTok,4384.19,498,2024-03-10
17613,Email,2884.91,418,2024-10-15
17614,Facebook,3060.68,334,2024-07-08
17615,Email,579.45,93,2023-05-31
17616,Email,4822.57,331,2023-10-29
17617,TikTok,1493.1,377,2023-12-03
17618,Google,2916.86,147,2023-02-05
17619,Google,1893.12,446,2023-04-30
17620,Facebook,3010.26,0,2024-06-16
17621,Facebook,402.68,77,2024-04-02
17622,TikTok,4177.88,456,2024-09-27
17623,TikTok,4924.99,424,2024-04-12
17624,Facebook,2015.9,467,2023-09-23
17625,Facebook,538.11,210,2024-01-08
17626,Email,3467.5,17,2023-08-16
17627,Email,970.59,364,2024-04-11
17628,Google,1196.66,271,2024-03-02
17629,Facebook,4024.37,295,2023-02-06
17630,Instagram,666.08,412,2024-04-26
17631,TikTok,3205.41,257,2023-02-07
17632,Email,2473.23,351,2023-12-21
17633,TikTok,4025.85,213,2023-02-01
17634,Facebook,1210.89,18,2023-07-21
17635,Instagram,1985.27,459,2023-05-04
17636,Google,1496.53,54,2024-06-12
17637,TikTok,4277.91,54,2024-02-03
17638,Email,2812.81,332,2023-04-24
17639,Instagram,3916.16,54,2023-05-17
17640,Google,1046.03,455,2024-09-28
17641,Instagram,3353.79,113,2023-01-26
17642,Instagram,4293.63,149,2023-09-16
17643,Google,395.2,35,2023-12-17
17644,TikTok,1933.85,434,2023-07-07
17645,TikTok,3330.48,62,2023-08-22
17646,Google,4932.84,491,2023-11-25
17647,Email,293.61,403,2023-02-07
17648,Google,4545.53,418,2024-11-24
17649,Email,460.63,411,2024-05-05
17650,Google,2975.51,428,2023-04-15
17651,Facebook,2940.74,201,2023-04-08
17652,Facebook,4425.06,109,2023-12-19
17653,Instagram,4193.91,117,2024-07-22
17654,Google,3462.93,104,2023-03-10
17655,Google,295.57,344,2024-01-19
17656,Google,1641.7,387,2023-11-28
17657,Facebook,4441.52,13,2023-06-05
17658,Instagram,2731.1,326,2023-05-07
17659,Facebook,721.45,1,2023-05-16
17660,TikTok,1705.51,284,2023-02-06
17661,Email,2789.4,161,2023-05-14
17662,Google,2890.56,154,2024-03-28
17663,Google,302.31,433,2024-05-15
17664,Instagram,4156.94,45,2024-09-27
17665,TikTok,3899.95,304,2024-07-29
17666,Instagram,1271.94,417,2024-02-23
17667,Google,1318.31,198,2024-05-09
17668,TikTok,103.41,334,2024-09-04
17669,Email,3321.26,129,2023-05-20
17670,TikTok,1942.24,219,2024-06-13
17671,Google,2293.51,220,2023-04-30
17672,TikTok,3091.34,131,2023-03-06
17673,Instagram,2670.0,162,2023-08-26
17674,Facebook,2749.55,432,2023-01-18
17675,Google,2657.46,477,2023-03-10
17676,Facebook,3770.78,141,2023-08-19
17677,TikTok,2743.86,175,2023-07-10
17678,Google,2760.31,273,2023-09-02
17679,Google,1458.76,315,2024-09-04
17680,Google,1335.79,337,2024-07-13
17681,Email,1855.65,12,2023-07-16
17682,Instagram,2844.54,360,2024-11-04
17683,Google,3655.42,218,2023-02-20
17684,Instagram,2013.62,268,2023-09-17
17685,Instagram,2412.48,48,2024-10-30
17686,TikTok,4429.26,344,2023-03-20
17687,Instagram,4914.79,154,2023-01-24
17688,Facebook,4501.33,347,2023-08-09
17689,Email,1057.38,242,2024-11-22
17690,Facebook,2079.2,485,2023-04-21
17691,Email,3161.9,54,2024-04-04
17692,Facebook,227.74,235,2023-01-06
17693,Email,1057.98,149,2023-11-14
17694,TikTok,1502.12,276,2023-11-01
17695,Email,3847.21,139,2024-08-26
17696,Email,3320.11,480,2023-12-15
17697,Google,4527.57,365,2023-08-17
17698,Email,1011.81,409,2023-02-05
17699,Facebook,3932.9,479,2023-08-14
17700,Instagram,2627.62,18,2024-06-14
17701,TikTok,3509.12,373,2024-02-03
17702,Email,2443.07,398,2024-07-21
17703,Email,1301.76,183,2024-08-14
17704,Facebook,3227.29,184,2024-09-21
17705,Email,4796.12,370,2023-02-09
17706,TikTok,3207.11,404,2023-04-09
17707,Facebook,3765.89,440,2024-04-20
17708,Instagram,1296.59,104,2024-07-07
17709,Google,501.82,449,2023-12-07
17710,Instagram,2231.37,291,2023-06-15
17711,Email,2294.05,258,2023-09-30
17712,Email,156.43,417,2023-07-14
17713,Email,3658.88,283,2024-11-16
17714,Instagram,3144.0,301,2024-08-08
17715,Google,1485.17,95,2024-06-07
17716,Google,131.11,425,2024-09-14
17717,Google,3315.6,67,2024-02-17
17718,Facebook,794.02,165,2024-11-13
17719,Google,2222.51,240,2024-02-28
17720,Email,1420.38,389,2024-03-14
17721,Google,4687.79,200,2024-11-03
17722,Email,640.74,111,2024-08-20
17723,Google,3768.03,433,2024-04-16
17724,Email,1108.88,93,2023-01-21
17725,TikTok,4547.43,158,2023-01-09
17726,Email,2913.6,192,2023-07-24
17727,Google,4530.24,149,2024-01-04
17728,Email,1267.62,214,2024-06-20
17729,Facebook,1421.3,313,2024-08-05
17730,TikTok,1501.04,407,2024-07-14
17731,TikTok,1321.29,129,2023-05-10
17732,Email,1285.26,220,2023-06-06
17733,Email,3333.85,386,2023-11-08
17734,Email,3918.46,277,2023-08-01
17735,Facebook,65.52,190,2024-09-05
17736,Facebook,2757.38,39,2024-09-28
17737,Instagram,3011.5,243,2024-03-31
17738,Google,2968.53,39,2023-10-16
17739,Instagram,1811.0,74,2024-08-21
17740,Google,1028.98,473,2023-06-04
17741,Facebook,4403.92,238,2023-12-11
17742,Email,2381.79,283,2024-05-03
17743,Facebook,1280.61,115,2023-02-16
17744,TikTok,1949.89,245,2024-11-17
17745,Google,3279.95,196,2023-06-29
17746,TikTok,967.18,114,2024-11-19
17747,Email,1114.99,251,2024-08-21
17748,Instagram,4740.51,397,2023-06-14
17749,Email,810.76,100,2024-03-29
17750,TikTok,3213.9,268,2023-03-31
17751,TikTok,2811.9,240,2024-07-24
17752,Google,4753.65,393,2023-03-15
17753,Email,600.38,77,2023-10-25
17754,Email,4976.03,407,2024-05-06
17755,Instagram,4274.67,463,2023-12-03
17756,Instagram,3635.69,343,2023-02-28
17757,Email,2865.96,164,2023-06-02
17758,Facebook,1518.05,318,2023-03-17
17759,Instagram,2044.77,28,2023-02-12
17760,Facebook,310.51,222,2024-10-27
17761,TikTok,4047.79,435,2024-01-28
17762,TikTok,1280.56,481,2023-02-04
17763,Instagram,3528.98,231,2024-10-07
17764,Instagram,4794.46,497,2024-01-08
17765,TikTok,1806.01,229,2024-06-24
17766,Instagram,2388.88,434,2023-12-12
17767,TikTok,786.96,124,2024-11-10
17768,Google,4457.88,21,2024-08-13
17769,Email,4759.15,230,2024-08-10
17770,Instagram,2832.37,225,2023-05-05
17771,Instagram,2341.18,240,2024-04-02
17772,Facebook,1065.69,440,2023-06-29
17773,TikTok,4462.23,182,2023-02-19
17774,TikTok,3658.72,41,2023-04-15
17775,TikTok,1910.89,127,2023-02-14
17776,Instagram,1271.15,101,2023-09-13
17777,Facebook,1825.59,316,2024-02-10
17778,Instagram,4486.96,206,2024-10-11
17779,Google,3176.8,45,2024-10-10
17780,TikTok,4541.02,385,2023-11-21
17781,Instagram,2207.35,149,2023-05-07
17782,TikTok,4934.55,286,2023-10-06
17783,Facebook,101.62,110,2024-09-02
17784,Instagram,3878.34,222,2023-02-04
17785,Email,4754.66,335,2023-03-10
17786,Instagram,3860.98,337,2024-07-17
17787,Google,4314.55,63,2023-02-27
17788,Instagram,3387.31,396,2023-12-30
17789,Google,423.6,19,2023-10-31
17790,Google,2615.64,198,2023-10-05
17791,TikTok,1388.29,483,2024-06-13
17792,Email,3395.38,42,2024-09-05
17793,Instagram,2448.68,407,2024-05-04
17794,Facebook,3120.71,136,2023-03-15
17795,Facebook,2564.01,37,2023-02-28
17796,Email,3842.06,172,2023-12-29
17797,Instagram,2607.65,263,2024-04-10
17798,Facebook,3031.05,71,2023-11-19
17799,Email,1315.3,357,2024-07-27
17800,Instagram,573.55,424,2023-10-31
17801,Google,4446.65,313,2023-08-27
17802,Google,3065.33,96,2024-07-27
17803,Facebook,773.4,284,2023-02-02
17804,Facebook,637.79,11,2024-08-20
17805,Facebook,1791.39,364,2024-07-24
17806,Google,3738.59,493,2023-09-16
17807,Google,3422.93,177,2023-02-12
17808,TikTok,2843.35,360,2024-03-14
17809,Email,1818.86,219,2024-06-15
17810,Google,3800.44,135,2023-03-26
17811,Google,3192.04,72,2024-09-15
17812,Instagram,1394.87,276,2023-09-18
17813,TikTok,215.27,390,2023-12-20
17814,Facebook,3781.63,76,2023-08-07
17815,Email,3433.61,456,2024-05-29
17816,TikTok,817.87,395,2024-03-19
17817,Email,2571.71,474,2024-02-11
17818,Facebook,4796.4,188,2024-05-12
17819,Google,940.08,330,2024-09-01
17820,Instagram,792.2,426,2023-02-06
17821,Google,2906.98,456,2024-07-09
17822,Instagram,1986.13,204,2023-05-19
17823,Facebook,999.65,111,2023-12-24
17824,TikTok,2510.78,327,2024-11-26
17825,Facebook,1510.25,111,2023-02-13
17826,Instagram,576.47,456,2023-10-22
17827,TikTok,3857.81,453,2023-06-05
17828,Email,1261.58,426,2024-03-18
17829,TikTok,169.58,80,2023-08-05
17830,Instagram,2025.35,306,2023-11-08
17831,Google,1564.73,250,2023-07-09
17832,Instagram,4669.97,93,2023-12-16
17833,Facebook,1022.77,324,2023-01-01
17834,Google,168.71,169,2024-01-14
17835,TikTok,3969.94,393,2023-08-14
17836,TikTok,4234.73,473,2023-03-22
17837,Email,3603.59,277,2023-10-23
17838,Facebook,1512.19,220,2024-07-03
17839,Google,2726.7,421,2024-10-18
17840,Instagram,3107.43,6,2024-05-08
17841,Facebook,2797.67,349,2023-08-15
17842,TikTok,3632.55,111,2024-06-15
17843,Email,2199.49,306,2024-01-25
17844,Google,2812.7,23,2023-07-03
17845,Facebook,2388.86,498,2024-03-06
17846,TikTok,4044.94,270,2023-10-09
17847,Facebook,4715.45,127,2023-02-10
17848,Facebook,4712.14,464,2024-11-07
17849,TikTok,2331.41,69,2024-04-30
17850,Email,2240.17,396,2023-08-19
17851,Facebook,340.16,194,2023-07-23
17852,Email,2847.1,155,2023-01-06
17853,Google,3266.0,235,2024-08-26
17854,Instagram,1322.19,491,2024-02-14
17855,Instagram,4306.16,454,2023-11-11
17856,Instagram,4860.63,27,2024-05-31
17857,Facebook,1794.68,74,2024-04-15
17858,Instagram,3869.12,3,2024-08-19
17859,Facebook,2128.24,231,2023-01-07
17860,TikTok,3110.5,263,2023-07-02
17861,Facebook,1132.9,320,2023-01-21
17862,Email,3769.86,44,2023-03-10
17863,Facebook,3291.52,161,2023-04-10
17864,Google,3111.76,173,2023-06-23
17865,TikTok,4928.09,14,2024-06-15
17866,Instagram,2653.84,189,2023-02-21
17867,Instagram,997.61,366,2024-03-03
17868,TikTok,2132.32,37,2023-12-21
17869,Instagram,4423.31,194,2024-04-15
17870,Email,191.22,100,2024-06-18
17871,Google,2711.34,190,2023-06-15
17872,TikTok,1597.95,498,2023-12-12
17873,Email,4592.29,376,2024-11-11
17874,TikTok,4664.48,331,2023-02-13
17875,TikTok,1070.64,416,2023-09-22
17876,Google,1030.87,160,2024-05-01
17877,TikTok,4343.48,494,2024-08-30
17878,Facebook,2938.58,184,2023-12-02
17879,Google,2787.02,326,2024-11-26
17880,Instagram,4684.64,103,2023-07-24
17881,Instagram,2571.52,26,2023-03-26
17882,Facebook,539.19,298,2023-07-15
17883,TikTok,4537.64,192,2023-03-21
17884,Email,4324.17,413,2023-03-14
17885,Google,2613.34,22,2024-09-03
17886,Email,4774.1,42,2023-09-23
17887,Email,726.27,326,2023-12-24
17888,Facebook,2356.71,61,2023-11-07
17889,Facebook,2393.38,86,2023-01-19
17890,Google,4051.83,68,2023-07-11
17891,Instagram,265.37,387,2024-09-19
17892,Email,4353.24,241,2023-10-02
17893,Facebook,4109.23,444,2024-11-02
17894,TikTok,740.27,198,2024-05-19
17895,Email,2953.95,452,2023-02-28
17896,Facebook,3318.29,171,2024-10-07
17897,Facebook,2755.54,345,2024-08-07
17898,Google,2502.02,175,2024-11-09
17899,Instagram,4031.28,291,2023-09-14
17900,Facebook,4737.71,294,2023-07-02
17901,Email,528.94,491,2023-11-23
17902,Facebook,56.82,422,2024-05-14
17903,Facebook,3719.46,366,2024-01-25
17904,Facebook,3587.68,80,2023-06-15
17905,Email,4564.0,333,2024-11-29
17906,Facebook,1640.59,151,2024-02-29
17907,Instagram,4889.53,494,2023-07-26
17908,TikTok,3194.98,265,2023-11-29
17909,TikTok,465.06,267,2023-03-21
17910,TikTok,1533.09,154,2023-11-27
17911,Instagram,438.63,492,2024-06-02
17912,Email,2336.08,449,2023-08-18
17913,Email,3014.55,33,2023-11-26
17914,Instagram,3838.62,227,2024-04-17
17915,Email,913.63,275,2024-02-20
17916,Facebook,4282.32,120,2024-07-02
17917,Facebook,3232.23,26,2024-10-25
17918,TikTok,862.3,265,2024-02-13
17919,Google,3667.06,31,2024-02-24
17920,Email,3083.19,326,2023-03-07
17921,TikTok,4763.05,16,2023-11-26
17922,Google,1024.47,439,2023-11-26
17923,Google,4649.22,52,2024-11-20
17924,Google,358.46,487,2023-01-21
17925,Google,4565.31,479,2023-10-09
17926,Email,1217.06,471,2023-04-04
17927,Google,2857.95,202,2023-04-08
17928,Email,1952.19,147,2023-06-05
17929,Facebook,2551.68,383,2023-10-14
17930,TikTok,3558.36,258,2024-07-06
17931,Email,3053.25,261,2024-05-06
17932,Facebook,187.18,15,2023-07-30
17933,Google,2811.01,173,2024-07-25
17934,Google,3855.65,303,2023-05-17
17935,Instagram,3783.06,229,2023-02-06
17936,Instagram,4449.83,85,2024-09-05
17937,Facebook,3290.85,342,2023-02-25
17938,Email,1470.36,165,2024-02-25
17939,Instagram,1817.72,496,2024-11-29
17940,Facebook,2565.5,71,2023-03-06
17941,Facebook,1913.03,428,2023-10-26
17942,Facebook,3324.71,482,2024-05-29
17943,Email,4273.45,147,2024-07-15
17944,Email,2514.78,243,2023-05-23
17945,TikTok,2195.95,413,2023-08-01
17946,TikTok,4332.84,280,2024-08-03
17947,Google,2490.26,69,2023-10-19
17948,Email,2652.63,251,2023-06-04
17949,Email,2935.26,110,2023-09-05
17950,Google,2867.44,36,2023-11-02
17951,Facebook,3885.0,419,2024-07-01
17952,TikTok,1988.17,421,2024-04-12
17953,TikTok,2378.0,226,2023-02-17
17954,Email,2099.92,455,2023-09-18
17955,Email,643.55,379,2024-05-30
17956,Email,3973.99,135,2024-04-09
17957,Google,2178.66,159,2024-04-09
17958,TikTok,883.96,97,2024-03-17
17959,Instagram,824.78,55,2024-02-12
17960,Facebook,3709.3,468,2023-02-22
17961,Instagram,504.6,160,2023-12-07
17962,TikTok,1452.72,117,2023-01-27
17963,Facebook,2163.74,398,2023-06-13
17964,TikTok,3953.19,85,2024-01-24
17965,TikTok,3864.19,439,2024-01-27
17966,Email,4109.45,453,2024-06-28
17967,Facebook,3337.72,383,2024-11-10
17968,Google,775.86,343,2024-03-03
17969,TikTok,3342.22,87,2024-03-11
17970,Email,3128.76,244,2024-10-26
17971,Google,4899.9,466,2023-12-01
17972,Email,1072.82,88,2023-12-30
17973,Facebook,65.65,361,2024-06-30
17974,Google,1670.92,411,2023-01-18
17975,Instagram,4487.05,340,2023-12-04
17976,Email,887.67,62,2023-02-06
17977,Instagram,1670.54,490,2024-04-15
17978,Facebook,2928.92,95,2023-09-05
17979,Instagram,3285.04,493,2023-07-10
17980,TikTok,4522.3,347,2024-05-20
17981,Email,3475.19,25,2023-11-01
17982,Instagram,2372.0,138,2024-09-30
17983,Email,649.36,136,2023-06-27
17984,TikTok,3717.85,475,2023-06-04
17985,Email,787.26,28,2024-04-05
17986,Email,3193.24,67,2024-07-26
17987,Email,1119.84,499,2024-10-08
17988,Instagram,744.9,376,2024-09-14
17989,Email,2506.05,45,2023-07-21
17990,Instagram,2943.6,79,2023-04-13
17991,Google,4330.73,202,2023-09-10
17992,Google,55.02,365,2023-11-06
17993,Email,2656.67,148,2024-04-22
17994,Instagram,1069.41,99,2024-08-15
17995,TikTok,2450.64,254,2024-02-28
17996,Facebook,2822.18,143,2023-01-12
17997,Instagram,3187.53,401,2023-08-17
17998,Google,982.94,67,2024-01-19
17999,TikTok,2828.74,243,2023-04-01
18000,TikTok,1928.16,342,2023-09-13
18001,Google,4531.84,185,2023-10-24
18002,Facebook,3001.45,315,2023-04-07
18003,TikTok,4514.05,428,2023-10-24
18004,Instagram,1311.8,123,2023-05-04
18005,Google,3520.06,382,2024-09-14
18006,TikTok,2360.31,236,2024-08-21
18007,Instagram,1885.06,365,2024-05-25
18008,Google,269.18,248,2024-08-04
18009,Email,1365.65,137,2024-04-15
18010,Google,264.93,302,2024-01-24
18011,Email,2589.97,84,2023-10-01
18012,Google,2929.12,142,2023-09-14
18013,Email,4054.87,339,2024-08-07
18014,Instagram,4769.5,235,2024-02-26
18015,Facebook,930.6,300,2024-08-31
18016,Google,3636.13,422,2023-01-27
18017,Email,2321.22,277,2024-11-09
18018,Instagram,2389.66,371,2023-04-10
18019,Email,4450.87,242,2023-05-20
18020,Instagram,848.08,51,2024-01-31
18021,Google,2162.34,375,2023-09-10
18022,Facebook,3179.97,193,2023-03-04
18023,Google,1721.78,260,2024-06-19
18024,Instagram,2481.0,343,2023-09-07
18025,Email,3867.21,171,2023-12-28
18026,TikTok,123.31,91,2023-02-22
18027,Email,3985.94,373,2023-07-05
18028,Instagram,4086.64,357,2024-09-12
18029,Email,4454.9,247,2024-06-05
18030,Google,1702.86,483,2023-11-13
18031,Google,2367.24,174,2024-02-14
18032,Instagram,3296.77,17,2023-10-18
18033,Facebook,3200.94,419,2023-10-08
18034,Instagram,278.39,282,2024-02-17
18035,Instagram,1040.78,8,2024-03-31
18036,Facebook,1315.01,38,2023-02-14
18037,Facebook,3050.36,277,2024-07-22
18038,Instagram,2709.09,106,2024-08-10
18039,Google,1764.58,461,2023-04-13
18040,Google,2700.85,96,2023-02-28
18041,Instagram,2426.49,211,2024-05-16
18042,Google,2376.67,134,2024-06-02
18043,Facebook,4340.86,231,2024-04-21
18044,Facebook,3259.27,273,2023-10-22
18045,Email,515.11,107,2024-06-10
18046,Email,1147.97,315,2024-09-14
18047,Instagram,4969.51,442,2024-09-20
18048,Instagram,647.44,378,2023-04-10
18049,Email,3326.73,79,2024-04-07
18050,Google,2733.35,295,2024-06-23
18051,Facebook,642.51,350,2024-05-20
18052,TikTok,1861.29,151,2024-10-21
18053,Facebook,2426.06,80,2024-01-12
18054,Google,4660.96,54,2023-08-25
18055,Google,4751.57,338,2023-05-03
18056,Facebook,3870.14,454,2024-05-27
18057,Email,3898.13,118,2023-01-14
18058,Google,3749.46,488,2024-08-15
18059,Google,2358.78,309,2023-11-11
18060,TikTok,4121.62,478,2024-02-09
18061,Google,508.54,436,2024-03-20
18062,TikTok,1986.33,35,2023-06-10
18063,TikTok,2583.06,228,2023-11-24
18064,Instagram,2014.17,193,2024-11-06
18065,Google,3252.38,186,2024-04-11
18066,Facebook,2838.75,66,2023-03-17
18067,Instagram,757.94,353,2023-08-12
18068,TikTok,4157.32,248,2023-12-29
18069,Google,3264.29,439,2024-03-09
18070,Instagram,701.05,339,2024-06-10
18071,Facebook,350.3,80,2023-05-15
18072,Email,3981.91,197,2023-06-29
18073,Instagram,3537.75,272,2024-07-29
18074,Email,2466.92,350,2024-04-05
18075,Instagram,2001.05,391,2024-09-12
18076,Facebook,4744.68,196,2023-02-27
18077,TikTok,773.64,472,2023-11-03
18078,Google,4726.71,283,2023-11-06
18079,Google,3230.35,220,2024-06-21
18080,Facebook,3418.96,4,2023-03-05
18081,Instagram,948.27,170,2023-09-11
18082,Instagram,3448.94,38,2023-11-17
18083,Email,2981.12,439,2023-07-25
18084,Google,3098.94,189,2023-03-18
18085,Facebook,1047.63,196,2023-03-02
18086,Google,921.55,71,2024-06-19
18087,Google,4368.6,84,2024-02-21
18088,TikTok,2588.91,352,2024-08-03
18089,Instagram,3473.86,292,2023-10-16
18090,Facebook,2885.98,450,2023-12-01
18091,Google,1686.07,59,2024-09-11
18092,TikTok,1542.71,155,2024-07-29
18093,TikTok,3471.5,445,2023-11-30
18094,Facebook,1864.63,414,2024-10-06
18095,Instagram,740.94,402,2023-10-01
18096,TikTok,2464.54,275,2024-01-26
18097,Instagram,3290.92,385,2024-03-21
18098,TikTok,4841.75,70,2023-04-30
18099,Google,1126.53,307,2024-05-03
18100,TikTok,3045.14,35,2024-04-02
18101,TikTok,835.86,411,2024-03-10
18102,Instagram,974.8,22,2024-03-10
18103,Facebook,1954.9,68,2023-07-24
18104,Google,4899.63,468,2023-02-18
18105,Instagram,3935.85,384,2024-05-23
18106,Facebook,3288.83,192,2024-10-30
18107,Instagram,834.32,13,2024-10-10
18108,TikTok,3632.38,216,2023-05-21
18109,Facebook,57.51,408,2024-07-18
18110,Facebook,3183.33,381,2024-07-26
18111,Facebook,1922.71,143,2024-08-14
18112,Instagram,1371.93,338,2024-05-05
18113,Instagram,4508.09,120,2023-04-18
18114,Instagram,2929.99,467,2024-09-23
18115,Google,411.42,391,2024-10-13
18116,TikTok,1797.63,205,2023-08-16
18117,TikTok,517.73,223,2024-09-18
18118,TikTok,4454.44,36,2023-09-06
18119,Facebook,218.76,406,2023-05-30
18120,Instagram,887.05,404,2023-07-17
18121,Facebook,3678.75,290,2024-10-15
18122,TikTok,3522.81,23,2024-01-05
18123,Google,4942.95,245,2023-03-07
18124,Facebook,3735.63,175,2024-06-07
18125,TikTok,2943.79,97,2024-03-08
18126,Email,1418.48,198,2023-05-20
18127,Google,3293.29,140,2023-05-15
18128,Google,2698.21,279,2024-03-16
18129,Instagram,1117.02,123,2024-11-12
18130,Instagram,2337.69,493,2024-11-30
18131,TikTok,1938.66,259,2024-11-21
18132,Facebook,4806.21,68,2024-03-03
18133,Facebook,4136.21,203,2023-07-24
18134,TikTok,2775.06,19,2023-09-06
18135,Google,1568.88,48,2024-10-02
18136,Email,1147.57,58,2024-07-14
18137,TikTok,4761.12,283,2023-11-27
18138,Email,1070.82,344,2023-07-13
18139,Instagram,1887.03,307,2024-05-12
18140,Google,4441.97,438,2024-05-10
18141,Instagram,3964.9,403,2023-09-28
18142,Email,1303.17,204,2023-05-13
18143,Google,3812.76,387,2023-03-26
18144,Instagram,3179.28,308,2024-01-28
18145,TikTok,4635.08,396,2024-03-02
18146,TikTok,3319.67,345,2024-01-18
18147,Facebook,4998.56,238,2024-10-22
18148,Email,2900.43,137,2024-08-08
18149,Facebook,720.25,94,2024-07-10
18150,Facebook,2959.77,239,2024-02-22
18151,TikTok,4694.61,313,2023-05-04
18152,Email,2303.83,435,2024-07-26
18153,Google,1431.24,220,2024-08-31
18154,Facebook,2966.78,37,2023-05-12
18155,Google,2762.56,171,2024-05-10
18156,Facebook,876.91,465,2023-10-01
18157,Instagram,540.83,272,2023-12-24
18158,Email,2620.48,345,2023-03-16
18159,Facebook,3567.92,425,2023-12-10
18160,TikTok,3544.81,350,2023-02-08
18161,Instagram,2370.03,365,2023-02-27
18162,Facebook,1171.71,446,2024-10-16
18163,TikTok,4352.94,497,2024-11-22
18164,Instagram,966.8,365,2024-01-29
18165,Email,3220.74,448,2023-04-13
18166,TikTok,1141.95,121,2024-10-11
18167,Instagram,2298.55,293,2023-12-18
18168,Google,1414.36,410,2024-03-15
18169,Instagram,2117.5,24,2024-03-07
18170,TikTok,2964.78,254,2023-01-17
18171,Facebook,4651.65,108,2023-12-29
18172,TikTok,3420.43,116,2023-06-19
18173,Facebook,2978.88,253,2024-04-24
18174,Instagram,2280.61,135,2024-01-06
18175,TikTok,1847.05,458,2024-06-03
18176,Instagram,2906.7,158,2024-03-10
18177,Google,4318.83,110,2023-09-19
18178,Google,2682.81,24,2023-08-25
18179,TikTok,546.65,425,2024-06-11
18180,Instagram,544.06,209,2024-11-11
18181,Instagram,1074.28,440,2023-08-23
18182,Instagram,1009.26,446,2023-04-30
18183,Email,4410.37,304,2023-11-04
18184,TikTok,4747.42,317,2023-10-31
18185,Facebook,1738.9,315,2024-07-29
18186,Email,3463.85,391,2023-08-15
18187,Google,235.56,73,2023-10-27
18188,TikTok,1738.2,498,2024-08-16
18189,Instagram,412.21,273,2024-05-02
18190,Instagram,1692.16,480,2024-08-11
18191,Email,4870.24,257,2024-04-14
18192,Instagram,987.21,327,2024-07-17
18193,Instagram,3730.39,160,2024-08-18
18194,Google,4677.25,230,2023-05-09
18195,Email,90.41,51,2023-06-23
18196,Email,372.15,211,2024-01-08
18197,TikTok,2908.25,368,2023-10-11
18198,Facebook,2372.01,312,2023-10-31
18199,Google,1129.1,90,2024-07-30
18200,Google,4489.96,230,2023-10-03
18201,Facebook,543.89,129,2023-10-13
18202,Instagram,1136.41,101,2024-03-22
18203,Instagram,224.5,374,2023-07-31
18204,Google,2237.22,474,2023-04-04
18205,Instagram,2844.2,135,2023-09-11
18206,Facebook,2140.31,452,2024-04-19
18207,Google,706.79,95,2024-09-14
18208,Email,1035.43,457,2024-06-08
18209,TikTok,4727.44,92,2023-11-12
18210,TikTok,693.4,485,2024-02-18
18211,TikTok,3308.81,241,2023-10-02
18212,TikTok,2077.92,467,2024-11-01
18213,TikTok,3976.5,203,2023-10-21
18214,TikTok,489.29,301,2024-11-28
18215,Instagram,1546.06,478,2023-01-09
18216,Facebook,4509.9,464,2024-10-18
18217,Google,3615.92,319,2024-01-29
18218,TikTok,2425.04,445,2024-05-13
18219,Email,3934.4,390,2024-06-17
18220,Google,2215.85,396,2023-10-14
18221,Facebook,3400.17,347,2023-08-31
18222,Facebook,2280.77,135,2024-11-27
18223,Email,2809.6,387,2023-08-01
18224,Instagram,2259.98,344,2023-02-14
18225,Instagram,1096.04,58,2024-08-20
18226,Email,164.35,227,2023-08-16
18227,Email,2625.52,430,2024-11-12
18228,Facebook,3522.74,103,2024-11-12
18229,Email,2317.15,34,2024-02-28
18230,TikTok,3410.17,364,2023-12-15
18231,Email,3942.04,64,2024-08-17
18232,TikTok,3875.33,241,2024-01-03
18233,Google,405.07,149,2023-05-25
18234,Google,739.03,464,2024-04-05
18235,TikTok,3345.55,45,2023-01-21
18236,Instagram,4926.46,118,2023-01-11
18237,Email,3749.43,153,2023-11-08
18238,TikTok,3259.58,259,2023-08-20
18239,Instagram,3262.08,214,2024-07-07
18240,TikTok,427.29,485,2023-12-22
18241,Email,1193.68,260,2023-12-06
18242,Email,1558.73,320,2024-09-14
18243,Google,4254.54,391,2023-10-14
18244,Facebook,2316.84,52,2023-04-08
18245,Facebook,4397.08,361,2024-05-28
18246,Email,2427.27,248,2023-12-05
18247,TikTok,260.07,187,2023-01-11
18248,Instagram,1749.77,104,2023-12-07
18249,Facebook,4503.14,34,2024-07-24
18250,Google,590.3,429,2024-08-10
18251,Facebook,3506.13,242,2024-06-03
18252,Email,1762.72,214,2024-08-27
18253,Google,482.88,134,2024-10-21
18254,Google,4678.36,184,2024-02-19
18255,TikTok,964.77,403,2024-07-13
18256,TikTok,2970.29,450,2023-12-08
18257,TikTok,2673.24,282,2023-12-15
18258,Instagram,671.21,330,2024-11-19
18259,Facebook,3012.48,333,2023-08-30
18260,Google,3006.69,469,2024-07-16
18261,Instagram,3429.79,252,2024-03-23
18262,Email,196.51,365,2024-03-10
18263,TikTok,1716.73,23,2024-01-17
18264,Google,3187.36,271,2024-09-28
18265,Instagram,3215.82,72,2023-09-03
18266,Google,4369.93,145,2023-03-07
18267,Instagram,568.36,242,2024-04-22
18268,TikTok,1189.98,329,2023-10-16
18269,Facebook,3448.99,420,2023-01-30
18270,TikTok,3615.08,410,2024-01-18
18271,Email,4955.78,393,2023-12-30
18272,Google,3880.13,308,2024-04-01
18273,Google,2824.88,484,2023-01-12
18274,Instagram,2527.01,365,2024-05-31
18275,Facebook,1260.32,28,2023-10-03
18276,Email,4517.57,328,2024-09-24
18277,Instagram,2122.65,194,2023-04-15
18278,Instagram,4572.47,302,2024-09-20
18279,Google,1812.97,98,2024-03-10
18280,Instagram,223.12,259,2024-01-06
18281,Facebook,2121.32,133,2024-10-01
18282,Facebook,4137.03,181,2023-12-08
18283,Google,3083.93,38,2023-08-27
18284,TikTok,619.8,383,2023-11-08
18285,Google,1593.7,407,2024-11-02
18286,Google,344.24,283,2024-07-18
18287,Facebook,513.86,230,2023-09-02
18288,Instagram,4688.29,265,2023-11-07
18289,Facebook,1695.11,387,2024-04-24
18290,Google,2878.64,130,2024-06-09
18291,Instagram,2333.77,265,2023-12-29
18292,Instagram,2693.29,151,2024-05-18
18293,Google,337.61,406,2024-06-29
18294,Instagram,2074.5,133,2023-05-13
18295,TikTok,4452.48,126,2024-04-07
18296,Facebook,357.74,25,2024-01-06
18297,Facebook,646.05,250,2023-04-21
18298,Facebook,2309.17,120,2024-06-23
18299,Google,50.98,43,2023-12-20
18300,Google,2567.04,33,2024-06-05
18301,TikTok,2301.07,279,2023-11-11
18302,Google,2296.06,188,2023-08-08
18303,Google,730.35,262,2023-12-17
18304,Facebook,3759.58,256,2023-07-15
18305,Google,3037.6,242,2024-02-14
18306,Instagram,2210.77,212,2024-07-16
18307,Email,2939.59,199,2024-08-29
18308,Facebook,4090.45,392,2023-05-09
18309,Email,683.84,470,2024-05-28
18310,Instagram,2519.27,432,2024-05-11
18311,TikTok,1173.05,412,2023-01-02
18312,Google,4249.85,97,2023-08-18
18313,Facebook,4002.94,323,2024-04-04
18314,Facebook,3167.09,361,2023-05-20
18315,Facebook,2634.67,338,2023-05-22
18316,TikTok,2807.03,488,2024-01-29
18317,Instagram,3867.3,344,2023-05-14
18318,TikTok,1060.21,175,2023-10-20
18319,Email,1585.56,351,2024-02-23
18320,Instagram,3669.77,11,2024-07-08
18321,Email,2613.34,471,2023-02-26
18322,TikTok,3145.77,179,2023-12-24
18323,TikTok,2079.38,101,2023-04-01
18324,TikTok,1172.85,360,2023-11-10
18325,TikTok,3898.61,451,2024-10-23
18326,Facebook,445.12,408,2024-08-08
18327,Instagram,2105.69,247,2023-02-27
18328,Facebook,435.26,12,2023-04-24
18329,Instagram,2455.63,201,2024-08-19
18330,Facebook,2171.4,362,2024-01-27
18331,TikTok,1915.16,1,2024-07-16
18332,TikTok,2187.85,206,2023-03-14
18333,Instagram,4716.49,374,2023-02-12
18334,Google,2192.36,158,2023-02-02
18335,Google,2621.22,209,2023-12-11
18336,Email,1076.79,101,2023-11-06
18337,Instagram,1819.4,422,2023-10-27
18338,Facebook,4067.96,70,2023-07-14
18339,Facebook,3183.86,22,2024-05-01
18340,Instagram,1020.48,88,2024-08-14
18341,Facebook,3879.2,143,2024-06-29
18342,Instagram,432.26,392,2024-07-24
18343,Instagram,1702.53,188,2024-01-22
18344,Instagram,4788.97,17,2024-11-02
18345,Google,875.56,235,2023-12-24
18346,Facebook,2520.06,289,2023-06-17
18347,Email,809.63,475,2023-02-10
18348,Facebook,2766.19,353,2024-04-16
18349,Email,4019.72,109,2024-04-03
18350,Facebook,2722.52,89,2023-12-30
18351,Instagram,665.02,374,2024-05-11
18352,Email,1051.22,411,2023-05-14
18353,Email,4412.78,171,2023-02-17
18354,TikTok,119.24,483,2024-10-02
18355,Instagram,3363.98,406,2024-09-21
18356,Instagram,1412.55,134,2023-08-26
18357,Google,4343.69,287,2024-09-07
18358,Instagram,914.41,232,2023-12-18
18359,TikTok,4389.94,411,2023-07-05
18360,Google,2625.91,62,2023-08-28
18361,Google,3593.04,285,2024-08-17
18362,Facebook,1843.52,321,2024-08-30
18363,Instagram,512.0,432,2024-03-09
18364,Email,2810.29,11,2023-06-28
18365,Facebook,1707.65,270,2023-05-12
18366,Facebook,1367.42,302,2024-02-20
18367,Google,2077.99,415,2024-11-27
18368,Instagram,867.12,416,2024-10-27
18369,Email,1937.37,170,2023-12-09
18370,Instagram,4989.4,238,2023-12-08
18371,TikTok,4934.37,448,2024-03-03
18372,TikTok,4646.48,112,2023-12-05
18373,Instagram,2357.61,18,2023-02-08
18374,Google,2239.69,296,2024-09-15
18375,Facebook,1812.51,163,2023-03-27
18376,Google,1528.9,402,2024-11-08
18377,TikTok,3965.05,462,2024-06-17
18378,Google,772.47,401,2023-04-02
18379,Instagram,1908.39,484,2024-08-28
18380,Instagram,3270.37,145,2023-05-01
18381,Facebook,3456.91,457,2024-04-16
18382,Instagram,2235.82,155,2024-01-30
18383,Instagram,2649.9,487,2024-04-06
18384,Instagram,2244.02,479,2023-02-13
18385,TikTok,3416.74,31,2023-07-07
18386,Email,479.79,176,2023-12-07
18387,Google,3972.14,178,2024-03-25
18388,Facebook,3376.35,330,2023-02-17
18389,Email,2337.18,192,2023-12-02
18390,Email,4365.82,281,2024-07-05
18391,Facebook,1757.73,278,2023-12-27
18392,Facebook,4595.39,254,2023-07-31
18393,TikTok,710.19,364,2023-02-02
18394,TikTok,1047.33,122,2024-07-23
18395,Facebook,4048.17,408,2023-11-16
18396,TikTok,3473.01,377,2023-07-24
18397,Email,3835.69,211,2023-07-28
18398,Google,1164.96,273,2024-02-29
18399,TikTok,941.85,275,2024-09-06
18400,Email,3937.41,57,2024-06-19
18401,Email,110.86,373,2023-10-27
18402,Email,1766.69,141,2023-11-07
18403,TikTok,4915.27,295,2024-09-13
18404,TikTok,2914.8,219,2024-11-23
18405,Google,1445.92,226,2023-08-09
18406,Facebook,2129.21,32,2023-02-15
18407,TikTok,4225.99,489,2024-11-28
18408,Email,4955.67,128,2023-06-23
18409,Instagram,3741.6,215,2023-08-22
18410,Email,3339.45,130,2023-12-31
18411,Instagram,2045.54,190,2024-01-25
18412,Email,4618.62,373,2023-11-28
18413,Google,1051.32,201,2024-03-23
18414,TikTok,4605.13,454,2024-10-03
18415,Instagram,51.24,498,2024-02-26
18416,Instagram,1879.26,257,2023-05-19
18417,Instagram,669.12,253,2023-02-16
18418,Instagram,2491.51,307,2024-03-30
18419,Google,4820.84,317,2023-09-16
18420,Facebook,2034.46,142,2023-06-16
18421,Instagram,2419.02,210,2024-10-19
18422,Instagram,1812.59,480,2023-09-07
18423,Instagram,1394.9,481,2024-10-10
18424,Facebook,1156.27,324,2023-03-06
18425,Google,967.97,181,2023-06-18
18426,Google,1882.47,262,2023-12-21
18427,Google,2579.75,484,2024-05-10
18428,Facebook,4695.03,249,2023-01-09
18429,Instagram,2456.32,371,2023-04-07
18430,Email,1032.06,354,2023-04-29
18431,Google,4311.53,386,2023-03-17
18432,Google,1868.97,54,2023-09-22
18433,Google,1996.11,443,2023-06-19
18434,TikTok,3660.34,75,2024-11-03
18435,Instagram,2916.48,452,2024-03-19
18436,Instagram,3521.23,222,2024-08-10
18437,Facebook,1943.24,415,2023-01-20
18438,Facebook,2651.82,231,2024-03-17
18439,Facebook,702.73,174,2023-08-06
18440,Instagram,3635.93,40,2024-10-03
18441,Instagram,634.51,237,2023-11-09
18442,Email,4884.4,157,2023-07-24
18443,Facebook,3561.63,121,2023-10-04
18444,Instagram,2103.06,308,2024-06-17
18445,Google,2877.58,387,2024-08-17
18446,TikTok,1290.76,391,2023-05-05
18447,TikTok,3045.4,126,2023-03-25
18448,Email,4528.22,235,2023-01-20
18449,Instagram,53.98,361,2024-04-30
18450,TikTok,734.73,39,2023-01-15
18451,Email,2472.29,180,2024-09-01
18452,Google,336.03,423,2024-09-04
18453,Facebook,4323.5,302,2024-01-19
18454,Google,2168.19,96,2023-12-29
18455,Facebook,686.66,107,2024-07-05
18456,TikTok,884.95,265,2024-11-14
18457,Instagram,3253.79,278,2023-10-25
18458,Instagram,2528.66,123,2023-10-26
18459,Facebook,2021.6,197,2023-05-29
18460,Instagram,293.5,216,2023-11-05
18461,Email,653.69,362,2023-11-10
18462,Email,911.53,148,2023-11-26
18463,Instagram,2046.47,326,2023-10-26
18464,Facebook,2147.29,70,2024-01-27
18465,TikTok,4974.68,358,2023-10-31
18466,Facebook,3348.41,42,2023-08-07
18467,Google,4989.59,433,2024-10-05
18468,Google,3893.93,352,2023-11-05
18469,Google,472.97,46,2024-04-22
18470,Facebook,526.85,32,2024-07-21
18471,Email,1657.6,156,2024-08-08
18472,Facebook,3207.46,494,2024-09-20
18473,Google,4078.1,150,2024-04-15
18474,TikTok,2727.75,207,2023-03-23
18475,Instagram,552.05,324,2023-10-13
18476,Google,1129.97,170,2024-05-19
18477,TikTok,216.55,437,2024-11-15
18478,Email,1161.84,293,2024-09-26
18479,Email,1752.72,80,2023-10-20
18480,Instagram,2993.71,77,2023-03-14
18481,Facebook,2712.95,191,2024-11-02
18482,Google,4483.38,364,2023-04-19
18483,TikTok,2519.08,455,2023-05-26
18484,Facebook,3726.27,68,2024-10-16
18485,Email,1026.47,370,2024-09-29
18486,Google,232.29,381,2023-05-15
18487,Facebook,2557.69,319,2023-01-26
18488,Instagram,3915.83,249,2023-02-25
18489,TikTok,3800.31,235,2024-07-03
18490,Google,1811.77,477,2024-06-25
18491,Google,165.89,107,2024-05-08
18492,Google,633.72,212,2024-07-22
18493,TikTok,4844.54,186,2023-04-07
18494,Instagram,4568.24,175,2023-03-08
18495,Instagram,4873.66,124,2024-04-09
18496,Instagram,2605.95,42,2023-12-13
18497,Facebook,3808.42,231,2024-01-26
18498,Instagram,1617.99,110,2024-07-07
18499,Instagram,1484.71,106,2024-11-16
18500,Email,1922.39,215,2023-06-30
18501,Google,426.83,473,2024-09-13
18502,Email,4804.7,27,2024-05-12
18503,Google,2567.69,117,2023-11-30
18504,Facebook,522.61,494,2024-11-19
18505,Facebook,321.59,54,2023-12-08
18506,Google,4746.56,340,2024-05-06
18507,Google,3111.83,108,2023-04-20
18508,Email,4417.8,196,2023-10-05
18509,Facebook,1631.9,449,2023-04-23
18510,Google,3660.16,448,2023-05-23
18511,Facebook,4456.15,246,2024-02-28
18512,Google,2270.12,323,2023-04-24
18513,Facebook,583.93,324,2024-03-06
18514,Instagram,3310.99,99,2023-09-17
18515,Instagram,465.46,127,2024-09-07
18516,Instagram,803.83,200,2023-01-31
18517,Google,3191.14,84,2023-11-14
18518,Email,1930.24,115,2024-09-02
18519,Facebook,3498.24,304,2023-10-13
18520,Instagram,4444.99,128,2024-07-24
18521,Google,4460.42,392,2023-02-20
18522,Instagram,4022.87,288,2024-06-10
18523,Facebook,113.23,144,2023-10-17
18524,Google,4444.45,487,2023-05-24
18525,Google,2971.3,389,2024-11-04
18526,Google,2336.41,371,2023-12-16
18527,Facebook,3965.55,427,2023-04-19
18528,Google,939.59,324,2024-01-09
18529,Google,1097.5,449,2024-01-15
18530,Email,2048.16,377,2024-04-06
18531,Facebook,1601.12,304,2023-03-31
18532,Email,4161.09,368,2024-05-11
18533,Email,3492.46,14,2024-11-03
18534,Email,2367.68,431,2024-10-20
18535,TikTok,1524.21,234,2024-08-14
18536,Google,1430.82,245,2023-03-01
18537,Instagram,1942.78,15,2023-04-16
18538,Facebook,1841.5,36,2024-10-29
18539,TikTok,1374.81,49,2024-06-11
18540,TikTok,788.21,243,2023-04-22
18541,Google,4161.63,339,2023-05-12
18542,Facebook,2774.76,326,2023-11-18
18543,Instagram,3777.74,19,2023-05-14
18544,Google,301.92,494,2024-04-06
18545,TikTok,1633.32,110,2023-10-15
18546,Google,1034.89,176,2023-06-15
18547,Email,2056.65,370,2024-03-19
18548,Email,703.29,140,2023-06-13
18549,Facebook,4351.1,146,2024-07-14
18550,Instagram,1983.72,187,2023-11-20
18551,Facebook,675.63,264,2024-03-02
18552,Instagram,2858.91,231,2024-01-15
18553,Google,3518.05,343,2023-11-09
18554,Facebook,3365.38,283,2024-05-25
18555,Email,250.08,381,2024-01-11
18556,Google,3774.11,288,2023-08-08
18557,Google,2010.68,74,2024-04-22
18558,Google,3635.1,436,2024-01-14
18559,Google,1769.28,283,2023-10-14
18560,Facebook,1969.98,437,2024-10-27
18561,Email,672.64,251,2024-08-29
18562,Instagram,1783.37,291,2023-08-19
18563,TikTok,3680.46,379,2023-11-30
18564,Google,110.62,313,2023-07-16
18565,TikTok,4427.22,114,2024-02-28
18566,Instagram,3093.43,22,2023-09-04
18567,Facebook,2074.8,196,2024-04-29
18568,Facebook,214.4,431,2023-07-25
18569,TikTok,3660.97,252,2023-04-15
18570,TikTok,981.15,50,2024-07-10
18571,Email,2841.03,103,2024-09-17
18572,Instagram,1507.36,84,2024-11-02
18573,Instagram,2590.41,106,2024-08-07
18574,Instagram,3559.9,466,2024-07-21
18575,Facebook,3473.85,28,2023-05-19
18576,Instagram,3639.09,119,2023-10-27
18577,Email,721.39,144,2023-10-12
18578,Email,3469.69,26,2024-03-14
18579,TikTok,4763.66,71,2024-06-16
18580,Facebook,2353.31,305,2024-08-22
18581,TikTok,1513.87,330,2024-05-20
18582,Google,2428.07,331,2023-11-09
18583,Google,2537.92,107,2023-10-22
18584,TikTok,798.78,378,2024-11-08
18585,Facebook,1948.5,62,2023-02-07
18586,Email,1399.69,10,2023-12-02
18587,Google,1454.74,132,2023-09-25
18588,Facebook,455.28,315,2023-10-05
18589,Facebook,1493.91,333,2024-05-27
18590,Instagram,4874.34,479,2023-01-07
18591,Facebook,262.29,467,2023-06-20
18592,Google,3201.91,275,2024-01-26
18593,Email,4739.73,231,2023-01-03
18594,TikTok,1401.55,411,2023-01-25
18595,Facebook,3945.8,17,2023-02-17
18596,Facebook,3157.18,291,2023-12-13
18597,Google,4071.17,178,2024-10-25
18598,Facebook,2494.03,299,2023-07-23
18599,Google,4506.86,94,2023-02-27
18600,Facebook,1802.89,289,2024-07-01
18601,Facebook,1330.57,486,2023-05-05
18602,Facebook,3613.97,499,2023-10-26
18603,Instagram,3941.76,80,2023-11-13
18604,Google,1312.93,161,2023-12-13
18605,Instagram,4196.12,159,2023-01-12
18606,Instagram,390.27,139,2023-05-29
18607,Facebook,2711.21,143,2023-12-06
18608,Instagram,2987.48,466,2023-10-20
18609,Google,3422.04,234,2023-08-15
18610,Google,1111.55,251,2023-11-20
18611,TikTok,4007.92,453,2024-05-07
18612,Google,3824.36,353,2024-02-27
18613,Google,1705.28,159,2023-12-26
18614,TikTok,4873.33,468,2023-01-10
18615,Instagram,2165.45,246,2023-09-21
18616,Google,4693.68,159,2023-09-28
18617,Email,2004.79,261,2024-02-25
18618,TikTok,3361.5,161,2024-04-17
18619,Instagram,3908.56,476,2024-06-29
18620,TikTok,3083.78,149,2023-06-04
18621,TikTok,2312.63,379,2023-01-24
18622,Instagram,862.27,13,2024-04-06
18623,Facebook,2381.01,406,2024-10-08
18624,Instagram,4019.57,416,2024-11-10
18625,Facebook,1831.65,356,2024-10-05
18626,TikTok,2996.42,295,2024-07-19
18627,Google,3270.78,126,2024-07-19
18628,Instagram,4699.21,15,2023-12-30
18629,Facebook,1144.07,361,2024-08-08
18630,Instagram,3519.22,444,2023-10-16
18631,Email,1372.38,261,2023-07-30
18632,TikTok,935.94,2,2024-11-13
18633,TikTok,4579.52,45,2024-06-08
18634,Email,1624.72,397,2024-06-06
18635,Google,3121.02,316,2023-11-25
18636,Google,1118.01,230,2024-07-04
18637,Email,3218.35,36,2023-07-15
18638,Email,3840.82,16,2023-04-05
18639,TikTok,1190.2,0,2023-05-25
18640,TikTok,1380.97,374,2023-06-19
18641,Facebook,270.53,406,2023-11-05
18642,Facebook,2637.28,156,2023-08-16
18643,Instagram,3646.68,377,2024-11-28
18644,Facebook,697.21,8,2024-04-09
18645,Google,4505.11,190,2023-03-13
18646,Instagram,4313.77,374,2024-04-24
18647,Email,3858.39,309,2023-08-28
18648,Google,2910.66,391,2024-03-27
18649,Google,881.83,431,2023-10-10
18650,Google,121.01,290,2024-01-04
18651,TikTok,2186.29,420,2024-06-08
18652,Email,625.9,146,2024-02-02
18653,Google,299.6,77,2023-08-13
18654,Google,159.18,260,2023-10-02
18655,TikTok,4600.96,239,2024-11-18
18656,Facebook,177.57,124,2023-03-15
18657,TikTok,3121.93,354,2024-01-27
18658,TikTok,2185.68,173,2024-09-26
18659,TikTok,2047.6,35,2023-10-19
18660,Email,2878.18,244,2023-01-20
18661,Google,1185.1,278,2023-02-28
18662,Google,4081.49,180,2024-07-15
18663,Facebook,3832.91,330,2023-11-12
18664,Facebook,3148.04,194,2024-09-23
18665,Facebook,2411.52,311,2023-12-14
18666,Instagram,4075.21,365,2023-11-14
18667,Facebook,4899.15,354,2024-09-16
18668,Google,3545.37,246,2023-07-25
18669,TikTok,1221.7,167,2024-02-22
18670,Email,4824.1,268,2024-01-03
18671,Email,2239.17,435,2023-06-20
18672,Instagram,4203.39,453,2023-06-24
18673,TikTok,4106.79,454,2024-05-01
18674,Google,3249.01,13,2024-04-06
18675,Facebook,112.38,103,2024-01-29
18676,Email,3345.87,219,2023-03-26
18677,Email,2155.74,491,2023-10-28
18678,Facebook,4394.32,474,2024-02-16
18679,Instagram,1949.64,413,2023-01-24
18680,TikTok,2174.57,415,2024-05-15
18681,Email,1903.16,307,2023-11-17
18682,TikTok,2843.55,63,2023-09-21
18683,Facebook,268.59,40,2024-08-03
18684,Email,3532.57,43,2024-07-28
18685,Email,1898.96,348,2023-02-13
18686,Instagram,1155.62,453,2023-05-11
18687,Google,1931.87,460,2024-07-16
18688,Instagram,2680.25,105,2023-04-20
18689,TikTok,774.22,118,2024-03-28
18690,TikTok,2950.02,473,2024-08-11
18691,Instagram,4120.91,120,2023-07-08
18692,Facebook,3778.69,153,2024-04-16
18693,Instagram,1027.93,110,2024-04-17
18694,Google,4562.19,137,2023-10-04
18695,Facebook,4161.67,350,2024-11-11
18696,TikTok,1609.35,64,2024-02-29
18697,TikTok,1334.57,415,2023-06-30
18698,Google,3376.84,297,2023-07-04
18699,Google,3258.6,130,2023-03-29
18700,Facebook,1048.88,490,2024-10-02
18701,Facebook,3788.63,201,2023-08-06
18702,Instagram,4299.5,140,2023-09-13
18703,Email,2198.08,359,2024-10-01
18704,Email,1335.35,485,2024-10-01
18705,Email,2629.65,475,2024-07-13
18706,TikTok,4227.72,464,2024-03-04
18707,Email,1651.14,415,2024-05-17
18708,Email,3544.85,432,2023-03-13
18709,Email,2944.91,460,2023-10-04
18710,TikTok,4057.23,259,2023-07-19
18711,Instagram,4198.97,291,2024-06-13
18712,Google,2939.78,92,2024-06-19
18713,TikTok,3709.35,22,2024-06-28
18714,Facebook,2160.06,295,2024-02-17
18715,TikTok,4337.6,372,2024-03-29
18716,Instagram,4684.61,393,2023-09-09
18717,Google,3811.05,189,2023-12-11
18718,TikTok,1847.95,426,2024-05-09
18719,Facebook,4479.28,62,2023-01-23
18720,TikTok,4134.78,270,2024-05-22
18721,Google,2408.19,470,2024-04-29
18722,TikTok,143.79,422,2024-02-04
18723,Email,3092.08,221,2023-11-05
18724,Facebook,2969.42,283,2024-10-22
18725,Instagram,3089.52,466,2024-03-27
18726,Email,2208.65,119,2023-09-21
18727,Instagram,4212.28,127,2024-03-15
18728,Facebook,309.28,230,2024-04-24
18729,TikTok,4594.92,214,2024-02-07
18730,Google,2895.29,331,2024-07-16
18731,Facebook,2144.05,163,2024-07-22
18732,Email,1522.34,173,2024-11-08
18733,Facebook,2438.73,164,2023-12-10
18734,Facebook,2668.96,177,2023-12-31
18735,Facebook,3340.76,73,2023-03-28
18736,Google,1544.68,217,2023-04-11
18737,TikTok,3034.42,336,2023-06-16
18738,Facebook,357.37,488,2024-11-04
18739,Email,3105.12,399,2024-07-08
18740,TikTok,2717.52,33,2023-02-01
18741,TikTok,2845.0,341,2023-03-06
18742,Google,2761.89,430,2024-10-26
18743,Instagram,1352.85,163,2024-01-06
18744,Google,74.29,72,2024-08-01
18745,Email,3840.81,27,2023-11-22
18746,TikTok,4238.36,220,2024-03-14
18747,Facebook,4250.82,191,2023-03-26
18748,Instagram,3364.12,374,2024-08-26
18749,Instagram,4248.23,68,2023-05-25
18750,Instagram,518.96,260,2023-12-21
18751,Email,990.5,464,2024-02-27
18752,TikTok,2722.54,221,2023-12-15
18753,Email,3155.84,271,2023-07-07
18754,TikTok,4018.4,244,2024-05-30
18755,Instagram,1706.57,377,2024-07-02
18756,TikTok,1545.24,292,2024-02-25
18757,Email,1740.94,445,2023-07-01
18758,Facebook,1714.79,147,2023-11-26
18759,Google,3523.38,449,2024-04-23
18760,Email,2143.21,83,2023-04-25
18761,Instagram,2315.72,450,2023-07-10
18762,Facebook,2610.46,319,2023-08-16
18763,Instagram,219.92,229,2024-03-19
18764,Facebook,1404.49,254,2024-01-16
18765,Email,3599.51,395,2023-12-18
18766,TikTok,3565.11,404,2024-08-27
18767,TikTok,541.7,22,2023-02-19
18768,Email,2148.87,499,2023-12-07
18769,Facebook,3677.26,394,2024-03-28
18770,TikTok,4782.04,463,2023-05-15
18771,Email,4470.65,364,2023-03-31
18772,TikTok,855.82,158,2023-05-14
18773,TikTok,1672.35,389,2023-03-17
18774,Facebook,1503.25,27,2024-05-07
18775,TikTok,3604.78,94,2024-01-10
18776,Facebook,2794.77,269,2024-05-24
18777,Instagram,1163.34,191,2024-09-27
18778,Google,538.53,205,2024-03-19
18779,Google,2453.03,385,2023-01-20
18780,Google,4460.77,213,2023-04-09
18781,Google,381.18,417,2024-09-07
18782,Google,361.51,470,2023-02-13
18783,Google,3703.95,283,2024-11-11
18784,TikTok,655.31,342,2023-06-10
18785,Google,4030.37,481,2024-09-30
18786,Email,3520.18,258,2023-01-24
18787,Facebook,4640.93,395,2024-01-30
18788,Instagram,2139.68,109,2023-03-05
18789,TikTok,3387.05,324,2023-05-18
18790,Facebook,3530.99,416,2023-12-10
18791,Facebook,1696.06,442,2023-01-05
18792,TikTok,2697.21,169,2023-06-08
18793,Facebook,1994.85,154,2024-07-10
18794,Google,1112.97,137,2023-02-11
18795,Facebook,1384.73,15,2024-07-27
18796,Google,936.26,299,2023-07-18
18797,Google,942.23,424,2023-02-28
18798,Google,4669.01,479,2023-10-16
18799,Instagram,351.16,419,2023-02-10
18800,Facebook,591.39,414,2024-04-09
18801,TikTok,473.62,415,2024-03-21
18802,Instagram,2463.11,243,2024-01-08
18803,Instagram,2809.21,483,2023-10-15
18804,TikTok,4092.31,453,2024-08-10
18805,Facebook,3562.02,145,2023-03-07
18806,Google,819.83,191,2023-06-30
18807,Google,1976.39,462,2023-06-16
18808,Email,271.41,430,2024-11-22
18809,Email,4603.77,352,2024-06-18
18810,Facebook,4188.13,263,2023-02-06
18811,Google,642.53,499,2023-11-12
18812,Facebook,3363.35,370,2023-08-15
18813,Google,2207.27,268,2023-06-11
18814,Instagram,3332.05,430,2023-07-10
18815,Facebook,1190.58,429,2024-08-08
18816,Email,2521.56,447,2023-07-02
18817,Facebook,3078.22,425,2023-08-10
18818,Email,4673.02,186,2023-10-07
18819,Google,230.8,236,2024-09-19
18820,Email,3619.67,356,2024-01-28
18821,Google,4884.2,130,2024-11-01
18822,Instagram,4292.5,412,2024-11-06
18823,Email,1050.91,210,2023-11-24
18824,Google,4797.16,14,2024-08-30
18825,Google,1201.93,470,2024-05-25
18826,Google,4699.2,235,2024-10-19
18827,Facebook,4145.54,0,2023-03-22
18828,Instagram,1371.88,77,2024-03-03
18829,TikTok,3880.86,120,2023-06-23
18830,Email,1991.47,466,2023-06-25
18831,Google,4037.16,451,2024-06-20
18832,Email,4660.07,383,2024-11-15
18833,Email,4775.55,457,2023-01-29
18834,Email,2027.7,239,2023-11-29
18835,Google,306.68,87,2023-02-26
18836,Google,927.47,409,2023-11-09
18837,Email,3609.17,229,2023-08-21
18838,Google,610.55,47,2024-10-05
18839,Facebook,2555.2,402,2023-03-31
18840,Facebook,2556.71,282,2024-02-17
18841,Email,2908.69,14,2023-12-28
18842,Instagram,3617.69,402,2024-05-23
18843,Facebook,1186.53,95,2024-11-01
18844,Google,3012.1,62,2023-04-10
18845,Facebook,665.26,220,2023-09-04
18846,TikTok,814.81,213,2024-01-13
18847,TikTok,3808.67,296,2024-09-08
18848,Email,112.69,12,2023-03-23
18849,Email,3419.99,329,2023-05-20
18850,TikTok,1208.53,301,2024-10-15
18851,Instagram,4830.83,253,2024-10-03
18852,TikTok,485.97,119,2023-01-31
18853,Facebook,3088.15,220,2023-02-02
18854,Instagram,4162.55,451,2023-01-07
18855,Email,1218.61,69,2024-02-09
18856,Facebook,3380.54,238,2024-06-07
18857,Google,4175.45,49,2024-05-27
18858,Email,3437.34,124,2023-05-14
18859,Instagram,2375.51,474,2023-09-09
18860,Email,1952.81,223,2023-06-06
18861,Google,3228.39,115,2024-05-27
18862,Instagram,2791.2,459,2024-10-20
18863,Email,611.35,247,2024-11-11
18864,TikTok,3033.82,28,2023-04-03
18865,Email,2020.82,101,2024-01-16
18866,Email,544.74,448,2023-09-13
18867,Email,1755.36,390,2024-04-14
18868,TikTok,4037.88,384,2023-08-23
18869,Email,2671.49,217,2024-09-28
18870,Facebook,615.72,369,2024-01-26
18871,Facebook,3947.01,382,2024-09-09
18872,Email,833.83,317,2023-05-23
18873,TikTok,684.74,200,2023-05-28
18874,Instagram,3346.15,431,2023-06-13
18875,Facebook,532.07,317,2023-07-12
18876,Google,2045.76,424,2023-01-12
18877,Google,4623.49,71,2023-07-26
18878,Instagram,3802.87,129,2023-01-13
18879,Google,272.59,132,2023-07-06
18880,Facebook,2504.2,402,2023-10-11
18881,Google,3743.4,238,2023-09-02
18882,Google,3795.07,173,2024-04-30
18883,Instagram,3930.36,56,2023-02-18
18884,Instagram,3602.7,57,2023-05-14
18885,Email,254.58,457,2024-03-21
18886,Email,4428.38,375,2023-01-03
18887,Instagram,622.97,148,2024-06-14
18888,Email,2321.0,488,2024-05-03
18889,Google,2956.55,417,2024-07-03
18890,Email,1570.28,377,2024-04-26
18891,Email,1061.44,413,2024-09-29
18892,TikTok,544.45,255,2023-05-21
18893,Instagram,335.27,412,2023-03-10
18894,Google,651.57,489,2024-10-23
18895,TikTok,3216.75,464,2024-11-14
18896,Google,3594.04,34,2023-09-18
18897,TikTok,2948.59,202,2023-05-26
18898,Instagram,4342.29,433,2023-10-14
18899,Google,4928.11,13,2023-02-22
18900,Google,2266.07,388,2023-05-17
18901,Instagram,3988.78,397,2024-08-09
18902,Google,3875.91,204,2023-11-06
18903,TikTok,429.66,388,2024-10-14
18904,Instagram,220.97,6,2024-09-20
18905,Google,4890.89,43,2023-06-04
18906,TikTok,145.75,157,2023-03-31
18907,Instagram,2701.68,274,2024-05-28
18908,Facebook,1862.27,450,2023-04-10
18909,Email,4918.93,20,2023-12-20
18910,Email,2237.32,249,2023-08-26
18911,TikTok,4411.13,97,2024-07-16
18912,TikTok,4529.41,257,2023-05-13
18913,TikTok,2848.45,309,2024-10-22
18914,Google,2871.07,98,2023-05-08
18915,Facebook,1334.94,414,2023-12-20
18916,Email,3597.68,130,2023-06-13
18917,Instagram,1445.94,51,2024-09-22
18918,Instagram,4144.38,273,2023-03-22
18919,Google,3709.82,331,2024-01-12
18920,Google,2026.96,239,2023-12-26
18921,TikTok,4163.39,394,2023-12-31
18922,Instagram,4951.29,433,2023-12-08
18923,Email,4883.13,81,2023-09-14
18924,Facebook,3952.12,477,2024-06-25
18925,Facebook,3732.61,155,2024-01-27
18926,Instagram,64.83,480,2023-06-30
18927,Instagram,3498.58,481,2024-06-04
18928,Email,2001.91,284,2023-09-22
18929,Google,1324.43,4,2023-02-21
18930,Facebook,1874.18,129,2024-11-11
18931,TikTok,704.93,241,2023-03-11
18932,Email,1529.83,22,2024-01-22
18933,Facebook,2683.51,137,2024-03-22
18934,Instagram,3060.27,360,2024-09-15
18935,Facebook,2783.72,79,2023-05-07
18936,Email,1140.77,106,2024-06-25
18937,Email,2249.2,371,2023-12-01
18938,Instagram,2923.03,162,2023-01-17
18939,Google,4234.75,315,2023-09-23
18940,Facebook,155.73,353,2023-03-05
18941,Email,3969.86,200,2023-09-12
18942,Email,2233.65,402,2023-05-08
18943,Email,1167.63,278,2024-01-27
18944,Facebook,4987.14,396,2024-06-09
18945,Google,3050.3,41,2023-01-25
18946,TikTok,4278.86,36,2023-07-15
18947,TikTok,961.32,136,2023-11-28
18948,TikTok,163.82,298,2023-08-15
18949,Facebook,2405.12,257,2023-09-08
18950,Facebook,517.1,321,2024-07-21
18951,TikTok,661.7,41,2024-03-11
18952,Google,2045.25,333,2024-09-22
18953,Email,3377.06,224,2024-09-12
18954,TikTok,2512.93,457,2024-05-10
18955,Facebook,837.28,391,2024-03-11
18956,Facebook,2908.03,115,2024-07-14
18957,Google,882.31,218,2023-05-08
18958,TikTok,3261.25,486,2023-01-25
18959,Facebook,4967.62,316,2024-07-13
18960,Facebook,514.89,242,2023-03-01
18961,Facebook,4584.44,324,2024-11-03
18962,Google,3013.97,266,2023-09-03
18963,Facebook,4143.05,312,2023-08-23
18964,Instagram,907.02,394,2023-11-09
18965,Google,2465.18,74,2023-09-10
18966,Email,94.95,466,2023-06-20
18967,Facebook,2433.33,300,2023-04-13
18968,Email,2162.53,109,2024-03-08
18969,Facebook,3964.78,259,2023-12-01
18970,Instagram,3464.57,348,2024-05-07
18971,Facebook,4977.68,26,2023-10-09
18972,Google,4410.92,364,2023-09-07
18973,Google,4673.38,88,2023-08-08
18974,Facebook,1827.24,243,2024-06-07
18975,Google,1160.74,413,2024-02-02
18976,Email,4772.61,268,2023-06-04
18977,Instagram,1242.42,165,2024-06-16
18978,Google,4215.9,407,2023-11-03
18979,Google,2398.99,365,2023-06-01
18980,Google,4776.23,442,2024-11-22
18981,Google,4404.76,178,2024-03-24
18982,TikTok,3018.41,176,2023-12-16
18983,Instagram,4685.74,274,2024-03-21
18984,Google,3886.39,237,2024-06-04
18985,Email,1371.02,452,2024-10-17
18986,Email,211.31,308,2023-12-08
18987,Email,3011.75,405,2023-09-12
18988,Facebook,2185.64,140,2023-09-04
18989,Facebook,2768.86,111,2024-08-06
18990,Google,261.85,381,2023-12-04
18991,Email,4180.38,337,2024-05-20
18992,Instagram,4649.49,60,2023-01-07
18993,Email,842.91,85,2024-04-07
18994,Instagram,2111.0,440,2023-12-31
18995,Email,3385.0,146,2023-11-12
18996,Google,853.48,133,2023-11-21
18997,Email,4873.93,217,2024-07-13
18998,Email,2275.83,444,2023-06-17
18999,TikTok,3927.6,279,2023-09-05
19000,Google,4661.47,434,2023-03-11
19001,TikTok,3619.41,171,2024-06-29
19002,Email,410.34,351,2023-03-18
19003,Instagram,2508.81,245,2023-04-06
19004,Facebook,335.71,493,2023-12-07
19005,Facebook,1161.45,329,2023-06-25
19006,Facebook,2367.84,70,2024-06-03
19007,Facebook,1823.87,301,2023-02-22
19008,Email,766.99,199,2024-08-03
19009,Google,2593.99,117,2023-12-31
19010,Instagram,3528.44,81,2023-11-21
19011,Facebook,4291.67,16,2023-04-20
19012,Facebook,3503.11,223,2023-11-26
19013,Facebook,3975.26,177,2023-08-02
19014,Facebook,1422.16,290,2024-07-07
19015,Email,1335.69,141,2024-07-27
19016,Facebook,4993.49,404,2024-01-25
19017,Google,1145.24,404,2023-07-06
19018,Email,1923.35,494,2024-03-08
19019,Email,4682.56,386,2023-11-06
19020,TikTok,4523.81,48,2023-12-04
19021,Instagram,2386.37,169,2024-07-31
19022,Instagram,4853.68,328,2024-02-03
19023,Email,3487.09,351,2024-10-12
19024,TikTok,4345.85,255,2024-10-16
19025,Google,2094.89,222,2023-09-14
19026,Email,3431.83,372,2023-09-24
19027,Facebook,2705.97,222,2023-09-09
19028,TikTok,2227.94,271,2024-04-19
19029,Instagram,3253.66,188,2024-07-07
19030,Facebook,2612.04,371,2024-09-16
19031,TikTok,1842.09,328,2023-09-20
19032,Email,1118.28,81,2024-06-16
19033,TikTok,3862.75,471,2023-08-05
19034,Email,3582.73,448,2023-11-16
19035,Instagram,3232.88,229,2024-05-14
19036,Facebook,2995.33,420,2024-11-03
19037,Email,172.74,91,2023-03-24
19038,Facebook,1999.41,40,2023-12-19
19039,Instagram,1475.06,19,2024-02-12
19040,TikTok,1809.89,191,2024-08-31
19041,TikTok,2430.76,455,2024-05-27
19042,TikTok,3611.31,29,2023-12-18
19043,Google,3297.78,333,2024-01-12
19044,Google,3038.38,479,2023-02-08
19045,Instagram,4186.14,59,2024-06-16
19046,TikTok,1965.18,69,2024-02-02
19047,Facebook,3155.77,229,2023-08-04
19048,Email,1202.55,490,2023-10-31
19049,Email,3258.83,189,2023-11-13
19050,Facebook,4230.6,242,2024-06-26
19051,Instagram,584.53,447,2024-04-11
19052,Instagram,3335.79,306,2023-09-02
19053,Facebook,4331.74,403,2023-03-22
19054,TikTok,4250.33,496,2024-09-05
19055,Google,3244.87,277,2023-05-20
19056,Instagram,2273.64,119,2024-07-18
19057,TikTok,1466.59,400,2023-02-01
19058,Email,2447.53,489,2023-08-30
19059,Google,768.52,363,2024-04-16
19060,Email,4080.68,92,2024-02-04
19061,Email,1472.52,316,2023-08-13
19062,Google,1223.99,265,2023-05-15
19063,Google,1106.27,266,2024-02-10
19064,Google,2259.13,254,2023-11-11
19065,Google,2279.68,259,2023-05-18
19066,Facebook,4867.44,21,2024-08-23
19067,Facebook,3125.15,114,2024-07-02
19068,Facebook,3532.22,264,2023-09-01
19069,TikTok,2680.36,156,2024-07-13
19070,TikTok,3617.99,196,2024-03-03
19071,Google,73.48,199,2024-07-16
19072,TikTok,602.39,322,2024-10-14
19073,Google,3690.83,2,2024-07-17
19074,Google,3656.21,481,2024-04-01
19075,Email,3254.63,433,2023-06-01
19076,Facebook,4573.22,328,2023-09-21
19077,Instagram,615.42,253,2024-06-22
19078,TikTok,4199.34,487,2024-09-13
19079,Facebook,439.02,472,2023-01-24
19080,Instagram,4616.5,38,2023-02-21
19081,TikTok,338.49,455,2023-12-22
19082,Instagram,118.03,2,2024-05-14
19083,Google,593.38,371,2023-05-10
19084,TikTok,4825.03,104,2024-06-30
19085,Instagram,2327.76,125,2024-08-31
19086,Facebook,3557.29,301,2024-10-20
19087,Instagram,783.7,201,2024-06-24
19088,Instagram,4827.71,417,2023-01-18
19089,Google,4079.74,192,2024-01-27
19090,Instagram,1250.42,401,2023-05-21
19091,Email,2054.18,134,2023-11-16
19092,Instagram,4864.42,277,2024-02-16
19093,Google,2524.98,75,2024-04-25
19094,Instagram,244.83,162,2024-05-03
19095,Instagram,2910.73,74,2023-04-08
19096,Google,3771.43,188,2024-11-01
19097,TikTok,1439.18,101,2023-02-15
19098,Instagram,4872.49,305,2024-07-28
19099,Instagram,2490.57,328,2024-11-12
19100,Email,515.12,395,2024-03-22
19101,Instagram,1500.5,272,2023-12-18
19102,TikTok,4544.37,91,2024-10-16
19103,Email,1442.61,309,2023-10-26
19104,Facebook,4434.23,204,2024-01-26
19105,Facebook,4504.99,333,2024-03-14
19106,Instagram,3458.32,139,2023-05-06
19107,Instagram,1519.4,488,2023-04-07
19108,Google,3440.48,160,2024-09-05
19109,Email,1729.81,103,2024-02-16
19110,TikTok,604.56,211,2023-06-13
19111,Google,1934.56,94,2024-05-07
19112,TikTok,2289.28,109,2024-04-09
19113,Facebook,3893.11,133,2024-02-28
19114,Facebook,452.91,264,2023-04-02
19115,Facebook,3776.29,192,2023-02-14
19116,Instagram,3775.09,350,2024-09-19
19117,Email,3793.5,143,2024-09-14
19118,Google,378.62,78,2023-03-02
19119,Email,3710.88,302,2024-07-06
19120,Google,219.28,135,2024-06-01
19121,TikTok,2602.58,1,2024-04-24
19122,Google,1520.83,3,2024-10-29
19123,Google,4275.04,480,2024-09-15
19124,Email,4817.45,228,2023-03-23
19125,Facebook,2336.08,382,2024-11-19
19126,TikTok,4122.3,57,2023-07-29
19127,Instagram,987.71,477,2024-08-04
19128,Google,2919.35,198,2023-11-16
19129,Google,3341.53,118,2024-06-01
19130,Email,4510.3,245,2023-01-26
19131,Instagram,2620.57,207,2024-09-16
19132,Email,4667.95,440,2024-01-17
19133,Email,1850.58,2,2024-11-05
19134,Email,4887.97,309,2023-03-07
19135,Google,2805.59,186,2023-12-09
19136,Email,3352.29,224,2024-08-06
19137,Facebook,283.58,489,2024-03-18
19138,Facebook,201.06,222,2024-05-25
19139,TikTok,4760.65,74,2023-04-12
19140,Facebook,547.49,396,2023-07-13
19141,TikTok,363.46,167,2024-04-08
19142,Email,4172.01,390,2023-03-28
19143,Facebook,2953.85,202,2024-09-30
19144,Google,3544.22,392,2024-04-23
19145,Instagram,3758.4,88,2023-04-19
19146,TikTok,4470.26,167,2024-08-12
19147,TikTok,1679.17,393,2023-06-17
19148,Google,4216.5,444,2023-11-26
19149,Facebook,4928.61,83,2023-10-18
19150,TikTok,2754.61,24,2024-05-12
19151,Email,2999.99,15,2023-06-13
19152,Google,1539.42,432,2023-07-18
19153,Facebook,4964.44,126,2024-11-19
19154,Google,4467.79,169,2024-06-03
19155,Email,2884.51,34,2023-12-22
19156,TikTok,3245.12,333,2023-01-07
19157,Instagram,2836.27,295,2024-03-10
19158,Email,272.65,478,2023-11-07
19159,Instagram,2275.16,490,2024-02-01
19160,Google,506.4,43,2024-06-16
19161,Facebook,4387.67,368,2024-03-20
19162,TikTok,685.02,206,2023-11-22
19163,TikTok,1051.53,13,2023-10-06
19164,TikTok,2616.44,498,2023-09-08
19165,TikTok,3868.16,86,2023-10-18
19166,Facebook,4016.79,273,2024-11-09
19167,Email,1693.44,440,2024-05-31
19168,Email,1374.54,154,2024-04-05
19169,Facebook,1566.31,170,2024-07-15
19170,TikTok,2711.0,173,2023-09-26
19171,Instagram,4742.66,468,2023-01-07
19172,Facebook,1323.75,459,2024-02-01
19173,Facebook,3741.19,366,2023-12-17
19174,Email,3027.48,123,2023-08-02
19175,Facebook,3624.46,434,2023-10-11
19176,Instagram,1269.82,92,2023-03-03
19177,Google,3433.78,102,2024-05-29
19178,TikTok,989.91,384,2024-03-24
19179,Instagram,1544.36,422,2023-05-23
19180,Email,3483.87,235,2024-04-25
19181,TikTok,3599.03,218,2023-11-30
19182,Email,1700.82,419,2024-03-20
19183,Email,3066.9,169,2024-09-16
19184,Google,771.03,489,2024-03-02
19185,Google,966.59,18,2024-02-01
19186,TikTok,3800.99,499,2024-11-07
19187,Google,304.67,285,2023-05-04
19188,Instagram,2557.07,482,2024-07-29
19189,Facebook,3913.59,250,2024-06-29
19190,Facebook,2111.73,461,2023-10-27
19191,TikTok,1304.61,331,2023-02-17
19192,Email,3250.54,332,2023-06-05
19193,Instagram,1552.54,390,2023-09-30
19194,TikTok,4074.19,368,2023-01-15
19195,Instagram,4362.88,253,2023-07-17
19196,TikTok,2468.41,342,2024-11-20
19197,Google,1275.14,313,2024-07-24
19198,Email,153.82,76,2024-08-31
19199,Email,721.08,498,2024-01-02
19200,Email,489.09,133,2023-11-28
19201,TikTok,950.46,367,2023-11-10
19202,Facebook,4594.34,343,2024-01-23
19203,Instagram,2840.33,250,2023-05-13
19204,Email,2850.57,177,2024-01-22
19205,Facebook,4163.75,299,2024-10-17
19206,Email,3823.19,386,2023-09-17
19207,Google,581.87,125,2024-10-18
19208,Email,3589.43,337,2023-03-31
19209,Instagram,1872.65,278,2023-05-30
19210,Facebook,3015.04,355,2023-06-23
19211,Facebook,1962.57,393,2024-07-20
19212,Email,4348.29,39,2023-10-08
19213,Google,165.18,75,2024-08-24
19214,Instagram,3858.55,178,2023-03-06
19215,Instagram,2078.27,467,2023-04-18
19216,Email,3158.24,278,2023-03-05
19217,TikTok,2327.31,413,2023-03-04
19218,Facebook,4508.22,495,2023-04-17
19219,Instagram,1342.14,477,2023-06-19
19220,Instagram,1748.56,384,2024-11-01
19221,TikTok,3285.34,65,2023-03-27
19222,TikTok,1420.02,264,2023-09-18
19223,Google,4928.54,446,2024-08-10
19224,Email,2551.77,326,2024-09-14
19225,Instagram,2902.44,440,2024-01-09
19226,Email,4647.6,336,2024-09-04
19227,Google,1896.38,282,2024-06-23
19228,TikTok,1610.06,253,2023-04-23
19229,Facebook,2681.76,58,2024-05-07
19230,Email,3722.15,42,2023-01-03
19231,Email,2717.14,199,2023-04-20
19232,Google,2039.14,404,2023-04-09
19233,Instagram,2387.14,245,2024-11-22
19234,Facebook,3442.62,176,2024-05-31
19235,Instagram,2022.15,286,2024-04-17
19236,Email,2382.53,238,2024-01-18
19237,Instagram,3278.41,493,2023-09-29
19238,Email,2628.2,224,2023-04-20
19239,Facebook,4701.05,330,2023-09-29
19240,Email,624.11,484,2024-05-10
19241,Instagram,463.7,245,2023-03-13
19242,Facebook,4244.41,96,2024-10-09
19243,Email,4928.66,324,2024-02-19
19244,Google,1518.57,441,2024-07-10
19245,TikTok,318.36,287,2024-05-18
19246,Instagram,606.43,89,2023-03-17
19247,Email,301.38,166,2024-05-10
19248,Email,3053.54,4,2024-03-24
19249,Instagram,2599.91,44,2023-06-22
19250,Google,4909.1,200,2023-02-08
19251,Email,1094.71,367,2023-11-29
19252,Instagram,369.36,175,2024-11-15
19253,Instagram,4792.59,128,2023-03-23
19254,Google,1682.08,443,2024-03-06
19255,TikTok,1951.85,269,2023-06-09
19256,Instagram,1232.43,149,2024-05-28
19257,TikTok,4660.58,40,2024-03-12
19258,TikTok,1841.93,387,2023-06-13
19259,Email,4449.88,37,2023-09-09
19260,Facebook,4395.38,435,2024-03-28
19261,Instagram,568.33,385,2024-06-21
19262,Facebook,4999.66,385,2023-06-20
19263,TikTok,870.84,389,2024-09-15
19264,Instagram,412.38,204,2023-05-11
19265,Email,4319.08,151,2023-04-17
19266,Google,4433.53,25,2023-09-22
19267,Instagram,2051.98,178,2023-11-29
19268,Instagram,3901.05,34,2023-01-03
19269,TikTok,2978.34,157,2024-10-23
19270,Google,4294.71,231,2023-01-13
19271,Google,1797.6,340,2023-06-01
19272,TikTok,2199.74,400,2024-05-01
19273,Google,2514.22,224,2023-08-07
19274,Instagram,4974.83,173,2024-11-06
19275,TikTok,1375.47,128,2023-12-22
19276,Facebook,1095.76,240,2024-11-14
19277,Instagram,3247.98,309,2023-08-08
19278,TikTok,1300.31,421,2023-08-31
19279,TikTok,1822.83,405,2024-03-20
19280,Instagram,921.87,453,2024-05-13
19281,Instagram,1641.86,76,2023-10-02
19282,Email,3755.22,430,2023-12-04
19283,Google,4900.72,287,2023-12-29
19284,Email,4758.94,188,2024-06-21
19285,Email,4169.23,102,2024-06-17
19286,Facebook,639.25,127,2024-02-15
19287,TikTok,1916.73,262,2023-11-30
19288,Instagram,4665.22,29,2024-11-08
19289,Facebook,1284.89,400,2023-10-16
19290,Email,560.56,335,2023-10-21
19291,Google,547.94,182,2023-12-14
19292,Email,861.04,24,2024-01-11
19293,Email,3263.12,184,2023-08-14
19294,TikTok,2214.43,149,2023-05-18
19295,Email,275.96,490,2024-07-11
19296,Facebook,3054.86,26,2023-11-28
19297,Instagram,1631.33,209,2023-10-12
19298,TikTok,1582.42,449,2023-02-08
19299,TikTok,1551.49,32,2023-01-11
19300,TikTok,1111.37,63,2023-08-03
19301,Email,3353.28,436,2023-09-01
19302,Facebook,3391.5,440,2024-03-05
19303,Google,474.01,432,2023-11-30
19304,Instagram,4637.4,293,2023-09-21
19305,Instagram,4399.62,383,2024-05-30
19306,Facebook,3512.6,357,2024-07-28
19307,Facebook,4666.22,336,2024-08-29
19308,Instagram,2292.7,13,2024-07-12
19309,TikTok,63.63,67,2024-08-21
19310,Email,4069.47,21,2024-11-21
19311,TikTok,662.26,66,2024-03-06
19312,Instagram,1883.02,290,2023-01-24
19313,Instagram,473.89,393,2024-08-28
19314,Instagram,3846.55,0,2024-06-14
19315,TikTok,3781.33,295,2024-04-10
19316,Instagram,345.06,120,2023-05-07
19317,Instagram,1502.84,34,2024-07-16
19318,Google,213.61,27,2023-08-06
19319,Google,967.72,376,2024-11-29
19320,Google,4572.14,215,2023-10-10
19321,Google,107.12,220,2024-07-22
19322,TikTok,2454.71,112,2023-10-27
19323,TikTok,4351.9,37,2023-07-30
19324,Email,2416.99,408,2023-03-18
19325,Instagram,3050.39,18,2024-08-01
19326,Facebook,2565.98,465,2024-10-26
19327,Google,1030.27,296,2024-03-18
19328,Email,1543.9,308,2024-05-19
19329,Email,4173.23,203,2024-10-13
19330,Facebook,2165.64,1,2024-08-04
19331,Facebook,3003.5,318,2024-06-26
19332,Email,2000.86,96,2024-03-12
19333,Facebook,3253.49,225,2024-08-15
19334,Instagram,871.69,301,2023-09-14
19335,TikTok,2288.94,3,2023-11-19
19336,Instagram,2088.49,60,2023-11-01
19337,Instagram,1852.58,420,2023-03-01
19338,Email,1946.46,217,2023-05-24
19339,Facebook,2989.18,238,2024-08-04
19340,Google,1265.16,35,2023-12-20
19341,Instagram,2966.23,405,2024-07-31
19342,Facebook,1572.51,487,2023-03-10
19343,Google,4615.27,185,2024-04-14
19344,Google,1500.18,148,2023-07-17
19345,Email,2889.72,254,2023-01-03
19346,Facebook,2015.68,439,2023-07-19
19347,Instagram,1101.1,286,2023-10-09
19348,TikTok,3984.53,98,2023-11-27
19349,Google,1486.54,469,2024-11-09
19350,Facebook,884.17,39,2024-05-16
19351,Email,4576.28,492,2024-03-25
19352,Instagram,3054.1,264,2023-12-06
19353,Facebook,4812.82,206,2024-06-10
19354,TikTok,4200.9,184,2024-01-07
19355,Instagram,3209.94,363,2023-11-28
19356,Instagram,1122.47,69,2023-10-30
19357,Google,3461.1,48,2023-04-07
19358,Instagram,2183.67,41,2024-02-17
19359,TikTok,4917.56,381,2024-09-18
19360,Google,1564.95,25,2023-01-03
19361,Google,2504.62,342,2024-04-12
19362,TikTok,4724.13,257,2024-04-25
19363,Facebook,3301.99,300,2024-04-24
19364,Email,4293.98,134,2023-12-20
19365,Google,2264.49,45,2023-12-22
19366,TikTok,3592.39,270,2024-10-12
19367,TikTok,3159.14,120,2023-09-06
19368,Email,4659.81,43,2023-02-21
19369,Instagram,3068.05,473,2024-07-07
19370,Facebook,741.57,218,2023-10-01
19371,Email,4332.44,328,2024-07-03
19372,Facebook,1785.9,272,2023-07-17
19373,Google,2329.03,24,2023-11-15
19374,Email,3049.98,278,2024-10-22
19375,Facebook,229.03,74,2024-05-15
19376,TikTok,2497.63,227,2023-05-02
19377,Facebook,279.16,477,2023-07-27
19378,TikTok,1351.5,343,2024-03-14
19379,Facebook,557.94,269,2023-04-11
19380,Facebook,1462.63,202,2023-05-21
19381,Email,3234.96,312,2023-01-13
19382,Google,1562.47,142,2023-03-13
19383,TikTok,1863.96,462,2023-11-11
19384,Instagram,4101.07,185,2023-06-26
19385,TikTok,1466.85,85,2023-10-22
19386,Facebook,671.02,371,2023-02-14
19387,Instagram,2748.01,27,2023-07-23
19388,Facebook,149.15,3,2023-11-13
19389,Google,1425.4,361,2024-10-07
19390,Email,632.05,270,2024-07-21
19391,TikTok,765.83,66,2023-03-22
19392,Instagram,4296.23,382,2023-06-06
19393,Instagram,1305.22,323,2024-10-25
19394,Email,3113.65,199,2023-04-30
19395,Email,1148.04,16,2023-08-28
19396,TikTok,723.57,455,2024-03-06
19397,TikTok,2547.17,325,2024-02-16
19398,Google,4619.54,173,2023-04-11
19399,Instagram,1040.01,335,2023-03-20
19400,TikTok,2851.71,129,2024-02-09
19401,Instagram,696.44,167,2023-02-04
19402,Email,2203.57,252,2023-05-29
19403,TikTok,3237.74,390,2024-08-07
19404,Email,2695.53,134,2024-01-01
19405,Instagram,1472.38,143,2023-03-30
19406,Email,4435.36,75,2023-06-08
19407,TikTok,4961.92,301,2024-08-14
19408,TikTok,4473.86,487,2024-06-28
19409,Google,1647.11,102,2023-01-21
19410,Google,3977.54,200,2024-05-14
19411,Facebook,1436.3,484,2023-02-23
19412,Instagram,1962.78,489,2023-05-29
19413,Email,3591.1,65,2024-07-26
19414,Google,3249.01,306,2023-03-06
19415,Facebook,3723.07,309,2024-04-05
19416,Google,480.45,409,2023-06-04
19417,Email,1077.71,83,2023-08-27
19418,Instagram,2851.48,364,2023-03-17
19419,Facebook,1802.97,86,2023-02-13
19420,Facebook,3800.95,296,2024-11-05
19421,Google,2286.0,190,2023-05-08
19422,Instagram,820.4,240,2024-01-23
19423,TikTok,512.42,299,2024-09-21
19424,Facebook,3955.41,396,2024-07-19
19425,Instagram,4208.39,91,2024-08-11
19426,Instagram,4167.85,213,2023-05-12
19427,Instagram,691.74,293,2024-02-14
19428,TikTok,1738.33,147,2023-08-07
19429,Email,4514.85,170,2024-02-04
19430,Instagram,3971.32,449,2024-03-26
19431,Email,4222.97,286,2024-03-24
19432,TikTok,2682.38,86,2023-09-30
19433,TikTok,2360.7,219,2024-09-01
19434,TikTok,3781.56,2,2024-02-11
19435,TikTok,1234.8,446,2023-09-28
19436,Facebook,581.11,265,2023-01-02
19437,TikTok,282.78,337,2023-05-20
19438,Email,550.35,410,2023-03-08
19439,Email,193.54,401,2024-01-09
19440,Google,2309.43,201,2024-02-20
19441,TikTok,1099.72,310,2024-05-08
19442,Google,745.57,50,2023-01-01
19443,Email,2320.34,367,2023-01-23
19444,Google,4075.87,34,2023-03-21
19445,Email,275.13,44,2024-10-19
19446,Google,1926.48,255,2023-01-19
19447,Email,2295.67,209,2023-10-23
19448,Facebook,1801.99,21,2024-09-19
19449,Facebook,614.96,357,2024-07-03
19450,TikTok,4352.36,19,2024-03-26
19451,Google,1543.5,364,2024-08-25
19452,Facebook,1391.48,334,2024-03-01
19453,TikTok,4502.52,372,2023-08-05
19454,TikTok,3399.74,497,2024-10-15
19455,Facebook,1076.17,130,2023-08-27
19456,TikTok,2121.63,145,2023-10-23
19457,Google,1667.38,173,2023-12-14
19458,Email,1366.77,12,2024-06-09
19459,TikTok,470.92,159,2023-09-06
19460,Google,491.79,142,2023-11-11
19461,Facebook,516.01,398,2024-10-11
19462,Instagram,2981.28,56,2024-04-07
19463,Instagram,1208.35,267,2023-08-06
19464,TikTok,1532.65,136,2023-08-02
19465,Instagram,3931.42,426,2024-09-17
19466,TikTok,604.61,109,2023-10-14
19467,Instagram,983.68,110,2024-02-10
19468,Instagram,1061.03,395,2024-03-17
19469,Instagram,4809.2,450,2023-03-24
19470,Instagram,4133.9,467,2023-09-30
19471,Email,2359.01,211,2024-01-19
19472,Email,2337.58,41,2024-01-05
19473,Instagram,2844.08,213,2024-10-17
19474,Facebook,4224.21,72,2024-11-27
19475,TikTok,430.17,313,2023-08-25
19476,Email,2109.32,147,2023-10-16
19477,Google,270.06,399,2024-06-04
19478,Instagram,1393.5,204,2023-06-11
19479,Email,3436.7,320,2023-05-20
19480,Google,1921.24,431,2023-10-12
19481,TikTok,2249.14,221,2023-10-18
19482,Google,713.04,249,2024-11-04
19483,Facebook,2987.54,75,2024-05-06
19484,Facebook,1237.72,463,2023-08-29
19485,Facebook,2732.88,371,2024-11-01
19486,Instagram,1576.58,200,2024-06-04
19487,Instagram,3405.25,364,2024-07-02
19488,Instagram,2504.49,246,2024-09-06
19489,Email,3869.02,52,2023-10-17
19490,Instagram,2668.49,405,2023-05-09
19491,Instagram,3890.29,109,2023-09-10
19492,TikTok,1771.38,488,2023-10-09
19493,Email,2364.45,21,2024-07-21
19494,Google,4358.89,238,2023-08-17
19495,Instagram,3030.98,224,2023-07-25
19496,Email,2202.44,413,2024-06-15
19497,Instagram,1077.88,440,2023-03-01
19498,Facebook,1110.61,92,2023-05-08
19499,Instagram,1708.33,4,2023-07-19
19500,Facebook,757.47,488,2024-01-01
19501,TikTok,200.8,148,2023-06-24
19502,Instagram,4104.32,248,2023-08-31
19503,Google,2517.34,253,2024-08-22
19504,TikTok,2746.13,447,2023-06-09
19505,Google,3021.86,201,2024-03-10
19506,Facebook,1140.09,344,2023-09-07
19507,Email,4745.11,297,2024-03-09
19508,Instagram,3390.29,355,2024-09-25
19509,Facebook,4060.12,291,2024-05-12
19510,TikTok,4106.86,294,2023-05-02
19511,Google,3388.09,263,2023-04-30
19512,Instagram,4926.53,17,2024-02-07
19513,TikTok,4442.7,294,2024-11-07
19514,Facebook,1093.71,344,2024-08-06
19515,Google,4064.93,32,2023-11-12
19516,Instagram,1533.85,413,2023-06-12
19517,Google,2798.57,224,2023-06-04
19518,TikTok,1742.05,469,2023-12-17
19519,Email,3234.61,352,2023-10-01
19520,Facebook,2651.56,211,2023-03-17
19521,Email,848.98,440,2023-02-02
19522,TikTok,1470.97,320,2024-05-04
19523,Email,1937.74,390,2023-05-31
19524,Email,3918.48,99,2023-05-07
19525,Instagram,268.21,274,2023-11-02
19526,Email,574.89,39,2023-08-12
19527,Email,2242.66,172,2024-11-07
19528,Email,4528.07,229,2024-07-16
19529,Google,1362.75,33,2023-09-01
19530,Email,2317.87,260,2023-09-23
19531,TikTok,559.12,209,2024-03-14
19532,Email,4695.62,86,2024-02-21
19533,Instagram,573.38,331,2023-02-12
19534,Instagram,3057.5,383,2023-01-08
19535,Email,4734.81,184,2024-04-25
19536,Facebook,4886.48,77,2023-10-29
19537,Email,2069.34,233,2024-05-25
19538,Google,2652.55,88,2024-11-12
19539,Email,2356.21,291,2023-07-15
19540,TikTok,4629.98,411,2023-12-02
19541,Google,1052.32,56,2024-05-27
19542,Instagram,1842.7,191,2023-07-27
19543,Google,732.04,147,2024-06-21
19544,TikTok,2202.09,451,2024-03-23
19545,TikTok,2886.79,379,2023-07-16
19546,Facebook,3993.07,227,2024-08-14
19547,Email,4468.41,63,2023-03-02
19548,Google,3962.29,377,2023-06-26
19549,Facebook,1845.26,477,2024-03-25
19550,Instagram,4102.13,318,2024-02-16
19551,Google,3445.51,476,2024-08-25
19552,TikTok,1352.52,312,2024-07-07
19553,Email,3575.34,261,2024-06-26
19554,Instagram,1305.1,458,2023-08-23
19555,Google,1683.52,90,2023-04-14
19556,Instagram,3414.77,409,2024-11-23
19557,Email,3897.37,428,2023-01-29
19558,TikTok,1834.99,58,2023-06-02
19559,TikTok,4146.63,457,2023-08-30
19560,Google,3290.76,395,2024-01-16
19561,Google,2366.63,155,2024-01-07
19562,Instagram,2332.22,437,2023-02-16
19563,Instagram,4620.9,102,2024-02-15
19564,Email,3845.57,386,2023-04-08
19565,Facebook,1485.65,42,2024-04-19
19566,Google,2317.44,423,2024-03-10
19567,Facebook,2033.47,437,2024-07-12
19568,TikTok,2208.99,36,2023-10-31
19569,Facebook,4319.72,83,2024-11-03
19570,Facebook,3942.08,266,2024-05-15
19571,Google,3838.2,96,2023-12-11
19572,Google,494.98,68,2023-11-30
19573,TikTok,2680.98,345,2023-05-19
19574,Email,2776.55,173,2024-10-28
19575,Facebook,2817.61,138,2024-04-28
19576,Facebook,780.99,381,2024-06-09
19577,Instagram,612.22,383,2024-04-14
19578,Instagram,424.1,2,2023-12-09
19579,Facebook,3614.86,322,2024-06-06
19580,Instagram,235.85,225,2023-11-17
19581,Google,572.87,94,2024-08-16
19582,TikTok,4424.5,211,2024-08-14
19583,TikTok,2550.78,148,2024-11-16
19584,Instagram,4144.04,179,2024-04-23
19585,Facebook,3651.1,339,2024-03-28
19586,Google,487.51,437,2023-09-05
19587,Google,1750.97,279,2024-08-09
19588,TikTok,83.36,357,2023-07-15
19589,Google,2714.04,197,2023-08-25
19590,Instagram,3861.65,50,2024-10-12
19591,Google,1278.9,134,2023-08-03
19592,Email,2914.76,191,2024-05-11
19593,Facebook,4378.6,32,2024-03-31
19594,Email,493.53,253,2024-09-18
19595,Google,4898.14,72,2023-03-20
19596,Instagram,752.28,68,2023-05-27
19597,TikTok,4965.76,175,2024-10-03
19598,TikTok,2795.79,499,2023-06-19
19599,Google,4166.29,383,2024-07-03
19600,Instagram,3175.52,26,2023-12-17
19601,Google,2582.04,205,2024-06-21
19602,Instagram,2077.85,336,2024-01-10
19603,Facebook,1491.66,275,2024-03-31
19604,Email,4328.2,370,2023-09-04
19605,Email,4502.93,92,2024-11-26
19606,Instagram,4248.28,469,2023-06-04
19607,Google,1415.16,470,2024-03-28
19608,Instagram,3683.43,494,2023-03-05
19609,Google,386.22,435,2024-10-24
19610,TikTok,3291.27,455,2024-10-04
19611,Instagram,642.95,123,2024-11-22
19612,TikTok,1605.56,73,2023-12-09
19613,Google,51.38,65,2023-12-20
19614,TikTok,279.79,33,2024-07-17
19615,Instagram,4860.86,241,2024-08-10
19616,TikTok,1239.4,215,2024-02-26
19617,Facebook,138.42,65,2024-08-30
19618,Instagram,3997.06,10,2024-11-26
19619,Google,241.11,81,2023-09-11
19620,Facebook,1759.83,453,2023-09-03
19621,Email,4299.94,425,2023-08-26
19622,Facebook,1364.14,17,2024-06-18
19623,Email,1156.88,432,2023-07-05
19624,Instagram,3787.99,302,2024-01-14
19625,TikTok,2444.36,123,2024-02-11
19626,Email,785.46,281,2024-11-24
19627,Facebook,4497.51,110,2023-12-12
19628,Facebook,4833.13,488,2023-07-09
19629,Email,2371.68,424,2024-09-27
19630,Email,3889.97,13,2023-03-03
19631,Facebook,434.24,67,2023-03-18
19632,Email,1021.13,304,2023-05-28
19633,Email,1108.21,75,2024-11-12
19634,TikTok,3880.81,273,2023-05-23
19635,Instagram,1575.83,385,2024-08-06
19636,Facebook,1946.9,67,2024-02-01
19637,Email,4511.85,88,2023-08-15
19638,TikTok,882.64,309,2023-04-23
19639,TikTok,4225.73,58,2023-08-27
19640,Google,3477.12,69,2023-02-09
19641,Instagram,2394.06,116,2023-08-28
19642,Facebook,4628.33,106,2023-09-18
19643,Instagram,531.6,236,2023-12-26
19644,Instagram,319.48,38,2023-08-27
19645,TikTok,138.87,372,2023-07-18
19646,TikTok,1877.15,357,2024-02-22
19647,Facebook,881.67,15,2024-10-10
19648,Email,2782.08,98,2023-04-02
19649,Email,2631.75,356,2023-07-20
19650,Facebook,737.44,471,2023-01-30
19651,Facebook,4493.8,20,2023-06-26
19652,Instagram,2687.08,328,2024-02-04
19653,Google,2498.99,63,2023-12-22
19654,Email,2054.97,441,2023-12-31
19655,Facebook,179.27,493,2024-05-18
19656,Instagram,1185.83,42,2024-06-16
19657,Email,2018.01,212,2023-02-11
19658,Facebook,552.6,5,2024-04-12
19659,Instagram,2430.85,372,2024-10-15
19660,Google,1468.49,150,2023-03-19
19661,TikTok,3190.15,458,2024-05-16
19662,TikTok,2450.41,301,2023-01-08
19663,Google,2235.84,387,2024-02-25
19664,Facebook,3216.38,349,2023-11-29
19665,Facebook,4493.31,160,2024-02-12
19666,Facebook,2206.01,68,2023-07-19
19667,Google,2131.59,254,2023-12-08
19668,Facebook,2301.04,267,2024-03-17
19669,Instagram,2248.14,357,2024-05-29
19670,Facebook,692.2,337,2023-07-25
19671,Facebook,115.34,320,2024-03-17
19672,Facebook,2861.64,440,2024-11-09
19673,Instagram,420.26,255,2023-10-27
19674,Email,2264.38,17,2023-07-01
19675,Instagram,4211.0,16,2024-07-04
19676,TikTok,2801.85,232,2023-05-05
19677,Instagram,2017.39,225,2023-04-08
19678,Google,431.27,373,2023-02-12
19679,Email,2439.12,267,2024-01-23
19680,Instagram,4373.87,161,2023-03-14
19681,Email,3753.17,401,2024-06-05
19682,Google,4775.78,442,2024-08-15
19683,Instagram,469.92,207,2023-06-18
19684,Google,4264.71,217,2024-04-30
19685,Google,4468.51,84,2023-05-11
19686,Facebook,1464.88,448,2023-07-05
19687,TikTok,829.77,160,2023-06-28
19688,TikTok,4479.57,158,2023-01-15
19689,Facebook,960.07,104,2024-03-18
19690,Instagram,649.69,105,2023-04-21
19691,Instagram,3070.75,125,2023-01-25
19692,Email,766.16,85,2023-07-21
19693,Facebook,1163.43,29,2024-10-21
19694,Google,3830.82,403,2024-06-21
19695,TikTok,2249.9,344,2023-02-12
19696,Google,2961.3,69,2024-02-17
19697,Email,3657.42,419,2023-08-08
19698,Facebook,2431.93,483,2024-08-21
19699,Facebook,2268.59,65,2024-03-21
19700,TikTok,540.15,182,2024-02-22
19701,Email,3484.58,78,2024-01-04
19702,Email,3624.04,73,2024-10-15
19703,Facebook,3430.21,224,2024-02-13
19704,Instagram,4762.32,408,2024-10-27
19705,Instagram,1339.53,327,2023-06-21
19706,Instagram,2990.14,231,2023-12-06
19707,Google,620.5,191,2023-05-06
19708,Email,1901.31,142,2023-06-28
19709,TikTok,1894.59,336,2024-10-24
19710,Facebook,845.69,2,2024-02-27
19711,Facebook,525.19,191,2024-03-15
19712,Instagram,1089.27,61,2024-05-05
19713,Instagram,4726.63,337,2023-04-16
19714,Facebook,2842.79,97,2023-01-01
19715,TikTok,246.7,226,2023-11-18
19716,Instagram,4796.78,228,2023-06-26
19717,Google,4776.2,487,2023-08-24
19718,TikTok,3594.77,324,2024-09-19
19719,Email,4541.91,378,2023-06-17
19720,Google,236.16,261,2024-10-09
19721,TikTok,894.62,428,2024-08-21
19722,Instagram,386.55,36,2023-11-02
19723,Google,4893.18,254,2023-09-09
19724,Facebook,4654.17,153,2024-06-28
19725,Facebook,4001.28,461,2023-07-23
19726,Google,1967.83,267,2023-08-06
19727,Google,552.73,102,2023-06-13
19728,Email,3659.29,139,2024-08-01
19729,TikTok,4395.52,213,2023-11-08
19730,Facebook,213.23,0,2023-07-15
19731,Instagram,4929.13,78,2024-09-17
19732,Facebook,1804.33,236,2024-06-26
19733,Email,1242.28,130,2023-07-15
19734,Google,1058.13,29,2024-08-04
19735,Email,1938.36,115,2024-01-12
19736,Google,951.91,437,2024-02-01
19737,TikTok,2372.51,80,2023-02-06
19738,Facebook,4357.79,106,2024-02-15
19739,Facebook,1672.49,381,2024-02-21
19740,Email,2547.39,93,2023-05-26
19741,Google,250.72,107,2023-01-31
19742,TikTok,4167.26,41,2024-08-09
19743,Email,3494.27,3,2023-09-10
19744,Instagram,627.7,358,2024-01-27
19745,Facebook,4960.59,441,2023-04-15
19746,Google,4775.04,442,2023-11-03
19747,TikTok,2137.02,492,2024-01-02
19748,Google,4993.5,296,2023-08-29
19749,Email,2022.34,267,2024-04-27
19750,Facebook,1268.61,26,2024-04-01
19751,Facebook,2899.89,8,2023-11-14
19752,Google,1360.96,44,2024-11-05
19753,Instagram,4946.58,170,2023-09-06
19754,Google,1300.47,418,2024-02-06
19755,Email,2877.88,397,2023-09-22
19756,Email,4922.2,296,2024-09-30
19757,Instagram,158.11,485,2024-02-09
19758,Google,376.37,138,2023-12-13
19759,Instagram,3305.91,197,2023-09-20
19760,Google,4470.87,429,2023-03-06
19761,Google,419.09,315,2023-04-08
19762,Google,4536.61,450,2023-11-14
19763,Google,2267.63,243,2024-05-25
19764,Google,2031.14,231,2024-08-30
19765,TikTok,4774.24,11,2023-06-22
19766,Google,2473.62,369,2023-11-16
19767,Email,3906.86,103,2023-01-07
19768,TikTok,3387.04,442,2024-01-23
19769,Email,2538.55,498,2024-02-03
19770,Instagram,1631.04,61,2023-05-19
19771,Instagram,3632.39,3,2023-12-08
19772,Google,1324.02,389,2024-02-17
19773,Facebook,3544.4,187,2024-02-06
19774,Facebook,900.38,227,2023-01-06
19775,TikTok,1234.19,19,2023-01-18
19776,Google,2472.57,97,2023-06-04
19777,Email,1175.62,343,2023-05-21
19778,Instagram,2934.08,115,2023-11-30
19779,Email,4322.66,392,2024-08-05
19780,Google,3637.92,404,2024-09-21
19781,Google,3541.02,424,2023-01-28
19782,Google,2324.75,347,2024-06-15
19783,Facebook,2996.49,80,2023-12-01
19784,Email,3382.19,149,2023-02-07
19785,Google,4469.62,210,2024-02-26
19786,Email,3099.72,360,2023-05-06
19787,Email,212.67,251,2023-03-13
19788,TikTok,3871.52,176,2023-06-04
19789,Facebook,829.62,301,2023-02-18
19790,Google,63.35,95,2023-06-26
19791,TikTok,3759.86,239,2024-09-16
19792,Instagram,4442.8,251,2024-08-03
19793,Facebook,4339.85,124,2024-09-20
19794,Google,3681.53,426,2023-02-17
19795,Email,4426.17,273,2024-07-16
19796,Email,3812.18,214,2024-11-21
19797,Instagram,870.31,266,2023-06-28
19798,Facebook,1682.82,400,2023-10-13
19799,Email,4925.78,233,2023-07-08
19800,TikTok,968.59,2,2024-09-30
19801,Facebook,2269.39,362,2024-07-09
19802,Email,2165.88,172,2023-07-20
19803,Instagram,662.6,135,2023-01-25
19804,Email,1152.86,250,2023-11-08
19805,Email,4910.82,434,2023-01-27
19806,Instagram,1665.52,111,2024-02-18
19807,Facebook,3546.93,17,2023-02-19
19808,Facebook,2264.61,96,2023-04-05
19809,TikTok,2800.63,1,2024-03-19
19810,Instagram,4506.54,416,2024-11-28
19811,Google,1043.33,134,2024-03-27
19812,Instagram,868.36,258,2024-10-21
19813,Instagram,2836.7,426,2024-08-17
19814,Facebook,536.75,339,2023-07-24
19815,Instagram,1516.84,213,2024-11-02
19816,Instagram,3455.28,88,2024-06-30
19817,Instagram,2663.57,155,2024-02-05
19818,Facebook,4436.37,472,2023-05-12
19819,Instagram,3160.55,355,2023-07-07
19820,Google,3674.22,175,2024-08-20
19821,Google,2267.71,42,2023-12-18
19822,Email,2865.52,432,2024-10-01
19823,TikTok,3400.21,240,2023-03-14
19824,Email,1223.01,415,2024-02-27
19825,Facebook,4868.79,16,2024-02-13
19826,Facebook,897.43,274,2023-06-01
19827,Email,1782.26,382,2023-12-08
19828,TikTok,2307.12,285,2023-08-12
19829,Facebook,2335.05,295,2024-09-05
19830,Google,3098.45,477,2023-10-02
19831,Email,4220.24,487,2024-07-08
19832,Instagram,2539.73,369,2024-03-29
19833,Facebook,948.81,332,2024-07-28
19834,Google,4882.94,354,2023-11-19
19835,Instagram,4858.42,194,2024-08-31
19836,Instagram,4690.46,154,2024-05-08
19837,TikTok,2099.43,436,2023-12-22
19838,TikTok,4551.94,67,2024-03-31
19839,Facebook,2079.45,263,2024-11-16
19840,Email,3507.48,77,2023-04-28
19841,Instagram,2771.36,225,2024-11-28
19842,Email,2402.4,461,2024-08-10
19843,Google,2938.22,338,2024-06-02
19844,Google,761.67,410,2023-03-15
19845,Instagram,1464.91,482,2024-05-31
19846,TikTok,329.17,85,2023-01-31
19847,Instagram,623.47,66,2024-09-25
19848,Google,1831.51,131,2023-02-28
19849,Google,619.46,478,2024-11-19
19850,Instagram,2045.06,126,2024-07-23
19851,Google,3096.36,404,2024-09-11
19852,TikTok,2449.02,279,2023-06-15
19853,Google,2487.09,174,2024-06-21
19854,Facebook,1468.28,210,2023-09-21
19855,TikTok,2511.88,139,2023-10-12
19856,Google,1882.39,191,2023-01-21
19857,Google,3662.4,437,2024-01-16
19858,Instagram,943.98,123,2024-11-30
19859,Facebook,1430.72,278,2023-05-06
19860,Email,346.47,359,2023-03-17
19861,Instagram,3841.48,371,2024-04-11
19862,Google,3624.49,259,2024-11-03
19863,TikTok,2019.39,363,2024-03-18
19864,Google,3340.77,411,2024-02-21
19865,Instagram,3587.41,42,2023-03-26
19866,Instagram,1487.73,311,2024-09-24
19867,Instagram,340.33,93,2023-07-11
19868,TikTok,4401.06,310,2024-10-06
19869,Facebook,3589.73,118,2023-07-02
19870,Email,695.2,333,2023-12-31
19871,Facebook,1217.59,147,2023-09-25
19872,Instagram,3235.05,242,2023-08-09
19873,Email,3451.31,438,2024-05-14
19874,Facebook,2878.65,342,2023-02-26
19875,TikTok,4498.52,30,2024-08-11
19876,Instagram,3800.8,60,2024-07-27
19877,Email,4320.7,459,2023-02-23
19878,TikTok,3889.01,292,2023-04-18
19879,Instagram,349.03,41,2023-12-13
19880,Email,1716.18,266,2023-02-02
19881,Instagram,1203.95,192,2024-10-02
19882,Instagram,1306.57,14,2024-11-16
19883,Instagram,1472.32,338,2023-04-07
19884,Instagram,3616.81,346,2023-03-18
19885,Facebook,3431.61,206,2024-03-08
19886,Facebook,1796.7,456,2023-04-03
19887,TikTok,510.08,23,2023-05-24
19888,Google,1640.9,295,2023-03-30
19889,Instagram,4718.27,167,2023-05-06
19890,TikTok,4657.02,289,2024-06-07
19891,Instagram,3696.56,66,2023-08-28
19892,Google,4960.41,0,2023-08-12
19893,Email,102.62,64,2024-07-25
19894,Instagram,3606.92,205,2023-12-06
19895,Instagram,4395.46,162,2024-08-19
19896,Facebook,1943.85,477,2023-04-27
19897,Google,250.31,61,2023-03-29
19898,Instagram,1972.28,250,2023-09-02
19899,TikTok,1159.48,308,2023-02-20
19900,TikTok,1578.2,175,2023-11-01
19901,Facebook,3479.8,144,2024-10-28
19902,Email,3502.88,264,2023-08-30
19903,Instagram,2413.87,347,2023-12-27
19904,TikTok,1086.56,346,2024-08-21
19905,Instagram,614.65,112,2023-07-25
19906,Google,2725.14,384,2024-10-16
19907,Facebook,3608.29,297,2024-07-14
19908,TikTok,1821.88,208,2024-07-02
19909,Facebook,2907.78,341,2024-09-04
19910,Google,4597.97,239,2023-07-24
19911,Google,3795.69,146,2024-09-05
19912,Email,378.43,23,2023-11-14
19913,Facebook,4568.24,412,2024-06-07
19914,Instagram,1545.78,452,2023-04-01
19915,Email,2722.33,394,2024-01-27
19916,Instagram,2994.79,413,2023-10-15
19917,Instagram,878.49,116,2023-03-02
19918,Instagram,3368.37,75,2024-04-25
19919,Email,788.27,10,2024-10-10
19920,Email,3063.51,203,2023-12-19
19921,TikTok,809.61,419,2024-07-19
19922,Instagram,2557.51,488,2024-05-31
19923,Google,3557.84,214,2024-06-05
19924,TikTok,205.47,193,2023-01-09
19925,Instagram,3750.2,255,2023-10-16
19926,TikTok,3578.68,464,2023-10-08
19927,Instagram,438.34,366,2024-05-19
19928,Instagram,4357.98,13,2023-06-11
19929,Facebook,4000.01,252,2024-02-02
19930,TikTok,3229.59,16,2023-09-08
19931,TikTok,181.71,323,2023-05-28
19932,Instagram,1707.82,413,2023-04-13
19933,Email,4093.04,8,2024-01-29
19934,Facebook,2983.38,50,2023-12-26
19935,Email,3730.37,248,2024-11-01
19936,TikTok,2431.91,177,2023-02-19
19937,TikTok,930.56,101,2024-07-17
19938,Instagram,2751.76,105,2024-09-26
19939,TikTok,3662.0,1,2023-03-22
19940,Facebook,3566.48,481,2023-05-01
19941,Google,2308.08,52,2024-03-22
19942,TikTok,3976.52,121,2023-05-15
19943,TikTok,2196.22,251,2024-05-26
19944,Email,2449.28,318,2024-02-25
19945,Facebook,1073.04,481,2024-06-19
19946,Instagram,557.62,344,2024-11-17
19947,Facebook,4451.39,281,2024-08-18
19948,Facebook,2667.6,9,2023-09-22
19949,Google,3910.39,371,2024-11-16
19950,Email,2263.93,274,2023-07-01
19951,Google,173.93,479,2024-03-03
19952,Email,391.37,147,2023-01-16
19953,Google,4253.16,15,2023-05-12
19954,Instagram,2629.05,410,2023-02-25
19955,Google,2005.65,201,2024-01-02
19956,Instagram,3355.32,419,2023-08-27
19957,TikTok,2387.49,483,2023-03-12
19958,Instagram,3339.85,114,2024-03-03
19959,Facebook,2678.95,44,2024-01-27
19960,Instagram,1146.01,352,2023-04-25
19961,Instagram,2513.34,224,2023-03-17
19962,Google,2368.32,129,2023-12-05
19963,Google,3445.25,13,2024-10-23
19964,TikTok,4302.74,295,2023-10-23
19965,TikTok,3522.22,157,2024-02-26
19966,Google,1301.49,466,2023-05-08
19967,TikTok,1972.13,466,2024-08-09
19968,Instagram,177.2,312,2024-09-28
19969,Google,2209.39,392,2023-03-03
19970,Facebook,609.24,495,2023-12-21
19971,Email,1963.27,367,2023-04-29
19972,Instagram,4101.14,189,2023-09-21
19973,Email,2929.3,24,2024-07-04
19974,Instagram,1161.48,369,2023-04-03
19975,TikTok,640.35,74,2023-02-28
19976,TikTok,2574.86,392,2024-01-14
19977,TikTok,2409.19,497,2023-08-17
19978,Instagram,1800.29,333,2024-09-07
19979,Google,1814.77,368,2024-11-14
19980,Email,2937.11,385,2023-10-10
19981,Facebook,4616.73,463,2023-09-02
19982,TikTok,3704.93,220,2024-03-05
19983,Facebook,834.38,42,2024-08-08
19984,Google,4377.94,410,2024-07-11
19985,TikTok,4163.13,159,2023-10-15
19986,Instagram,3831.1,420,2024-04-09
19987,TikTok,240.03,301,2024-02-26
19988,Facebook,4919.26,164,2023-06-26
19989,TikTok,4159.08,117,2024-09-06
19990,Instagram,3770.34,2,2024-04-18
19991,Email,4235.95,367,2023-11-19
19992,Email,3911.63,284,2024-11-13
19993,Google,4692.05,356,2024-09-18
19994,Instagram,706.52,435,2024-08-13
19995,Instagram,2883.9,319,2023-11-01
19996,Google,3532.98,73,2024-11-02
19997,Google,4140.62,55,2024-02-17
19998,Google,355.22,29,2024-02-21
19999,Facebook,4990.81,466,2023-09-21
20000,Instagram,553.37,98,2023-07-17
