customer_id,age,gender,country,signup_date
1,56,Male,CN,2024-03-29
2,69,Female,CN,2022-06-18
3,46,Male,NZ,2024-01-31
4,32,Male,UK,2024-03-02
5,60,Female,AU,2024-09-26
6,25,Female,UK,2022-06-01
7,38,Female,UK,2022-08-12
8,56,Female,UK,2023-05-19
9,36,Male,NZ,2024-01-07
10,40,Female,NZ,2023-07-04
11,28,Female,AU,2022-02-13
12,28,Other,UK,2023-11-28
13,41,Female,NZ,2023-05-19
14,53,Female,AU,2024-08-12
15,57,Other,AU,2022-08-29
16,41,Other,UK,2024-07-18
17,20,Male,US,2024-04-22
18,39,Other,UK,2022-12-17
19,19,Male,US,2023-12-23
20,41,Other,AU,2022-01-23
21,61,Other,NZ,2023-09-28
22,47,Male,CN,2023-08-21
23,55,Other,AU,2022-02-12
24,19,Male,NZ,2023-04-11
25,38,Other,AU,2022-02-09
26,50,Female,UK,2022-10-30
27,29,Other,US,2023-11-12
28,39,Male,AU,2022-06-24
29,61,Other,NZ,2024-09-25
30,42,Male,UK,2023-06-16
31,66,Male,CN,2023-04-06
32,44,Female,UK,2023-09-13
33,59,Female,US,2022-07-12
34,45,Male,UK,2022-09-01
35,33,Other,CN,2024-04-15
36,32,Male,NZ,2022-10-07
37,64,Male,AU,2024-01-10
38,68,Other,US,2022-02-05
39,61,Other,CN,2023-07-11
40,69,Other,US,2024-06-16
41,20,Other,UK,2023-06-24
42,54,Male,US,2022-06-03
43,68,Male,CN,2022-01-23
44,24,Female,AU,2023-12-20
45,38,Male,AU,2024-07-20
46,26,Other,US,2022-04-01
47,56,Female,NZ,2023-01-25
48,35,Other,US,2024-07-19
49,21,Male,UK,2022-12-25
50,42,Female,AU,2023-07-04
51,31,Other,AU,2024-07-19
52,67,Female,AU,2022-08-16
53,26,Female,NZ,2022-07-21
54,43,Male,NZ,2022-12-16
55,19,Other,CN,2024-03-31
56,37,Female,US,2024-02-05
57,45,Female,US,2022-02-07
58,64,Other,UK,2024-01-03
59,24,Female,AU,2023-05-15
60,61,Female,NZ,2023-11-30
61,25,Female,UK,2022-02-12
62,64,Other,UK,2024-05-20
63,52,Other,NZ,2023-09-18
64,31,Other,US,2024-02-11
65,34,Other,AU,2023-06-01
66,53,Male,US,2022-03-09
67,67,Female,UK,2024-01-10
68,57,Other,AU,2022-05-03
69,21,Female,CN,2023-11-16
70,19,Female,UK,2022-12-02
71,23,Male,US,2022-06-02
72,59,Other,US,2024-08-31
73,21,Other,US,2024-02-18
74,46,Female,NZ,2023-10-31
75,35,Other,UK,2022-06-11
76,43,Female,AU,2022-08-02
77,61,Female,US,2024-06-28
78,51,Male,US,2023-01-11
79,27,Male,NZ,2024-07-08
80,53,Male,AU,2023-03-19
81,31,Female,UK,2023-02-27
82,48,Other,CN,2023-06-22
83,65,Male,NZ,2024-07-27
84,32,Other,UK,2024-03-14
85,25,Male,CN,2024-07-23
86,31,Male,US,2023-12-02
87,40,Female,US,2024-06-30
88,57,Male,AU,2023-09-26
89,38,Male,CN,2022-08-18
90,33,Female,US,2022-02-28
91,62,Other,US,2022-04-06
92,35,Male,AU,2022-09-19
93,64,Female,UK,2022-12-20
94,41,Male,US,2022-11-08
95,43,Female,NZ,2022-05-16
96,42,Other,NZ,2024-05-11
97,62,Other,UK,2024-03-05
98,58,Female,CN,2024-08-24
99,46,Female,AU,2024-07-11
100,32,Female,NZ,2023-04-18
101,62,Other,NZ,2023-09-24
102,18,Male,UK,2023-03-06
103,42,Other,CN,2024-07-25
104,24,Female,CN,2024-09-01
105,26,Female,UK,2023-06-21
106,41,Other,NZ,2024-05-03
107,18,Female,AU,2022-05-26
108,61,Other,NZ,2023-06-08
109,25,Female,CN,2022-03-28
110,41,Male,NZ,2024-08-04
111,28,Male,AU,2022-04-19
112,68,Female,US,2023-02-27
113,34,Other,NZ,2022-12-11
114,25,Male,UK,2022-09-23
115,52,Other,US,2024-01-04
116,52,Female,UK,2023-08-09
117,50,Other,UK,2024-09-20
118,22,Male,UK,2023-05-09
119,59,Other,NZ,2022-11-29
120,56,Other,CN,2024-04-01
121,58,Female,US,2023-02-17
122,45,Female,AU,2023-09-06
123,24,Female,CN,2024-07-25
124,26,Male,NZ,2023-10-11
125,25,Male,UK,2022-07-10
126,29,Female,AU,2024-08-30
127,51,Female,US,2024-07-21
128,50,Male,CN,2022-05-22
129,65,Male,CN,2024-05-18
130,40,Male,AU,2022-03-14
131,41,Male,NZ,2024-04-19
132,54,Female,US,2022-06-16
133,52,Male,AU,2022-06-17
134,61,Female,UK,2023-07-20
135,57,Other,US,2022-09-16
136,39,Other,CN,2023-03-15
137,44,Male,AU,2022-04-21
138,52,Other,CN,2024-01-14
139,18,Other,CN,2023-11-04
140,52,Other,CN,2024-05-13
141,54,Male,NZ,2024-04-18
142,64,Male,CN,2023-06-15
143,31,Other,UK,2022-10-17
144,20,Female,UK,2024-08-31
145,18,Other,US,2023-07-16
146,22,Male,CN,2023-05-25
147,43,Male,CN,2022-06-24
148,31,Male,AU,2022-10-29
149,56,Other,NZ,2023-11-27
150,44,Female,US,2022-07-04
151,26,Male,CN,2022-12-05
152,32,Male,AU,2023-05-25
153,32,Other,NZ,2024-03-29
154,43,Female,US,2022-11-06
155,59,Other,US,2023-05-22
156,30,Male,CN,2022-12-12
157,68,Female,US,2022-03-22
158,49,Female,AU,2023-01-09
159,56,Male,US,2022-06-05
160,66,Female,UK,2024-02-26
161,69,Female,AU,2024-03-05
162,49,Other,NZ,2023-03-08
163,21,Male,NZ,2023-05-15
164,47,Male,CN,2024-01-31
165,54,Male,CN,2022-05-27
166,40,Male,UK,2023-04-26
167,56,Male,NZ,2023-03-11
168,62,Female,NZ,2023-06-03
169,32,Other,NZ,2023-10-31
170,60,Male,NZ,2023-11-14
171,46,Other,US,2022-03-10
172,53,Other,AU,2023-08-29
173,30,Female,AU,2024-05-30
174,49,Male,UK,2024-05-24
175,24,Female,US,2024-06-06
176,68,Male,NZ,2022-07-05
177,39,Female,NZ,2024-06-22
178,45,Other,CN,2023-11-13
179,19,Male,CN,2022-07-23
180,59,Other,UK,2023-07-08
181,62,Other,NZ,2022-01-13
182,23,Female,UK,2023-10-28
183,45,Male,US,2022-10-01
184,45,Other,AU,2022-10-25
185,61,Female,NZ,2022-02-20
186,61,Male,US,2023-05-15
187,37,Male,NZ,2023-01-04
188,47,Other,CN,2023-12-25
189,28,Male,UK,2023-10-18
190,45,Other,CN,2022-12-23
191,42,Male,AU,2022-01-03
192,56,Female,CN,2022-09-11
193,50,Other,NZ,2023-04-20
194,18,Other,CN,2024-04-26
195,44,Male,NZ,2023-05-21
196,69,Male,AU,2022-09-13
197,30,Other,CN,2023-09-02
198,58,Male,UK,2023-11-16
199,20,Female,UK,2022-05-30
200,56,Male,UK,2023-05-03
201,23,Female,CN,2022-10-06
202,25,Female,CN,2022-02-28
203,44,Female,CN,2023-03-22
204,26,Female,NZ,2022-04-23
205,54,Female,AU,2024-04-15
206,50,Male,UK,2024-01-25
207,68,Female,NZ,2024-04-01
208,59,Male,UK,2023-07-23
209,61,Female,NZ,2023-05-04
210,41,Other,CN,2023-02-11
211,32,Female,UK,2023-01-02
212,49,Other,CN,2022-03-01
213,49,Female,UK,2022-11-25
214,41,Female,US,2023-12-29
215,58,Female,NZ,2023-04-14
216,69,Other,US,2024-01-15
217,66,Other,NZ,2023-07-21
218,66,Female,AU,2024-06-03
219,69,Male,UK,2023-12-21
220,29,Female,AU,2022-03-04
221,56,Other,AU,2022-07-03
222,19,Female,NZ,2022-11-07
223,20,Other,US,2024-03-03
224,66,Other,CN,2023-06-22
225,54,Other,NZ,2022-06-26
226,66,Female,CN,2023-07-29
227,34,Other,AU,2023-03-05
228,66,Other,CN,2022-03-14
229,19,Female,US,2024-04-26
230,19,Other,NZ,2022-06-16
231,45,Female,US,2022-08-13
232,40,Other,US,2023-07-31
233,54,Male,NZ,2023-08-04
234,49,Male,US,2024-08-09
235,50,Other,UK,2022-01-09
236,18,Male,UK,2022-08-24
237,36,Female,UK,2023-12-11
238,19,Male,CN,2024-07-12
239,61,Other,US,2023-11-16
240,43,Other,NZ,2024-03-04
241,49,Female,NZ,2022-01-28
242,23,Other,CN,2024-03-18
243,49,Female,NZ,2024-06-29
244,21,Male,UK,2023-10-08
245,28,Male,US,2022-01-27
246,34,Female,NZ,2023-07-04
247,55,Female,NZ,2022-07-15
248,41,Other,AU,2022-07-22
249,22,Male,AU,2022-03-26
250,69,Female,AU,2024-04-11
251,51,Male,US,2022-01-30
252,23,Female,UK,2023-04-11
253,39,Male,UK,2022-04-09
254,28,Other,UK,2024-06-17
255,65,Male,US,2022-07-09
256,33,Male,US,2022-01-12
257,50,Male,AU,2023-08-26
258,26,Male,NZ,2022-01-30
259,23,Male,CN,2023-12-26
260,33,Other,CN,2022-02-07
261,46,Female,NZ,2024-05-02
262,20,Male,AU,2023-07-26
263,37,Other,NZ,2022-10-21
264,53,Male,NZ,2022-12-26
265,36,Male,CN,2023-10-17
266,43,Female,AU,2024-07-02
267,20,Male,US,2022-06-29
268,36,Other,CN,2024-03-07
269,37,Other,US,2022-04-22
270,49,Female,AU,2024-01-12
271,24,Male,NZ,2023-03-20
272,69,Other,UK,2022-01-21
273,58,Male,UK,2022-05-25
274,50,Male,AU,2023-05-14
275,57,Male,UK,2022-05-26
276,56,Female,US,2023-03-17
277,35,Male,UK,2024-06-05
278,57,Other,AU,2023-02-25
279,18,Male,AU,2022-11-12
280,28,Other,US,2022-06-15
281,45,Male,UK,2023-10-14
282,42,Other,UK,2022-07-22
283,67,Other,NZ,2023-05-11
284,40,Male,CN,2024-01-26
285,48,Male,AU,2023-09-17
286,47,Other,NZ,2023-04-13
287,59,Female,AU,2023-12-14
288,52,Male,NZ,2023-01-20
289,24,Female,CN,2022-11-10
290,33,Male,NZ,2024-02-10
291,43,Male,AU,2022-09-12
292,65,Male,UK,2024-08-16
293,69,Male,AU,2024-07-05
294,66,Female,US,2022-01-23
295,19,Male,US,2024-06-23
296,18,Other,US,2024-01-28
297,65,Other,US,2022-12-05
298,29,Female,CN,2023-05-08
299,22,Male,UK,2024-04-02
300,54,Other,UK,2023-05-26
301,49,Female,AU,2023-01-01
302,26,Male,NZ,2023-01-07
303,58,Other,AU,2024-07-03
304,52,Other,AU,2024-04-09
305,36,Female,AU,2023-08-22
306,65,Male,AU,2022-08-07
307,33,Male,UK,2023-04-20
308,20,Other,NZ,2023-02-27
309,37,Other,AU,2022-12-22
310,41,Other,UK,2023-04-05
311,50,Male,AU,2023-05-18
312,41,Female,US,2022-01-27
313,69,Female,AU,2024-07-30
314,28,Male,AU,2024-03-12
315,66,Female,CN,2024-03-11
316,25,Other,US,2024-05-09
317,53,Female,NZ,2022-08-11
318,55,Female,AU,2024-05-13
319,57,Female,NZ,2023-11-21
320,37,Other,US,2022-05-28
321,52,Male,AU,2023-02-28
322,65,Other,CN,2024-01-09
323,42,Male,UK,2022-12-17
324,52,Male,CN,2022-07-05
325,42,Male,CN,2023-02-19
326,46,Female,UK,2024-03-16
327,35,Female,UK,2024-09-08
328,63,Male,UK,2023-03-05
329,35,Male,AU,2022-02-10
330,19,Female,NZ,2024-06-23
331,52,Other,NZ,2023-01-28
332,33,Male,UK,2023-12-04
333,58,Other,CN,2022-03-20
334,53,Female,US,2023-12-18
335,50,Male,UK,2024-06-14
336,21,Other,CN,2024-02-29
337,50,Other,CN,2024-02-23
338,31,Other,AU,2023-06-28
339,38,Female,AU,2023-03-26
340,65,Female,NZ,2023-04-19
341,37,Other,NZ,2022-05-22
342,25,Other,US,2022-09-08
343,24,Female,US,2022-10-21
344,20,Other,US,2023-09-02
345,34,Other,US,2022-05-16
346,50,Female,CN,2023-04-29
347,65,Other,CN,2024-02-28
348,29,Other,NZ,2022-11-08
349,68,Other,AU,2024-03-24
350,39,Female,AU,2023-07-09
351,39,Other,UK,2023-09-24
352,63,Female,CN,2024-01-02
353,47,Female,US,2022-02-15
354,55,Male,US,2022-08-24
355,55,Male,UK,2022-02-17
356,62,Other,AU,2022-07-17
357,68,Female,US,2022-03-25
358,25,Male,AU,2023-06-27
359,44,Other,UK,2022-06-10
360,44,Male,AU,2023-03-04
361,51,Male,AU,2022-03-12
362,38,Female,AU,2023-06-04
363,47,Female,US,2024-08-26
364,50,Male,NZ,2024-06-16
365,45,Male,CN,2024-07-01
366,64,Female,AU,2022-02-21
367,50,Other,AU,2022-02-14
368,22,Female,AU,2022-10-20
369,65,Male,NZ,2024-07-26
370,36,Other,UK,2024-03-22
371,21,Male,US,2023-04-10
372,52,Other,NZ,2024-06-03
373,66,Male,AU,2023-07-04
374,34,Other,NZ,2024-05-16
375,61,Other,NZ,2023-01-15
376,45,Male,NZ,2024-01-13
377,47,Other,UK,2023-04-23
378,46,Female,CN,2022-09-19
379,63,Male,US,2023-08-03
380,23,Female,UK,2022-06-28
381,52,Male,UK,2022-12-23
382,58,Other,CN,2023-02-23
383,54,Other,UK,2023-11-29
384,41,Other,NZ,2024-08-10
385,46,Male,NZ,2022-07-20
386,66,Female,AU,2024-06-20
387,63,Female,UK,2022-01-13
388,48,Male,AU,2023-03-19
389,52,Male,US,2023-12-27
390,50,Female,NZ,2024-01-02
391,69,Female,US,2022-10-13
392,38,Female,CN,2024-01-26
393,49,Female,NZ,2024-05-17
394,40,Male,US,2022-09-15
395,50,Male,CN,2023-07-24
396,20,Other,US,2023-07-02
397,35,Female,CN,2024-04-19
398,42,Other,CN,2024-07-29
399,59,Male,NZ,2023-05-05
400,48,Male,AU,2023-05-13
401,20,Other,CN,2024-06-23
402,57,Female,CN,2024-06-12
403,63,Female,NZ,2023-12-06
404,41,Female,AU,2022-11-29
405,67,Female,UK,2023-07-16
406,49,Other,UK,2024-09-01
407,64,Other,AU,2022-02-01
408,39,Male,US,2023-09-02
409,40,Female,NZ,2022-02-12
410,19,Female,AU,2024-06-11
411,44,Female,UK,2022-12-17
412,59,Other,CN,2022-11-30
413,19,Female,UK,2024-04-01
414,43,Other,CN,2023-07-13
415,34,Female,NZ,2022-09-27
416,57,Female,CN,2024-08-01
417,50,Male,AU,2024-04-02
418,26,Female,CN,2023-02-17
419,60,Female,US,2024-07-31
420,65,Male,AU,2023-07-29
421,56,Other,NZ,2022-01-19
422,46,Other,AU,2022-12-13
423,59,Female,US,2024-06-23
424,43,Other,NZ,2023-09-05
425,52,Female,UK,2022-02-06
426,67,Male,US,2023-09-11
427,42,Male,NZ,2022-04-02
428,41,Female,CN,2024-03-30
429,30,Male,AU,2022-07-04
430,24,Male,NZ,2023-12-29
431,53,Female,AU,2022-01-28
432,62,Female,CN,2023-07-02
433,37,Male,NZ,2023-01-07
434,18,Other,UK,2024-04-11
435,25,Other,US,2023-06-14
436,63,Female,NZ,2022-12-11
437,33,Female,CN,2023-02-23
438,31,Other,NZ,2022-07-15
439,29,Male,AU,2022-03-19
440,68,Other,NZ,2022-06-16
441,40,Other,UK,2022-03-31
442,32,Other,NZ,2022-09-21
443,45,Other,US,2023-04-17
444,51,Female,NZ,2022-07-27
445,19,Female,AU,2023-12-25
446,49,Male,NZ,2022-09-28
447,40,Male,UK,2022-09-20
448,39,Male,CN,2023-05-21
449,68,Male,NZ,2024-02-24
450,42,Other,NZ,2023-05-27
451,39,Female,US,2024-05-03
452,39,Female,UK,2023-12-27
453,66,Male,CN,2024-06-04
454,69,Male,AU,2023-07-30
455,59,Other,NZ,2023-06-08
456,23,Other,CN,2023-12-23
457,32,Male,AU,2022-11-08
458,60,Female,UK,2022-06-23
459,54,Female,UK,2023-03-07
460,50,Female,CN,2024-02-07
461,25,Male,AU,2023-04-08
462,61,Female,UK,2022-04-11
463,61,Other,CN,2022-01-16
464,22,Other,UK,2023-12-10
465,56,Male,UK,2022-09-15
466,21,Other,UK,2024-06-14
467,23,Male,US,2022-09-01
468,62,Female,AU,2022-12-14
469,49,Female,CN,2022-09-06
470,69,Female,CN,2022-04-15
471,47,Other,AU,2023-11-25
472,64,Male,AU,2023-10-29
473,52,Female,AU,2022-10-14
474,57,Male,AU,2022-06-18
475,69,Female,NZ,2023-02-24
476,33,Other,CN,2022-02-16
477,30,Other,NZ,2022-02-12
478,67,Male,UK,2022-11-17
479,59,Other,UK,2024-03-28
480,47,Other,CN,2022-08-09
481,36,Male,UK,2023-05-28
482,34,Female,AU,2023-12-13
483,36,Other,NZ,2023-03-17
484,45,Male,AU,2022-05-24
485,43,Other,UK,2024-06-08
486,54,Other,NZ,2022-01-28
487,43,Other,AU,2024-05-03
488,40,Other,CN,2024-04-29
489,26,Male,AU,2024-02-29
490,29,Male,UK,2023-07-07
491,18,Male,NZ,2024-04-23
492,18,Other,CN,2023-10-21
493,64,Other,NZ,2024-05-06
494,51,Other,CN,2023-11-21
495,49,Male,NZ,2024-04-06
496,65,Other,UK,2024-04-16
497,42,Female,CN,2024-07-18
498,57,Other,US,2022-06-16
499,62,Female,NZ,2023-09-27
500,18,Other,NZ,2023-08-09
501,33,Male,AU,2024-01-21
502,56,Other,CN,2022-09-06
503,22,Female,US,2024-02-14
504,39,Female,UK,2024-02-03
505,46,Other,AU,2022-12-23
506,20,Female,US,2022-04-21
507,29,Female,CN,2023-11-23
508,43,Male,US,2023-12-01
509,33,Other,NZ,2024-03-30
510,68,Other,NZ,2023-12-20
511,54,Other,AU,2022-08-22
512,39,Female,CN,2022-01-24
513,46,Other,CN,2022-01-26
514,31,Other,US,2023-01-16
515,45,Male,AU,2023-12-31
516,22,Male,CN,2022-12-12
517,64,Male,NZ,2023-01-13
518,66,Female,US,2023-06-06
519,47,Other,UK,2022-01-17
520,63,Male,NZ,2022-09-02
521,69,Male,AU,2023-12-19
522,22,Male,CN,2024-02-09
523,29,Other,NZ,2023-09-16
524,33,Other,UK,2023-12-18
525,43,Other,UK,2023-06-23
526,43,Female,AU,2024-08-26
527,65,Female,NZ,2023-08-06
528,38,Male,US,2023-11-19
529,56,Other,NZ,2022-07-21
530,53,Male,UK,2022-09-05
531,50,Other,AU,2022-04-28
532,47,Other,AU,2022-01-09
533,54,Other,US,2023-08-21
534,40,Female,AU,2022-01-23
535,27,Female,AU,2024-08-24
536,22,Other,AU,2022-08-28
537,53,Male,AU,2023-08-08
538,51,Other,AU,2022-01-27
539,69,Other,UK,2024-09-10
540,48,Male,NZ,2024-05-10
541,27,Other,CN,2022-03-22
542,36,Male,AU,2023-08-19
543,49,Female,CN,2022-07-18
544,18,Female,CN,2023-07-09
545,22,Male,UK,2024-09-26
546,62,Female,AU,2024-02-14
547,21,Female,CN,2022-04-02
548,33,Male,AU,2024-04-30
549,41,Female,US,2024-08-16
550,33,Other,US,2022-03-25
551,19,Other,US,2022-10-27
552,66,Male,CN,2024-07-23
553,45,Female,US,2022-10-23
554,49,Other,UK,2023-10-09
555,44,Other,UK,2023-03-30
556,37,Female,CN,2022-10-08
557,41,Female,AU,2022-02-28
558,29,Other,NZ,2024-06-27
559,67,Other,AU,2024-05-20
560,52,Male,AU,2024-09-26
561,50,Male,AU,2022-12-08
562,50,Other,AU,2024-01-23
563,68,Male,NZ,2023-04-10
564,60,Other,US,2024-05-29
565,54,Other,AU,2022-12-08
566,29,Male,UK,2023-09-02
567,20,Male,CN,2022-03-03
568,18,Female,CN,2024-02-15
569,50,Female,UK,2023-09-17
570,57,Female,AU,2023-03-05
571,27,Other,NZ,2023-10-20
572,60,Male,US,2023-12-29
573,61,Other,CN,2022-09-13
574,46,Male,US,2024-04-07
575,30,Other,NZ,2024-04-07
576,29,Female,CN,2024-05-23
577,48,Female,US,2024-02-09
578,63,Female,NZ,2023-12-07
579,19,Other,US,2022-12-13
580,68,Male,AU,2023-06-10
581,67,Male,NZ,2022-10-31
582,52,Female,US,2023-09-07
583,40,Female,AU,2022-09-02
584,34,Female,AU,2024-01-27
585,43,Female,NZ,2024-04-03
586,25,Male,UK,2024-02-19
587,46,Other,CN,2024-01-06
588,43,Other,NZ,2024-01-02
589,27,Other,AU,2024-04-02
590,43,Other,AU,2023-02-16
591,51,Female,NZ,2024-05-27
592,68,Female,UK,2022-08-05
593,58,Female,CN,2023-05-31
594,24,Other,US,2023-04-19
595,21,Female,NZ,2022-02-05
596,67,Female,CN,2022-06-27
597,62,Male,CN,2023-01-22
598,28,Male,AU,2024-02-08
599,46,Female,US,2022-01-17
600,53,Male,NZ,2023-12-12
601,42,Male,AU,2024-04-09
602,38,Female,AU,2022-02-17
603,53,Female,UK,2022-03-03
604,27,Female,CN,2022-03-10
605,54,Female,NZ,2023-10-21
606,26,Other,NZ,2024-05-20
607,41,Other,NZ,2023-01-01
608,52,Female,AU,2022-06-11
609,66,Male,UK,2024-01-09
610,52,Female,US,2024-08-02
611,65,Female,AU,2024-09-02
612,53,Male,US,2023-05-03
613,35,Other,UK,2023-03-07
614,66,Female,CN,2024-09-25
615,56,Female,NZ,2024-05-08
616,49,Other,US,2023-05-04
617,41,Other,AU,2022-08-18
618,40,Male,US,2023-01-05
619,49,Other,CN,2022-06-27
620,54,Other,NZ,2024-05-06
621,29,Other,US,2023-02-14
622,66,Male,CN,2023-07-22
623,30,Other,AU,2023-08-13
624,40,Other,UK,2022-09-27
625,42,Male,AU,2022-07-25
626,52,Other,NZ,2024-03-03
627,58,Other,AU,2024-01-10
628,47,Male,AU,2024-06-18
629,34,Female,AU,2024-01-21
630,66,Male,AU,2024-09-01
631,37,Other,NZ,2024-03-10
632,65,Other,CN,2022-03-23
633,42,Other,US,2024-04-25
634,39,Male,UK,2024-02-01
635,30,Other,US,2022-07-12
636,36,Other,US,2023-09-10
637,66,Male,UK,2022-07-08
638,53,Female,NZ,2022-10-03
639,29,Female,UK,2022-03-15
640,58,Other,NZ,2022-01-10
641,36,Male,US,2023-09-27
642,29,Other,NZ,2022-08-04
643,26,Male,CN,2022-10-17
644,24,Male,UK,2023-03-21
645,45,Female,CN,2024-09-14
646,31,Female,US,2024-07-11
647,48,Male,UK,2023-07-06
648,69,Other,US,2022-07-12
649,36,Female,CN,2023-10-01
650,64,Other,US,2022-10-16
651,33,Female,UK,2024-08-21
652,22,Female,UK,2023-08-06
653,52,Other,US,2023-10-11
654,29,Female,UK,2022-05-24
655,42,Female,UK,2023-01-24
656,69,Other,US,2024-05-15
657,38,Female,CN,2024-06-10
658,53,Female,UK,2023-02-11
659,40,Female,UK,2024-03-21
660,33,Other,UK,2023-01-05
661,56,Male,UK,2024-05-06
662,62,Other,US,2023-03-17
663,59,Male,CN,2024-08-04
664,56,Female,CN,2024-02-20
665,31,Male,NZ,2024-06-14
666,48,Other,UK,2024-07-08
667,22,Other,UK,2023-10-13
668,52,Female,NZ,2023-07-18
669,40,Male,CN,2023-06-13
670,46,Female,AU,2023-11-08
671,60,Female,AU,2022-01-13
672,28,Other,CN,2023-12-03
673,35,Male,UK,2024-09-13
674,64,Male,AU,2022-12-06
675,29,Male,US,2024-05-14
676,26,Male,US,2024-05-23
677,27,Female,NZ,2024-05-13
678,61,Female,CN,2024-02-15
679,34,Other,CN,2022-11-08
680,55,Female,AU,2024-01-03
681,24,Female,UK,2022-04-14
682,63,Other,CN,2022-12-05
683,30,Other,AU,2022-07-17
684,57,Other,AU,2022-10-27
685,59,Female,CN,2023-03-20
686,26,Female,AU,2022-12-25
687,67,Other,NZ,2023-01-03
688,44,Other,NZ,2022-06-18
689,19,Other,CN,2022-05-29
690,22,Female,UK,2024-01-31
691,46,Female,NZ,2024-02-07
692,54,Male,NZ,2024-09-08
693,55,Female,CN,2022-02-11
694,36,Female,US,2022-07-21
695,25,Female,AU,2024-08-27
696,65,Other,NZ,2022-09-01
697,62,Female,US,2023-10-31
698,18,Other,UK,2023-04-09
699,39,Male,US,2023-03-25
700,69,Male,CN,2024-07-01
701,34,Other,UK,2024-03-08
702,24,Other,UK,2024-03-04
703,42,Other,US,2023-03-13
704,62,Female,CN,2024-06-11
705,21,Male,NZ,2024-01-20
706,53,Other,US,2023-06-15
707,23,Female,NZ,2023-07-19
708,48,Male,US,2023-08-20
709,36,Female,NZ,2022-09-30
710,61,Male,US,2023-03-06
711,56,Female,UK,2024-05-21
712,44,Male,AU,2022-08-01
713,27,Male,UK,2024-08-06
714,43,Female,NZ,2024-05-22
715,36,Other,CN,2022-04-14
716,56,Male,UK,2022-07-11
717,20,Other,AU,2024-07-29
718,62,Female,NZ,2023-11-20
719,30,Other,UK,2023-10-21
720,67,Other,US,2023-01-15
721,45,Other,CN,2024-08-24
722,37,Other,NZ,2022-03-22
723,45,Other,UK,2023-12-06
724,25,Male,NZ,2023-07-03
725,58,Male,US,2023-01-12
726,56,Male,AU,2024-04-17
727,18,Female,UK,2022-06-03
728,20,Other,NZ,2023-10-04
729,30,Male,NZ,2023-07-25
730,45,Female,NZ,2024-01-06
731,66,Male,AU,2024-01-31
732,42,Male,NZ,2022-08-28
733,50,Other,CN,2023-01-09
734,55,Female,CN,2024-06-19
735,23,Other,NZ,2024-03-15
736,61,Other,CN,2024-03-09
737,62,Male,UK,2022-07-23
738,49,Other,CN,2023-09-03
739,62,Female,NZ,2022-12-16
740,64,Other,US,2023-11-19
741,38,Other,UK,2024-02-13
742,33,Other,AU,2024-02-22
743,38,Male,NZ,2022-05-23
744,28,Female,AU,2022-07-08
745,54,Male,US,2022-09-29
746,53,Male,AU,2023-06-16
747,52,Male,NZ,2024-04-24
748,36,Male,NZ,2022-10-27
749,37,Male,US,2023-03-02
750,35,Female,NZ,2022-02-15
751,64,Other,US,2022-04-05
752,58,Male,US,2024-07-18
753,66,Male,NZ,2022-03-05
754,31,Female,CN,2023-02-17
755,32,Female,US,2023-10-05
756,48,Other,NZ,2022-01-09
757,18,Female,CN,2023-04-04
758,20,Other,US,2023-12-16
759,33,Male,CN,2023-02-13
760,40,Male,UK,2023-04-15
761,28,Other,UK,2024-03-20
762,29,Female,CN,2023-05-21
763,27,Other,US,2023-11-17
764,49,Female,NZ,2022-03-14
765,33,Male,AU,2022-03-25
766,25,Female,NZ,2022-02-28
767,55,Other,AU,2022-01-21
768,29,Other,AU,2023-04-03
769,41,Male,US,2024-07-06
770,45,Female,CN,2022-06-06
771,25,Female,NZ,2024-04-10
772,45,Female,CN,2022-11-25
773,53,Male,UK,2023-07-27
774,43,Female,US,2023-07-30
775,25,Other,US,2024-04-16
776,67,Female,UK,2023-11-11
777,45,Male,NZ,2022-07-22
778,45,Female,UK,2023-10-03
779,54,Female,NZ,2024-01-27
780,58,Other,AU,2022-04-16
781,53,Female,US,2024-04-12
782,44,Other,NZ,2022-05-02
783,34,Other,CN,2022-11-14
784,26,Male,CN,2022-07-01
785,50,Other,US,2023-09-07
786,37,Other,UK,2022-11-12
787,30,Male,UK,2024-03-24
788,45,Other,NZ,2024-02-12
789,65,Male,UK,2023-09-17
790,46,Female,US,2023-02-10
791,30,Male,NZ,2024-09-12
792,63,Other,AU,2024-08-06
793,52,Male,UK,2022-03-11
794,23,Other,UK,2022-06-09
795,35,Female,NZ,2022-08-28
796,68,Male,CN,2023-06-07
797,22,Female,UK,2022-05-18
798,64,Other,US,2023-05-10
799,42,Other,UK,2023-11-10
800,19,Female,AU,2022-09-04
801,27,Male,UK,2024-05-15
802,47,Male,CN,2023-06-27
803,67,Other,UK,2023-06-08
804,62,Female,NZ,2022-08-31
805,22,Female,UK,2023-09-12
806,50,Male,CN,2022-12-02
807,18,Male,NZ,2023-02-26
808,35,Male,US,2024-04-14
809,49,Female,NZ,2022-07-13
810,64,Male,AU,2022-11-04
811,66,Male,NZ,2023-10-07
812,28,Other,US,2024-06-25
813,38,Male,UK,2023-05-21
814,43,Male,NZ,2022-10-08
815,42,Female,NZ,2024-03-13
816,39,Female,NZ,2023-11-06
817,44,Other,NZ,2024-02-29
818,66,Male,US,2024-07-21
819,30,Other,CN,2024-09-08
820,50,Female,CN,2023-03-15
821,51,Other,NZ,2023-12-16
822,58,Female,US,2023-08-31
823,52,Other,US,2023-04-28
824,18,Other,NZ,2022-08-11
825,38,Male,AU,2024-01-19
826,65,Other,NZ,2022-04-27
827,23,Male,AU,2024-08-25
828,45,Male,NZ,2022-07-11
829,34,Male,AU,2024-02-27
830,22,Male,AU,2023-09-10
831,48,Other,NZ,2024-09-20
832,22,Female,AU,2023-05-31
833,55,Female,UK,2023-06-14
834,20,Female,CN,2022-11-03
835,40,Other,US,2024-08-21
836,54,Male,AU,2023-06-16
837,54,Female,AU,2022-05-02
838,27,Other,US,2023-10-11
839,27,Male,AU,2023-08-15
840,36,Female,US,2022-06-03
841,34,Male,NZ,2024-05-19
842,38,Female,UK,2023-06-21
843,31,Female,UK,2023-03-28
844,26,Female,CN,2022-06-18
845,63,Male,AU,2022-02-28
846,18,Other,CN,2022-10-28
847,68,Male,NZ,2023-07-07
848,62,Female,UK,2023-07-04
849,30,Male,NZ,2022-04-27
850,21,Other,NZ,2024-02-26
851,18,Male,AU,2024-02-21
852,66,Other,NZ,2022-05-07
853,57,Other,UK,2023-02-09
854,49,Male,CN,2023-02-03
855,51,Female,UK,2023-05-30
856,45,Other,AU,2024-03-15
857,48,Male,UK,2024-06-03
858,25,Other,US,2023-05-13
859,56,Female,CN,2024-07-30
860,43,Male,US,2023-06-12
861,51,Male,US,2023-02-02
862,20,Male,AU,2022-09-22
863,67,Female,NZ,2024-01-21
864,29,Other,US,2022-09-20
865,18,Male,UK,2023-02-02
866,61,Other,NZ,2023-10-08
867,22,Other,UK,2023-12-26
868,47,Female,UK,2023-06-11
869,47,Male,NZ,2023-03-12
870,34,Other,NZ,2024-04-19
871,65,Male,UK,2024-07-18
872,64,Male,AU,2022-12-26
873,40,Female,CN,2022-05-09
874,32,Male,CN,2024-05-13
875,54,Male,AU,2023-09-26
876,38,Other,NZ,2022-08-29
877,31,Female,UK,2023-09-19
878,19,Male,CN,2023-12-10
879,28,Other,UK,2022-08-10
880,68,Female,AU,2022-08-02
881,56,Female,UK,2024-07-04
882,55,Other,AU,2023-08-15
883,51,Other,NZ,2024-02-14
884,55,Other,AU,2022-05-15
885,67,Other,AU,2024-03-28
886,51,Other,CN,2024-01-24
887,35,Male,UK,2023-01-21
888,47,Male,CN,2022-10-30
889,32,Female,US,2024-02-21
890,44,Male,AU,2022-10-14
891,68,Male,US,2023-07-16
892,51,Male,CN,2022-07-08
893,69,Other,UK,2022-10-24
894,55,Female,CN,2023-06-10
895,50,Female,UK,2023-01-24
896,41,Female,UK,2023-04-04
897,32,Female,NZ,2024-01-14
898,47,Male,AU,2022-09-18
899,59,Male,CN,2023-12-05
900,68,Other,UK,2024-07-13
901,34,Female,CN,2023-12-16
902,22,Male,CN,2024-02-12
903,46,Male,UK,2022-04-23
904,21,Other,US,2024-06-04
905,27,Other,AU,2024-05-13
906,34,Other,AU,2022-02-05
907,27,Male,NZ,2022-03-20
908,34,Male,NZ,2022-10-02
909,37,Other,NZ,2024-08-17
910,41,Female,AU,2022-10-05
911,22,Other,US,2023-11-05
912,51,Other,AU,2022-11-08
913,23,Other,AU,2023-06-13
914,19,Other,AU,2022-07-23
915,30,Male,AU,2024-09-11
916,60,Female,US,2024-08-09
917,60,Other,NZ,2022-01-17
918,65,Female,CN,2023-12-15
919,28,Female,NZ,2023-04-21
920,68,Female,NZ,2023-05-26
921,64,Other,CN,2022-07-29
922,40,Male,AU,2023-05-14
923,33,Other,US,2023-02-06
924,48,Female,US,2023-03-05
925,28,Female,NZ,2024-09-18
926,33,Male,CN,2022-03-19
927,25,Other,UK,2023-07-22
928,21,Female,AU,2022-03-21
929,57,Male,NZ,2022-11-02
930,21,Female,US,2022-02-27
931,42,Male,CN,2023-06-14
932,20,Male,CN,2022-07-27
933,49,Other,NZ,2023-05-26
934,20,Female,UK,2024-09-03
935,44,Other,US,2022-05-15
936,46,Female,NZ,2024-04-23
937,49,Other,UK,2024-09-20
938,67,Female,CN,2023-06-06
939,68,Other,AU,2023-08-04
940,36,Male,US,2024-05-02
941,38,Female,US,2024-06-17
942,22,Female,UK,2022-03-24
943,35,Male,NZ,2023-09-13
944,45,Other,CN,2022-02-13
945,59,Female,UK,2023-04-28
946,39,Female,AU,2024-08-23
947,38,Other,AU,2024-06-28
948,23,Male,AU,2023-10-06
949,18,Other,UK,2023-05-08
950,22,Other,CN,2023-05-14
951,58,Other,US,2022-01-18
952,29,Female,NZ,2023-08-28
953,43,Male,US,2024-09-21
954,63,Male,CN,2024-08-05
955,51,Other,US,2022-10-21
956,66,Female,UK,2024-09-02
957,31,Other,AU,2022-05-28
958,43,Female,CN,2023-04-17
959,62,Female,CN,2024-09-21
960,44,Female,US,2022-06-21
961,26,Female,UK,2023-07-17
962,43,Male,US,2023-06-15
963,64,Female,US,2022-04-30
964,39,Female,CN,2024-04-15
965,64,Other,US,2024-01-07
966,47,Other,AU,2022-03-07
967,60,Male,US,2022-05-21
968,65,Other,AU,2023-03-22
969,34,Female,CN,2023-05-21
970,43,Other,UK,2022-07-08
971,53,Male,AU,2022-06-07
972,18,Other,UK,2023-09-02
973,25,Other,UK,2023-11-01
974,66,Male,AU,2024-08-04
975,52,Male,CN,2022-09-03
976,69,Female,NZ,2024-05-05
977,32,Other,UK,2024-08-01
978,64,Female,UK,2024-01-18
979,39,Other,CN,2022-02-02
980,31,Other,CN,2022-12-27
981,43,Female,US,2024-01-23
982,45,Other,CN,2022-11-26
983,40,Other,UK,2023-05-27
984,31,Other,AU,2024-04-29
985,41,Male,NZ,2024-02-26
986,19,Female,US,2022-03-12
987,62,Male,AU,2022-11-09
988,43,Female,NZ,2024-07-03
989,31,Female,NZ,2023-12-29
990,68,Other,NZ,2022-03-20
991,24,Female,AU,2022-06-18
992,20,Male,US,2024-03-20
993,64,Male,US,2024-09-09
994,40,Male,NZ,2022-06-29
995,63,Female,AU,2023-09-20
996,60,Male,NZ,2022-09-17
997,64,Female,CN,2023-05-01
998,62,Male,US,2024-02-11
999,35,Male,UK,2022-01-05
1000,55,Female,NZ,2022-10-24
1001,52,Male,CN,2023-09-12
1002,68,Other,US,2024-05-04
1003,32,Female,AU,2022-12-26
1004,42,Female,US,2022-04-27
1005,54,Female,AU,2022-12-23
1006,45,Other,AU,2024-08-14
1007,27,Female,NZ,2024-04-22
1008,56,Male,NZ,2023-03-15
1009,34,Male,US,2022-11-27
1010,56,Male,CN,2023-06-09
1011,39,Female,US,2023-10-16
1012,43,Male,UK,2022-07-07
1013,61,Female,AU,2024-08-25
1014,42,Male,AU,2022-10-08
1015,34,Other,NZ,2023-05-26
1016,30,Other,CN,2023-04-11
1017,37,Other,NZ,2022-04-25
1018,42,Other,UK,2024-07-28
1019,21,Female,US,2022-08-24
1020,27,Male,US,2022-12-04
1021,20,Other,CN,2023-06-06
1022,58,Female,NZ,2022-07-18
1023,62,Other,NZ,2024-02-03
1024,35,Other,UK,2022-02-19
1025,64,Female,US,2024-07-28
1026,53,Female,NZ,2022-05-22
1027,64,Male,CN,2024-02-22
1028,39,Male,US,2023-06-12
1029,51,Other,UK,2023-05-29
1030,64,Other,CN,2023-11-01
1031,25,Male,AU,2022-01-30
1032,57,Male,UK,2022-03-23
1033,66,Female,CN,2022-01-31
1034,61,Male,NZ,2024-01-18
1035,36,Male,AU,2022-11-29
1036,59,Other,UK,2023-10-22
1037,58,Male,NZ,2022-06-26
1038,54,Other,AU,2023-01-05
1039,23,Male,US,2023-07-01
1040,69,Female,NZ,2023-06-19
1041,43,Male,CN,2022-04-16
1042,51,Male,UK,2022-04-07
1043,62,Male,AU,2022-08-18
1044,23,Other,NZ,2022-08-15
1045,54,Female,US,2023-01-06
1046,50,Male,UK,2022-04-10
1047,39,Other,UK,2023-03-21
1048,38,Female,NZ,2023-04-13
1049,23,Other,US,2022-02-24
1050,23,Other,AU,2022-07-14
1051,65,Female,NZ,2023-06-04
1052,21,Male,AU,2023-02-28
1053,47,Other,UK,2022-11-11
1054,28,Other,AU,2022-05-08
1055,47,Male,US,2022-02-01
1056,48,Male,CN,2022-04-03
1057,41,Female,US,2023-06-03
1058,26,Female,AU,2022-09-15
1059,20,Female,NZ,2024-05-02
1060,68,Male,UK,2024-06-20
1061,48,Other,CN,2022-08-08
1062,57,Other,NZ,2024-01-22
1063,54,Female,NZ,2022-04-16
1064,53,Male,US,2023-07-02
1065,41,Other,AU,2023-02-20
1066,48,Female,US,2023-07-11
1067,23,Other,AU,2024-03-20
1068,19,Other,US,2022-11-05
1069,37,Male,NZ,2023-01-01
1070,45,Male,UK,2023-06-05
1071,28,Other,AU,2023-04-04
1072,21,Female,CN,2023-08-22
1073,32,Male,CN,2023-01-05
1074,23,Other,NZ,2022-11-27
1075,66,Male,US,2023-11-20
1076,47,Male,US,2023-10-04
1077,55,Male,NZ,2023-12-08
1078,68,Other,CN,2022-01-11
1079,19,Female,CN,2024-03-28
1080,32,Female,US,2023-05-22
1081,28,Female,AU,2023-02-23
1082,25,Male,UK,2022-05-02
1083,43,Other,AU,2024-06-29
1084,68,Male,CN,2022-08-23
1085,62,Female,AU,2022-11-27
1086,61,Female,UK,2023-06-27
1087,22,Other,AU,2022-12-14
1088,23,Male,AU,2024-08-15
1089,43,Female,AU,2023-02-16
1090,21,Other,AU,2022-08-12
1091,36,Male,NZ,2022-06-02
1092,37,Male,CN,2022-07-31
1093,50,Female,UK,2022-04-02
1094,37,Female,CN,2024-07-09
1095,66,Male,NZ,2022-11-27
1096,29,Male,NZ,2023-04-12
1097,64,Female,NZ,2024-05-09
1098,18,Male,NZ,2023-10-03
1099,43,Female,AU,2024-08-12
1100,31,Male,CN,2023-12-10
1101,55,Female,US,2024-08-27
1102,54,Other,UK,2023-07-08
1103,28,Female,NZ,2024-05-27
1104,53,Female,CN,2024-07-18
1105,30,Other,NZ,2022-08-16
1106,60,Male,NZ,2022-07-13
1107,20,Other,NZ,2023-06-14
1108,50,Female,NZ,2024-04-24
1109,23,Male,NZ,2022-08-31
1110,67,Other,UK,2023-01-24
1111,27,Male,CN,2022-10-03
1112,22,Male,NZ,2023-03-26
1113,40,Other,NZ,2023-10-01
1114,27,Male,NZ,2023-08-10
1115,61,Other,NZ,2023-07-28
1116,19,Female,AU,2023-04-23
1117,30,Male,AU,2023-04-25
1118,57,Female,US,2022-10-15
1119,19,Female,NZ,2023-11-29
1120,37,Male,US,2023-11-21
1121,18,Other,UK,2023-11-09
1122,54,Male,US,2023-11-26
1123,26,Female,CN,2023-06-24
1124,34,Female,AU,2022-11-26
1125,26,Other,AU,2023-04-15
1126,28,Male,NZ,2024-01-29
1127,32,Female,NZ,2024-04-28
1128,41,Female,UK,2023-06-18
1129,55,Female,UK,2024-07-27
1130,52,Other,CN,2023-04-12
1131,47,Female,NZ,2024-09-03
1132,48,Female,NZ,2024-09-10
1133,66,Male,UK,2023-02-24
1134,22,Male,UK,2023-08-31
1135,61,Female,UK,2022-05-02
1136,67,Female,AU,2024-02-01
1137,31,Male,US,2024-06-09
1138,28,Other,US,2022-11-04
1139,26,Other,NZ,2024-07-20
1140,51,Other,AU,2024-07-12
1141,29,Other,UK,2022-11-30
1142,52,Other,NZ,2024-08-11
1143,52,Other,AU,2023-02-24
1144,18,Other,CN,2022-11-22
1145,57,Other,AU,2023-10-11
1146,39,Male,NZ,2024-02-28
1147,46,Other,US,2024-04-11
1148,25,Other,UK,2024-04-23
1149,28,Other,CN,2023-07-27
1150,58,Female,AU,2022-09-07
1151,54,Male,NZ,2024-09-16
1152,31,Male,NZ,2022-04-05
1153,47,Male,UK,2022-10-23
1154,52,Other,NZ,2022-07-03
1155,38,Other,NZ,2022-09-17
1156,54,Female,UK,2024-03-09
1157,22,Male,CN,2023-10-29
1158,36,Other,US,2022-07-05
1159,31,Male,US,2023-02-13
1160,43,Female,AU,2022-03-10
1161,21,Female,CN,2024-04-17
1162,42,Female,AU,2024-02-12
1163,62,Male,US,2023-09-19
1164,59,Other,UK,2024-05-08
1165,42,Other,NZ,2022-01-08
1166,35,Female,US,2022-09-22
1167,57,Other,CN,2024-02-22
1168,25,Female,US,2023-04-29
1169,56,Male,CN,2024-01-31
1170,57,Female,CN,2023-09-09
1171,31,Male,CN,2024-02-14
1172,49,Female,AU,2024-01-06
1173,68,Other,UK,2024-04-19
1174,55,Other,US,2023-01-06
1175,50,Female,UK,2024-02-22
1176,40,Other,NZ,2023-11-08
1177,32,Other,US,2022-03-24
1178,50,Other,UK,2024-03-17
1179,42,Male,UK,2023-10-08
1180,34,Other,NZ,2022-07-30
1181,50,Male,CN,2022-11-09
1182,64,Female,US,2023-08-27
1183,19,Other,US,2022-12-03
1184,31,Other,NZ,2023-05-05
1185,57,Other,CN,2023-02-07
1186,57,Female,US,2023-10-01
1187,68,Male,US,2022-07-10
1188,56,Male,US,2023-11-02
1189,68,Other,CN,2024-04-22
1190,23,Female,NZ,2022-12-01
1191,23,Female,US,2023-06-06
1192,20,Female,UK,2023-09-11
1193,24,Female,CN,2022-03-28
1194,68,Female,AU,2023-08-02
1195,25,Male,NZ,2022-03-03
1196,59,Male,UK,2023-01-22
1197,69,Male,US,2022-05-26
1198,32,Other,AU,2022-06-02
1199,64,Female,NZ,2023-09-11
1200,46,Other,CN,2023-10-22
1201,50,Female,AU,2023-11-29
1202,69,Male,AU,2022-12-15
1203,47,Other,UK,2024-05-03
1204,56,Male,NZ,2022-06-27
1205,44,Female,UK,2024-06-07
1206,53,Female,UK,2024-04-26
1207,46,Female,US,2023-05-02
1208,55,Male,CN,2024-02-17
1209,50,Female,AU,2023-10-23
1210,54,Male,NZ,2022-09-04
1211,44,Other,CN,2022-09-11
1212,50,Female,CN,2023-05-15
1213,21,Female,NZ,2023-06-25
1214,39,Female,CN,2022-12-18
1215,19,Other,US,2023-05-27
1216,27,Female,CN,2024-02-17
1217,22,Male,US,2022-01-13
1218,27,Male,AU,2023-07-13
1219,50,Female,AU,2022-05-31
1220,55,Female,UK,2022-02-19
1221,30,Other,US,2022-08-03
1222,48,Other,AU,2024-09-17
1223,64,Other,CN,2023-10-06
1224,53,Female,NZ,2023-01-07
1225,62,Other,NZ,2022-04-23
1226,41,Other,US,2022-09-09
1227,69,Male,UK,2024-08-20
1228,32,Other,CN,2022-12-07
1229,46,Male,US,2022-02-22
1230,25,Male,NZ,2022-05-10
1231,22,Other,US,2024-04-15
1232,46,Male,CN,2022-07-12
1233,64,Female,AU,2023-08-14
1234,21,Female,CN,2022-02-26
1235,29,Other,AU,2022-04-07
1236,62,Female,AU,2022-07-17
1237,19,Male,AU,2023-10-09
1238,44,Female,US,2022-05-27
1239,48,Other,NZ,2023-11-15
1240,68,Other,US,2023-07-29
1241,68,Male,NZ,2023-07-31
1242,53,Other,CN,2022-10-22
1243,53,Female,UK,2023-12-24
1244,43,Other,CN,2023-09-13
1245,60,Male,US,2024-03-04
1246,44,Other,US,2023-11-15
1247,22,Female,NZ,2022-01-12
1248,37,Male,US,2024-07-06
1249,28,Female,AU,2022-11-29
1250,27,Male,US,2022-08-08
1251,57,Other,NZ,2023-02-02
1252,55,Male,NZ,2022-12-08
1253,23,Male,AU,2024-03-08
1254,25,Other,NZ,2023-05-27
1255,40,Female,UK,2022-06-21
1256,64,Other,CN,2023-04-13
1257,43,Male,US,2024-01-18
1258,63,Other,UK,2024-09-13
1259,60,Male,US,2022-06-15
1260,29,Other,UK,2023-11-30
1261,43,Other,US,2022-06-19
1262,30,Female,AU,2023-07-18
1263,57,Male,NZ,2023-05-27
1264,35,Female,NZ,2024-04-10
1265,42,Male,AU,2022-07-08
1266,50,Other,UK,2022-04-30
1267,64,Male,CN,2022-04-15
1268,57,Female,UK,2023-11-05
1269,60,Female,NZ,2024-03-17
1270,29,Female,CN,2022-02-10
1271,61,Male,US,2024-06-07
1272,53,Female,CN,2024-05-25
1273,65,Female,UK,2023-11-08
1274,21,Female,AU,2022-11-17
1275,22,Other,US,2024-06-04
1276,54,Other,UK,2022-12-01
1277,25,Male,US,2022-06-09
1278,59,Male,CN,2022-09-21
1279,66,Female,NZ,2024-05-14
1280,45,Other,UK,2023-06-14
1281,48,Female,AU,2023-11-16
1282,26,Female,CN,2023-04-22
1283,68,Other,UK,2022-12-18
1284,46,Other,AU,2023-06-29
1285,31,Other,UK,2024-02-12
1286,57,Male,CN,2022-07-29
1287,58,Male,UK,2023-05-11
1288,39,Female,US,2024-06-13
1289,28,Male,CN,2024-04-21
1290,40,Other,UK,2023-01-17
1291,18,Other,NZ,2023-11-07
1292,63,Male,UK,2023-04-26
1293,54,Female,US,2024-07-07
1294,38,Female,AU,2024-07-24
1295,43,Male,AU,2022-01-05
1296,63,Female,AU,2022-02-03
1297,53,Female,NZ,2024-03-02
1298,40,Female,US,2022-05-25
1299,18,Other,CN,2022-12-17
1300,68,Other,AU,2023-08-06
1301,57,Male,US,2023-04-10
1302,32,Other,UK,2022-12-14
1303,38,Female,NZ,2024-01-12
1304,64,Other,US,2022-05-05
1305,26,Male,US,2024-02-29
1306,26,Other,CN,2022-09-28
1307,27,Female,US,2022-12-23
1308,69,Female,CN,2023-06-11
1309,43,Male,NZ,2024-01-24
1310,58,Other,NZ,2023-05-13
1311,52,Other,UK,2022-06-02
1312,69,Other,CN,2022-02-22
1313,42,Female,CN,2022-05-29
1314,43,Male,AU,2023-05-18
1315,28,Other,AU,2024-05-19
1316,55,Female,UK,2023-03-26
1317,19,Female,NZ,2022-08-07
1318,24,Female,AU,2023-09-17
1319,35,Other,US,2024-03-10
1320,44,Other,NZ,2022-10-04
1321,51,Other,US,2023-03-28
1322,44,Other,CN,2023-03-04
1323,34,Other,NZ,2022-03-24
1324,60,Other,UK,2024-08-19
1325,61,Other,CN,2022-08-06
1326,68,Other,CN,2024-01-08
1327,41,Other,US,2024-02-21
1328,42,Female,CN,2023-06-11
1329,24,Other,AU,2023-02-08
1330,69,Male,NZ,2022-10-17
1331,23,Female,AU,2023-02-24
1332,41,Other,US,2022-12-05
1333,50,Male,US,2024-02-16
1334,66,Other,NZ,2023-12-12
1335,46,Male,CN,2023-11-01
1336,60,Male,UK,2024-04-24
1337,39,Male,US,2024-09-13
1338,43,Male,NZ,2024-08-16
1339,45,Female,UK,2023-02-23
1340,67,Female,CN,2024-06-27
1341,38,Male,US,2022-07-26
1342,66,Other,NZ,2023-11-17
1343,24,Male,NZ,2023-11-27
1344,34,Female,NZ,2022-09-22
1345,37,Other,US,2024-09-09
1346,58,Female,UK,2024-01-28
1347,66,Female,NZ,2022-02-05
1348,37,Other,CN,2023-01-08
1349,39,Male,NZ,2023-05-03
1350,45,Male,UK,2022-09-16
1351,57,Male,US,2024-09-20
1352,66,Male,NZ,2023-06-15
1353,24,Other,NZ,2024-07-12
1354,18,Other,CN,2022-01-23
1355,49,Other,CN,2022-04-14
1356,30,Female,NZ,2022-08-29
1357,47,Other,NZ,2024-06-21
1358,40,Male,CN,2024-05-22
1359,68,Female,UK,2023-12-17
1360,36,Male,AU,2022-09-10
1361,49,Male,AU,2022-05-22
1362,47,Other,NZ,2024-03-24
1363,46,Other,CN,2023-10-17
1364,66,Male,US,2023-03-27
1365,62,Male,US,2024-02-22
1366,46,Female,AU,2022-11-03
1367,47,Other,UK,2024-09-10
1368,33,Female,AU,2023-05-15
1369,57,Female,NZ,2023-09-14
1370,36,Female,UK,2022-01-08
1371,35,Male,US,2022-03-10
1372,18,Female,CN,2023-12-03
1373,31,Female,CN,2023-11-22
1374,68,Male,NZ,2023-07-29
1375,64,Other,AU,2022-03-09
1376,67,Other,NZ,2023-12-19
1377,19,Female,CN,2024-06-30
1378,45,Male,US,2024-09-06
1379,66,Other,CN,2023-02-12
1380,67,Female,UK,2023-06-02
1381,47,Female,CN,2022-04-29
1382,55,Male,CN,2024-04-04
1383,68,Female,UK,2022-01-31
1384,21,Other,AU,2023-06-02
1385,18,Male,CN,2023-04-28
1386,25,Other,NZ,2022-07-26
1387,46,Other,CN,2023-10-31
1388,56,Other,NZ,2023-08-02
1389,20,Female,UK,2024-08-28
1390,49,Female,CN,2023-01-22
1391,27,Other,UK,2023-02-16
1392,27,Other,UK,2024-04-21
1393,36,Male,AU,2023-01-05
1394,63,Male,CN,2022-12-19
1395,51,Female,NZ,2024-08-01
1396,50,Female,NZ,2022-12-02
1397,40,Male,CN,2024-06-09
1398,45,Other,AU,2024-06-24
1399,49,Female,AU,2022-10-16
1400,67,Other,AU,2024-09-22
1401,24,Male,NZ,2024-08-20
1402,46,Female,UK,2024-08-22
1403,25,Female,AU,2022-05-20
1404,18,Male,NZ,2024-08-10
1405,20,Female,NZ,2022-10-27
1406,41,Male,UK,2022-01-13
1407,40,Female,CN,2023-10-26
1408,25,Male,CN,2023-03-04
1409,64,Female,AU,2024-04-04
1410,54,Other,AU,2024-05-13
1411,20,Other,UK,2023-02-04
1412,68,Other,AU,2024-09-18
1413,50,Female,UK,2022-04-19
1414,45,Female,NZ,2023-04-30
1415,64,Other,AU,2024-06-06
1416,25,Other,NZ,2022-12-22
1417,51,Male,US,2022-05-29
1418,52,Male,UK,2024-05-28
1419,49,Male,US,2023-12-17
1420,41,Other,AU,2022-11-03
1421,31,Other,NZ,2023-06-17
1422,49,Other,AU,2022-03-01
1423,63,Male,US,2023-03-11
1424,60,Female,AU,2022-01-21
1425,33,Other,CN,2024-05-24
1426,21,Female,US,2023-01-17
1427,69,Female,AU,2022-09-02
1428,54,Female,NZ,2024-06-20
1429,38,Male,AU,2022-03-14
1430,31,Female,NZ,2023-03-25
1431,48,Other,CN,2022-03-17
1432,65,Male,AU,2023-11-29
1433,35,Other,CN,2023-08-13
1434,24,Other,US,2023-01-25
1435,27,Male,NZ,2023-07-31
1436,24,Other,US,2022-12-08
1437,50,Other,NZ,2022-10-17
1438,40,Male,CN,2023-07-22
1439,38,Other,UK,2022-11-27
1440,36,Female,AU,2022-09-16
1441,65,Other,CN,2023-03-02
1442,36,Female,NZ,2023-12-03
1443,53,Other,NZ,2022-01-06
1444,46,Male,NZ,2022-01-06
1445,35,Male,NZ,2022-07-10
1446,19,Other,AU,2022-05-28
1447,18,Male,US,2023-02-09
1448,64,Other,UK,2022-09-15
1449,22,Male,AU,2023-12-31
1450,37,Female,NZ,2023-04-24
1451,28,Other,AU,2022-03-31
1452,59,Female,CN,2024-04-03
1453,19,Female,NZ,2024-05-13
1454,20,Other,UK,2022-01-10
1455,40,Female,NZ,2022-03-28
1456,29,Other,UK,2024-02-01
1457,37,Female,UK,2024-04-17
1458,22,Other,US,2022-05-31
1459,54,Other,US,2024-09-14
1460,55,Male,AU,2023-09-17
1461,47,Other,AU,2022-01-30
1462,26,Other,UK,2022-05-08
1463,51,Female,NZ,2022-03-19
1464,61,Other,CN,2023-02-25
1465,52,Male,CN,2022-02-24
1466,69,Female,NZ,2023-04-25
1467,39,Female,NZ,2022-11-01
1468,61,Male,US,2023-06-30
1469,41,Female,CN,2022-04-15
1470,34,Female,UK,2022-06-21
1471,27,Female,AU,2023-05-14
1472,47,Female,US,2022-01-22
1473,63,Male,CN,2022-10-14
1474,40,Male,NZ,2023-01-26
1475,49,Female,CN,2023-09-09
1476,34,Female,UK,2022-05-29
1477,67,Male,US,2022-09-29
1478,68,Male,NZ,2024-02-27
1479,34,Male,UK,2022-10-26
1480,31,Female,AU,2022-06-21
1481,26,Female,US,2022-02-16
1482,57,Other,UK,2023-09-18
1483,19,Male,UK,2024-02-26
1484,62,Female,NZ,2024-03-26
1485,42,Male,AU,2024-09-18
1486,56,Female,UK,2022-07-26
1487,26,Male,US,2023-03-29
1488,39,Female,UK,2023-01-30
1489,60,Other,CN,2024-09-01
1490,63,Other,US,2024-07-13
1491,21,Male,US,2024-01-24
1492,43,Female,UK,2022-10-28
1493,46,Female,NZ,2023-12-09
1494,62,Male,US,2023-11-07
1495,51,Female,CN,2022-06-25
1496,40,Male,NZ,2024-05-04
1497,54,Female,NZ,2024-02-22
1498,28,Male,NZ,2022-04-20
1499,23,Female,US,2023-11-15
1500,35,Male,NZ,2024-08-20
1501,38,Female,UK,2024-05-13
1502,59,Other,NZ,2022-07-21
1503,53,Female,CN,2022-06-17
1504,58,Male,AU,2023-09-06
1505,55,Other,CN,2022-03-27
1506,51,Female,US,2023-10-16
1507,34,Other,NZ,2024-08-16
1508,54,Female,NZ,2024-04-28
1509,42,Other,UK,2023-12-26
1510,55,Male,NZ,2022-02-20
1511,29,Female,CN,2022-04-22
1512,40,Female,US,2023-04-08
1513,59,Male,AU,2023-03-18
1514,39,Other,NZ,2022-09-28
1515,38,Male,AU,2023-07-31
1516,44,Male,NZ,2022-12-10
1517,48,Other,US,2022-07-02
1518,23,Male,CN,2023-05-18
1519,44,Female,US,2024-04-23
1520,57,Female,AU,2022-01-10
1521,51,Female,NZ,2023-05-09
1522,29,Male,AU,2022-08-22
1523,62,Female,CN,2022-10-25
1524,24,Female,US,2022-09-01
1525,27,Female,AU,2023-05-24
1526,62,Female,AU,2022-12-17
1527,34,Female,CN,2022-09-24
1528,43,Female,NZ,2023-09-22
1529,38,Male,AU,2023-10-18
1530,45,Female,CN,2024-06-11
1531,63,Female,NZ,2022-07-20
1532,19,Other,NZ,2022-08-27
1533,60,Male,US,2022-11-30
1534,18,Male,CN,2024-07-03
1535,68,Male,NZ,2023-02-19
1536,53,Male,US,2024-08-26
1537,68,Female,UK,2023-04-29
1538,43,Female,CN,2023-03-13
1539,46,Other,UK,2024-09-25
1540,38,Other,NZ,2022-09-03
1541,28,Male,CN,2024-05-07
1542,57,Other,US,2022-01-08
1543,28,Other,NZ,2022-06-01
1544,53,Male,CN,2023-01-27
1545,66,Male,CN,2022-07-30
1546,56,Other,UK,2023-01-02
1547,57,Female,NZ,2024-08-01
1548,52,Other,US,2023-11-01
1549,51,Other,US,2023-07-24
1550,64,Female,NZ,2022-03-27
1551,41,Female,NZ,2022-02-24
1552,39,Male,AU,2023-12-14
1553,22,Male,UK,2023-09-26
1554,50,Other,NZ,2023-03-22
1555,53,Female,NZ,2023-09-12
1556,64,Male,AU,2022-10-31
1557,37,Other,AU,2022-05-12
1558,36,Female,CN,2023-02-25
1559,52,Other,US,2024-06-22
1560,69,Male,UK,2023-01-20
1561,60,Male,CN,2024-09-14
1562,34,Female,NZ,2022-07-17
1563,62,Other,AU,2022-02-16
1564,60,Female,US,2024-01-10
1565,51,Male,CN,2024-01-27
1566,26,Male,US,2022-07-22
1567,43,Other,AU,2022-09-18
1568,19,Other,CN,2023-11-21
1569,26,Other,CN,2022-01-24
1570,26,Female,US,2023-11-18
1571,57,Other,AU,2024-02-25
1572,34,Other,NZ,2022-12-06
1573,18,Male,CN,2023-02-16
1574,42,Male,NZ,2024-08-30
1575,60,Other,AU,2022-09-18
1576,57,Other,CN,2022-10-13
1577,59,Male,CN,2023-05-28
1578,42,Other,NZ,2022-03-27
1579,56,Female,UK,2024-04-29
1580,52,Female,NZ,2023-03-06
1581,20,Female,NZ,2023-08-04
1582,67,Other,UK,2022-01-31
1583,54,Male,AU,2023-12-11
1584,61,Other,AU,2023-08-26
1585,61,Other,CN,2023-03-16
1586,68,Male,US,2024-09-11
1587,47,Male,US,2022-12-15
1588,55,Male,CN,2024-06-13
1589,51,Female,US,2023-02-16
1590,29,Other,NZ,2023-06-12
1591,36,Male,NZ,2022-11-06
1592,54,Other,UK,2024-08-06
1593,61,Female,UK,2023-01-31
1594,66,Female,CN,2024-02-27
1595,34,Male,CN,2022-12-04
1596,27,Male,CN,2023-11-05
1597,66,Other,NZ,2023-03-13
1598,64,Male,US,2023-12-05
1599,29,Other,CN,2023-10-25
1600,33,Male,CN,2022-12-31
1601,41,Other,NZ,2024-07-11
1602,36,Other,NZ,2022-04-23
1603,25,Other,NZ,2024-02-24
1604,48,Other,US,2022-06-25
1605,38,Female,CN,2022-05-29
1606,34,Other,AU,2022-06-27
1607,40,Male,AU,2024-07-24
1608,54,Female,CN,2023-01-17
1609,33,Female,CN,2022-08-11
1610,23,Other,CN,2022-09-16
1611,25,Female,CN,2024-02-24
1612,42,Other,US,2022-07-08
1613,35,Male,AU,2022-11-02
1614,42,Other,UK,2023-01-13
1615,29,Female,AU,2023-08-25
1616,32,Male,AU,2022-12-09
1617,43,Other,NZ,2024-02-13
1618,58,Male,CN,2022-06-05
1619,62,Male,CN,2023-12-13
1620,43,Female,CN,2022-02-24
1621,64,Male,NZ,2024-02-05
1622,49,Female,US,2023-03-18
1623,27,Male,US,2023-11-16
1624,33,Other,UK,2022-07-19
1625,24,Male,US,2023-02-07
1626,34,Other,US,2023-09-06
1627,40,Other,CN,2024-03-07
1628,43,Male,AU,2023-10-25
1629,38,Other,US,2023-09-15
1630,39,Male,US,2024-07-16
1631,24,Male,NZ,2024-02-17
1632,31,Other,UK,2023-08-26
1633,32,Other,NZ,2022-06-26
1634,24,Female,CN,2023-03-25
1635,26,Other,AU,2024-01-13
1636,68,Female,UK,2023-06-25
1637,65,Other,NZ,2024-08-12
1638,25,Male,US,2022-10-28
1639,67,Other,US,2023-12-08
1640,40,Male,UK,2022-11-03
1641,46,Male,US,2024-01-21
1642,35,Male,NZ,2024-05-18
1643,48,Female,NZ,2024-09-17
1644,47,Other,US,2024-06-14
1645,69,Male,US,2022-09-24
1646,56,Male,CN,2022-08-02
1647,52,Female,AU,2023-08-17
1648,35,Other,UK,2023-10-02
1649,59,Other,NZ,2023-04-28
1650,56,Female,UK,2022-09-19
1651,34,Female,CN,2022-03-08
1652,31,Other,NZ,2023-07-28
1653,48,Female,CN,2022-05-13
1654,41,Other,CN,2023-10-11
1655,52,Other,US,2023-06-24
1656,61,Male,UK,2023-05-27
1657,62,Male,UK,2022-07-30
1658,51,Other,US,2024-09-14
1659,20,Other,UK,2024-09-13
1660,54,Other,US,2023-12-18
1661,60,Other,NZ,2022-09-10
1662,57,Other,CN,2022-02-07
1663,43,Other,CN,2022-02-12
1664,40,Female,UK,2023-09-21
1665,61,Other,AU,2023-02-09
1666,56,Female,CN,2024-09-13
1667,32,Female,US,2023-12-03
1668,66,Other,AU,2022-02-15
1669,21,Other,AU,2023-03-30
1670,46,Female,CN,2023-11-09
1671,39,Female,CN,2022-11-01
1672,42,Other,CN,2023-12-16
1673,30,Other,US,2022-08-21
1674,35,Female,AU,2022-09-02
1675,50,Female,UK,2023-12-22
1676,33,Female,US,2024-01-30
1677,62,Male,NZ,2022-10-22
1678,59,Female,CN,2024-04-18
1679,61,Male,AU,2023-01-18
1680,19,Other,US,2022-06-07
1681,52,Other,NZ,2023-02-09
1682,59,Female,US,2022-01-01
1683,51,Other,US,2022-08-05
1684,47,Other,UK,2024-07-16
1685,30,Other,UK,2023-05-22
1686,30,Other,US,2024-01-31
1687,35,Male,NZ,2024-06-22
1688,49,Male,AU,2023-08-04
1689,49,Female,AU,2022-01-30
1690,52,Female,CN,2023-09-19
1691,56,Female,CN,2023-06-04
1692,63,Other,AU,2024-05-30
1693,69,Other,US,2022-10-02
1694,46,Male,US,2023-05-07
1695,66,Male,UK,2024-04-06
1696,46,Female,UK,2024-08-08
1697,61,Male,CN,2024-07-14
1698,33,Male,AU,2024-04-26
1699,61,Male,US,2022-02-05
1700,64,Male,AU,2022-11-07
1701,27,Male,NZ,2022-02-13
1702,47,Female,AU,2022-06-04
1703,42,Female,NZ,2022-03-18
1704,56,Male,UK,2023-08-13
1705,37,Female,UK,2023-09-05
1706,22,Other,CN,2023-03-14
1707,18,Male,AU,2023-03-08
1708,47,Other,AU,2023-06-26
1709,66,Female,NZ,2022-02-08
1710,20,Female,UK,2022-08-27
1711,62,Other,NZ,2022-01-13
1712,31,Female,UK,2022-05-02
1713,47,Male,NZ,2022-05-24
1714,67,Other,UK,2023-11-15
1715,21,Male,NZ,2023-03-31
1716,35,Other,UK,2023-01-03
1717,54,Female,NZ,2024-01-29
1718,42,Other,AU,2022-09-04
1719,65,Other,CN,2024-07-11
1720,18,Male,NZ,2022-02-14
1721,63,Female,CN,2024-02-04
1722,32,Male,AU,2023-01-10
1723,26,Female,AU,2022-10-18
1724,32,Male,UK,2022-07-26
1725,66,Other,CN,2024-07-12
1726,41,Male,US,2024-09-21
1727,21,Female,UK,2023-06-03
1728,29,Female,CN,2024-08-15
1729,54,Other,NZ,2022-08-30
1730,54,Female,NZ,2023-09-14
1731,60,Male,AU,2022-04-24
1732,23,Other,US,2024-03-29
1733,56,Female,NZ,2022-10-29
1734,63,Female,CN,2022-10-03
1735,41,Male,CN,2022-04-06
1736,28,Male,NZ,2022-10-21
1737,30,Other,CN,2023-12-02
1738,51,Female,CN,2022-12-26
1739,42,Male,AU,2022-10-15
1740,24,Other,US,2022-06-03
1741,69,Female,AU,2023-07-24
1742,21,Female,US,2023-02-27
1743,25,Other,CN,2024-07-04
1744,37,Other,US,2024-04-29
1745,46,Male,CN,2022-02-19
1746,68,Female,CN,2022-07-26
1747,62,Female,AU,2023-07-18
1748,63,Female,AU,2024-05-03
1749,27,Other,UK,2024-06-01
1750,60,Male,NZ,2023-10-24
1751,51,Female,UK,2023-07-19
1752,43,Other,UK,2022-08-01
1753,58,Female,US,2022-03-07
1754,66,Male,CN,2022-08-20
1755,20,Female,CN,2024-06-03
1756,23,Male,CN,2024-03-21
1757,22,Male,NZ,2024-04-29
1758,22,Female,US,2023-10-25
1759,64,Female,US,2023-12-18
1760,40,Male,CN,2022-11-16
1761,66,Other,UK,2024-02-06
1762,26,Male,NZ,2022-05-17
1763,52,Female,UK,2024-05-30
1764,37,Female,AU,2023-10-09
1765,66,Other,US,2024-07-25
1766,59,Male,US,2023-07-20
1767,52,Male,UK,2022-03-06
1768,67,Male,NZ,2023-05-29
1769,35,Female,US,2022-05-12
1770,34,Male,UK,2022-11-30
1771,41,Other,NZ,2022-02-01
1772,20,Female,UK,2024-05-17
1773,49,Female,NZ,2024-06-16
1774,52,Male,CN,2024-05-21
1775,55,Other,NZ,2023-05-13
1776,30,Female,AU,2022-08-31
1777,64,Female,CN,2022-07-11
1778,42,Male,UK,2022-05-22
1779,26,Male,CN,2023-10-22
1780,21,Other,CN,2023-08-24
1781,31,Male,UK,2023-07-15
1782,54,Other,UK,2023-10-10
1783,51,Female,AU,2024-09-14
1784,28,Other,UK,2022-07-10
1785,58,Other,US,2024-07-30
1786,20,Other,US,2022-05-29
1787,45,Female,AU,2023-08-22
1788,46,Male,NZ,2023-02-20
1789,26,Female,NZ,2023-06-04
1790,20,Male,US,2024-01-05
1791,42,Other,UK,2024-05-18
1792,51,Other,AU,2022-01-16
1793,29,Other,NZ,2024-03-18
1794,59,Other,NZ,2022-04-16
1795,26,Other,CN,2022-10-10
1796,32,Male,US,2022-04-14
1797,57,Male,UK,2022-12-27
1798,42,Other,AU,2023-10-20
1799,22,Female,NZ,2022-02-04
1800,28,Female,CN,2022-04-23
1801,51,Other,US,2022-11-04
1802,41,Male,US,2024-06-29
1803,32,Female,AU,2024-08-16
1804,55,Female,NZ,2022-02-22
1805,25,Female,AU,2024-05-08
1806,22,Other,AU,2022-03-22
1807,65,Female,CN,2023-09-08
1808,43,Female,US,2024-04-13
1809,35,Female,UK,2023-01-04
1810,23,Female,US,2022-08-30
1811,54,Male,US,2022-01-31
1812,65,Other,CN,2024-04-08
1813,30,Other,UK,2023-12-05
1814,45,Male,NZ,2024-05-18
1815,22,Male,UK,2022-12-27
1816,30,Other,NZ,2022-08-21
1817,34,Female,UK,2023-09-02
1818,67,Female,AU,2022-02-03
1819,57,Other,UK,2022-08-31
1820,62,Female,CN,2024-08-08
1821,49,Male,NZ,2022-02-28
1822,46,Female,US,2024-02-10
1823,68,Female,CN,2023-06-13
1824,20,Female,NZ,2022-03-19
1825,57,Other,NZ,2023-12-19
1826,51,Male,US,2022-10-29
1827,57,Female,AU,2023-11-09
1828,44,Other,CN,2024-03-13
1829,30,Female,US,2024-06-15
1830,62,Male,US,2022-04-22
1831,50,Female,AU,2023-02-17
1832,23,Male,CN,2024-06-18
1833,41,Female,US,2022-11-13
1834,36,Male,AU,2024-05-14
1835,33,Female,CN,2022-05-25
1836,57,Male,UK,2023-10-30
1837,45,Female,NZ,2023-11-21
1838,50,Female,AU,2024-05-07
1839,65,Other,NZ,2023-10-10
1840,58,Other,UK,2024-07-18
1841,30,Male,US,2024-04-06
1842,60,Female,US,2022-01-18
1843,62,Male,CN,2022-12-17
1844,42,Other,AU,2024-08-12
1845,59,Male,AU,2022-06-04
1846,53,Male,CN,2024-02-23
1847,44,Other,NZ,2023-05-21
1848,55,Female,US,2024-02-17
1849,24,Male,US,2022-12-26
1850,22,Other,AU,2022-11-28
1851,60,Female,AU,2024-07-06
1852,62,Other,CN,2023-06-12
1853,68,Male,UK,2022-01-12
1854,48,Female,NZ,2022-03-16
1855,40,Female,UK,2022-07-31
1856,59,Other,UK,2023-11-22
1857,27,Other,AU,2023-10-03
1858,49,Other,AU,2022-10-10
1859,60,Female,AU,2022-07-14
1860,47,Female,UK,2024-02-19
1861,56,Male,NZ,2022-01-30
1862,48,Female,AU,2022-01-09
1863,35,Male,US,2022-11-05
1864,53,Other,NZ,2023-03-21
1865,19,Other,US,2022-11-06
1866,31,Female,NZ,2023-11-08
1867,30,Other,AU,2023-12-06
1868,46,Other,CN,2023-03-02
1869,29,Female,AU,2024-03-27
1870,56,Male,UK,2024-02-11
1871,19,Female,UK,2023-12-05
1872,49,Male,NZ,2023-08-14
1873,30,Female,UK,2023-11-22
1874,63,Female,AU,2022-04-01
1875,44,Other,US,2023-04-01
1876,66,Female,AU,2023-03-20
1877,58,Female,NZ,2023-12-28
1878,34,Male,UK,2022-03-20
1879,57,Other,US,2023-04-20
1880,48,Male,CN,2024-07-15
1881,51,Male,US,2022-04-13
1882,41,Other,US,2023-09-15
1883,62,Other,AU,2023-04-01
1884,52,Other,CN,2024-09-16
1885,65,Female,NZ,2022-11-10
1886,23,Other,NZ,2022-09-04
1887,36,Other,US,2022-08-22
1888,47,Other,US,2023-08-17
1889,24,Male,UK,2023-10-06
1890,27,Male,CN,2022-08-23
1891,58,Female,US,2024-02-29
1892,49,Male,UK,2023-01-22
1893,51,Female,CN,2024-04-26
1894,45,Male,NZ,2023-09-03
1895,32,Other,UK,2024-07-31
1896,47,Male,CN,2022-02-07
1897,54,Female,UK,2022-06-10
1898,46,Male,US,2023-04-07
1899,39,Other,AU,2024-08-01
1900,21,Female,NZ,2023-03-25
1901,37,Other,US,2022-04-27
1902,49,Other,US,2022-08-29
1903,53,Female,CN,2022-01-26
1904,67,Other,UK,2023-10-10
1905,21,Other,NZ,2023-07-16
1906,44,Male,US,2024-09-02
1907,34,Other,CN,2024-03-16
1908,29,Other,NZ,2024-06-24
1909,39,Other,UK,2022-10-25
1910,34,Other,US,2024-03-15
1911,27,Female,US,2022-06-03
1912,18,Male,US,2024-01-02
1913,39,Other,NZ,2023-10-14
1914,43,Other,NZ,2023-04-13
1915,35,Female,NZ,2022-02-18
1916,67,Other,NZ,2023-10-16
1917,31,Female,CN,2022-02-15
1918,64,Male,AU,2023-11-06
1919,46,Male,CN,2022-10-12
1920,29,Other,US,2024-02-19
1921,53,Other,CN,2023-09-20
1922,52,Other,UK,2022-03-23
1923,69,Female,NZ,2022-02-13
1924,29,Other,UK,2023-12-07
1925,24,Other,UK,2024-02-09
1926,46,Male,US,2024-08-12
1927,28,Other,NZ,2022-09-30
1928,50,Male,UK,2023-01-29
1929,23,Other,US,2024-02-25
1930,64,Male,NZ,2024-02-29
1931,32,Other,AU,2023-08-18
1932,49,Male,US,2022-02-27
1933,68,Female,CN,2023-07-19
1934,28,Male,NZ,2022-01-01
1935,40,Male,UK,2022-08-04
1936,43,Male,UK,2022-11-13
1937,51,Other,CN,2022-08-16
1938,63,Other,CN,2023-04-18
1939,51,Other,UK,2023-04-29
1940,46,Female,NZ,2024-02-05
1941,21,Female,US,2023-11-02
1942,34,Male,CN,2022-10-14
1943,52,Female,CN,2023-05-26
1944,30,Male,CN,2023-08-01
1945,58,Male,AU,2024-07-03
1946,56,Male,NZ,2024-03-31
1947,32,Female,NZ,2024-08-29
1948,46,Other,NZ,2023-04-03
1949,46,Female,NZ,2022-04-05
1950,28,Male,NZ,2023-05-08
1951,69,Male,UK,2024-02-04
1952,49,Female,CN,2022-05-30
1953,19,Male,UK,2022-01-23
1954,64,Male,AU,2024-01-26
1955,31,Female,US,2022-08-03
1956,37,Female,CN,2023-02-03
1957,39,Female,AU,2023-02-14
1958,28,Male,UK,2022-05-11
1959,44,Male,US,2024-05-04
1960,20,Other,AU,2022-05-28
1961,34,Other,US,2023-01-16
1962,61,Female,AU,2022-04-19
1963,45,Other,UK,2023-07-06
1964,46,Male,US,2022-05-01
1965,38,Other,AU,2022-10-22
1966,64,Male,UK,2022-04-30
1967,33,Female,CN,2023-04-01
1968,54,Female,UK,2023-06-14
1969,37,Male,UK,2022-06-18
1970,23,Other,CN,2023-12-11
1971,36,Female,UK,2024-07-11
1972,22,Female,CN,2024-09-22
1973,20,Other,CN,2022-05-23
1974,18,Other,CN,2022-02-06
1975,55,Male,AU,2023-11-29
1976,32,Other,US,2022-09-18
1977,51,Other,AU,2022-08-19
1978,52,Other,CN,2022-09-11
1979,66,Male,US,2022-11-25
1980,42,Male,US,2024-06-21
1981,41,Female,CN,2022-10-24
1982,29,Male,US,2024-09-06
1983,35,Female,US,2022-01-10
1984,32,Other,AU,2023-03-22
1985,61,Female,US,2024-07-10
1986,33,Female,CN,2024-04-15
1987,44,Other,NZ,2022-08-18
1988,25,Female,NZ,2023-06-20
1989,63,Male,NZ,2022-03-19
1990,42,Male,CN,2023-03-01
1991,34,Male,NZ,2022-07-12
1992,46,Male,AU,2023-02-05
1993,25,Female,CN,2022-04-19
1994,32,Female,CN,2024-03-02
1995,44,Other,CN,2024-07-11
1996,63,Female,US,2022-09-20
1997,67,Female,US,2022-11-25
1998,69,Female,US,2022-12-29
1999,24,Other,UK,2024-05-16
2000,20,Male,AU,2023-01-13
2001,46,Female,CN,2024-02-19
2002,61,Other,CN,2022-12-07
2003,41,Other,US,2022-09-16
2004,20,Other,CN,2022-12-01
2005,37,Male,CN,2022-03-26
2006,63,Female,NZ,2023-06-06
2007,32,Other,CN,2024-03-11
2008,42,Male,UK,2024-03-24
2009,47,Other,US,2023-07-25
2010,31,Other,AU,2022-11-04
2011,24,Other,AU,2022-09-19
2012,34,Other,NZ,2024-06-16
2013,61,Other,AU,2024-03-07
2014,37,Male,AU,2023-09-23
2015,53,Female,US,2023-11-11
2016,26,Female,US,2024-05-14
2017,55,Female,UK,2023-12-02
2018,65,Female,NZ,2023-03-28
2019,39,Male,AU,2022-09-08
2020,19,Male,UK,2022-11-20
2021,41,Male,NZ,2024-07-13
2022,25,Other,AU,2022-08-17
2023,28,Other,AU,2023-12-03
2024,30,Other,US,2024-04-07
2025,34,Female,CN,2023-09-28
2026,25,Other,NZ,2023-08-19
2027,38,Female,AU,2022-10-24
2028,35,Other,NZ,2023-12-28
2029,47,Female,UK,2022-08-25
2030,35,Other,UK,2024-09-04
2031,63,Other,CN,2023-09-17
2032,64,Male,AU,2022-08-05
2033,48,Other,US,2024-04-12
2034,55,Other,AU,2022-09-03
2035,49,Male,NZ,2023-03-24
2036,28,Female,UK,2024-04-26
2037,62,Male,NZ,2022-11-15
2038,42,Male,CN,2024-09-20
2039,50,Female,UK,2023-03-08
2040,55,Other,US,2023-02-08
2041,58,Female,UK,2024-06-04
2042,25,Other,AU,2022-02-06
2043,28,Other,AU,2023-07-30
2044,39,Female,UK,2024-01-01
2045,68,Male,CN,2022-12-08
2046,41,Female,AU,2023-01-24
2047,58,Other,AU,2022-02-03
2048,34,Female,US,2022-02-08
2049,29,Female,UK,2023-08-02
2050,63,Other,AU,2022-07-28
2051,49,Male,CN,2024-04-09
2052,32,Female,NZ,2024-05-05
2053,33,Other,UK,2022-06-01
2054,39,Other,US,2024-06-17
2055,45,Female,AU,2022-12-31
2056,37,Male,CN,2022-07-18
2057,50,Female,UK,2023-08-24
2058,27,Male,CN,2024-01-30
2059,57,Male,CN,2024-04-14
2060,49,Male,US,2022-03-20
2061,67,Male,UK,2023-04-22
2062,50,Female,AU,2023-03-10
2063,19,Other,US,2024-03-07
2064,50,Other,AU,2024-04-21
2065,50,Other,NZ,2022-02-01
2066,58,Other,CN,2022-03-28
2067,30,Other,NZ,2023-07-05
2068,47,Other,CN,2023-01-28
2069,50,Female,US,2023-09-05
2070,30,Male,AU,2022-09-01
2071,69,Other,AU,2022-08-20
2072,43,Female,US,2024-06-28
2073,39,Other,UK,2023-08-03
2074,56,Other,NZ,2022-07-11
2075,19,Male,NZ,2024-07-04
2076,55,Male,AU,2023-06-24
2077,56,Male,AU,2022-09-27
2078,43,Other,AU,2024-07-28
2079,63,Other,US,2024-01-08
2080,67,Other,UK,2022-03-18
2081,32,Male,NZ,2024-01-05
2082,51,Female,CN,2024-09-19
2083,59,Other,US,2024-06-02
2084,61,Other,NZ,2022-06-16
2085,66,Other,UK,2022-10-11
2086,57,Female,US,2023-12-05
2087,28,Other,NZ,2022-03-30
2088,20,Female,US,2023-06-28
2089,23,Other,NZ,2023-10-11
2090,26,Female,NZ,2022-06-05
2091,23,Other,UK,2022-09-07
2092,26,Male,CN,2022-04-05
2093,56,Male,UK,2022-01-17
2094,48,Male,NZ,2022-04-27
2095,49,Male,US,2024-09-09
2096,58,Other,UK,2022-11-29
2097,67,Male,CN,2024-04-02
2098,29,Female,NZ,2023-06-06
2099,25,Male,UK,2022-03-21
2100,25,Male,UK,2023-10-08
2101,67,Male,UK,2023-03-08
2102,45,Other,UK,2022-07-22
2103,37,Male,US,2022-04-26
2104,64,Female,CN,2024-08-20
2105,24,Male,CN,2022-08-08
2106,28,Male,NZ,2022-09-10
2107,37,Male,AU,2022-06-18
2108,33,Female,US,2024-04-26
2109,21,Male,NZ,2022-11-12
2110,23,Female,NZ,2023-12-18
2111,39,Female,UK,2024-03-20
2112,43,Male,AU,2023-01-07
2113,20,Female,AU,2024-01-30
2114,58,Other,US,2024-05-26
2115,59,Male,AU,2024-09-03
2116,31,Male,NZ,2023-08-06
2117,28,Female,AU,2022-06-05
2118,35,Female,AU,2023-09-06
2119,29,Male,CN,2022-01-13
2120,40,Other,NZ,2023-05-23
2121,29,Female,AU,2023-04-10
2122,30,Female,AU,2024-02-22
2123,42,Other,UK,2024-03-14
2124,62,Other,AU,2022-08-08
2125,68,Male,AU,2022-01-15
2126,36,Other,CN,2024-01-20
2127,63,Male,NZ,2022-04-27
2128,53,Other,US,2022-11-27
2129,62,Female,NZ,2022-02-25
2130,25,Male,UK,2022-12-17
2131,46,Male,NZ,2022-05-12
2132,49,Male,AU,2024-09-21
2133,68,Other,UK,2022-08-14
2134,61,Female,NZ,2022-11-04
2135,35,Male,UK,2023-04-20
2136,23,Male,US,2024-06-24
2137,35,Male,NZ,2022-08-10
2138,36,Male,AU,2022-06-22
2139,39,Female,UK,2022-12-06
2140,54,Other,CN,2024-03-07
2141,49,Female,UK,2023-05-21
2142,58,Male,CN,2024-03-31
2143,20,Female,AU,2022-06-06
2144,45,Male,US,2022-05-31
2145,27,Other,CN,2023-11-28
2146,68,Other,US,2022-06-27
2147,52,Other,UK,2023-06-17
2148,46,Male,AU,2022-04-22
2149,32,Female,CN,2023-11-14
2150,50,Other,UK,2022-05-18
2151,24,Male,NZ,2022-08-21
2152,29,Male,UK,2022-11-28
2153,66,Female,US,2023-06-26
2154,47,Other,AU,2024-06-11
2155,38,Male,AU,2022-11-03
2156,48,Female,UK,2022-06-10
2157,41,Other,NZ,2023-02-06
2158,37,Female,US,2023-08-13
2159,54,Female,UK,2022-10-05
2160,21,Male,UK,2022-11-16
2161,45,Male,AU,2023-06-17
2162,61,Male,US,2024-06-15
2163,37,Female,NZ,2023-05-12
2164,41,Male,AU,2022-12-29
2165,67,Female,UK,2023-01-07
2166,66,Female,AU,2024-06-10
2167,68,Male,AU,2023-10-17
2168,49,Other,CN,2022-02-05
2169,58,Other,AU,2022-10-30
2170,53,Other,AU,2023-03-14
2171,51,Female,US,2023-12-27
2172,53,Female,AU,2022-02-01
2173,19,Female,NZ,2022-07-05
2174,32,Male,UK,2022-06-23
2175,51,Female,US,2023-07-20
2176,53,Male,AU,2023-11-04
2177,23,Male,NZ,2022-09-07
2178,56,Other,UK,2024-02-02
2179,59,Other,US,2024-07-23
2180,68,Other,NZ,2022-10-06
2181,68,Male,AU,2023-11-14
2182,29,Male,CN,2023-11-26
2183,20,Male,CN,2022-01-02
2184,62,Female,US,2022-07-13
2185,35,Male,NZ,2022-06-15
2186,57,Other,UK,2024-01-29
2187,38,Other,NZ,2024-07-13
2188,32,Male,CN,2024-01-26
2189,50,Male,US,2022-04-20
2190,52,Other,AU,2023-01-15
2191,43,Male,NZ,2024-04-14
2192,25,Other,CN,2024-09-25
2193,53,Female,UK,2023-08-06
2194,65,Other,US,2023-11-07
2195,47,Female,AU,2022-10-12
2196,40,Male,NZ,2024-06-05
2197,59,Male,UK,2023-02-25
2198,61,Female,AU,2022-04-23
2199,31,Male,CN,2022-08-16
2200,31,Female,CN,2023-04-16
2201,19,Male,UK,2024-03-23
2202,54,Other,CN,2023-06-12
2203,22,Male,US,2023-05-11
2204,55,Other,UK,2022-01-31
2205,62,Other,CN,2022-06-11
2206,58,Female,NZ,2024-03-28
2207,64,Male,CN,2023-12-06
2208,31,Female,US,2023-12-23
2209,56,Male,AU,2023-01-13
2210,42,Other,AU,2023-03-22
2211,37,Other,CN,2024-01-14
2212,19,Male,AU,2023-03-03
2213,56,Male,CN,2023-11-27
2214,23,Female,US,2023-05-19
2215,34,Male,AU,2023-06-11
2216,42,Male,NZ,2024-08-01
2217,45,Male,CN,2024-03-27
2218,19,Female,AU,2023-12-22
2219,52,Male,US,2023-11-15
2220,54,Other,US,2024-02-17
2221,22,Female,NZ,2023-06-16
2222,18,Female,US,2023-08-05
2223,57,Other,US,2023-06-04
2224,29,Other,AU,2024-07-29
2225,53,Other,CN,2022-02-03
2226,62,Male,UK,2024-01-06
2227,40,Other,US,2023-11-22
2228,64,Male,US,2024-01-28
2229,48,Female,UK,2023-05-05
2230,28,Female,US,2024-02-11
2231,27,Other,AU,2023-09-12
2232,20,Male,AU,2024-01-24
2233,31,Other,UK,2023-02-27
2234,33,Other,US,2023-04-13
2235,27,Male,US,2022-01-24
2236,46,Other,CN,2022-08-04
2237,27,Female,US,2022-02-24
2238,29,Other,AU,2022-01-26
2239,47,Male,NZ,2022-10-08
2240,58,Male,NZ,2024-03-14
2241,18,Female,NZ,2022-11-23
2242,22,Male,NZ,2024-08-27
2243,37,Male,US,2022-07-05
2244,25,Female,US,2023-05-10
2245,60,Other,CN,2022-01-12
2246,29,Female,US,2023-10-03
2247,18,Other,NZ,2024-06-02
2248,37,Female,UK,2023-03-10
2249,45,Other,UK,2024-07-09
2250,60,Female,AU,2022-07-27
2251,54,Other,AU,2022-05-13
2252,64,Female,US,2022-12-05
2253,54,Other,UK,2022-07-15
2254,29,Female,NZ,2022-09-19
2255,54,Male,NZ,2022-10-09
2256,66,Other,NZ,2023-01-04
2257,66,Female,US,2022-04-13
2258,61,Other,US,2023-09-24
2259,45,Other,CN,2022-07-02
2260,64,Female,NZ,2023-02-27
2261,32,Other,NZ,2022-01-09
2262,23,Female,US,2023-07-11
2263,61,Male,US,2022-09-01
2264,37,Other,CN,2024-02-21
2265,67,Male,CN,2023-09-16
2266,31,Other,AU,2023-07-21
2267,19,Other,UK,2023-01-28
2268,26,Other,NZ,2023-06-11
2269,54,Female,NZ,2022-02-06
2270,37,Male,CN,2022-06-27
2271,43,Other,CN,2023-10-01
2272,46,Female,AU,2023-09-21
2273,18,Other,UK,2024-05-01
2274,52,Female,AU,2022-03-13
2275,23,Other,UK,2022-12-18
2276,54,Male,NZ,2023-09-15
2277,22,Male,AU,2022-05-29
2278,50,Other,CN,2023-11-28
2279,66,Female,AU,2022-04-15
2280,68,Other,AU,2023-10-21
2281,31,Female,NZ,2022-08-09
2282,29,Other,CN,2024-04-05
2283,59,Female,CN,2024-05-12
2284,37,Male,US,2023-01-09
2285,67,Other,US,2023-06-02
2286,41,Male,US,2022-09-17
2287,60,Male,NZ,2022-10-26
2288,51,Other,AU,2024-05-10
2289,42,Other,CN,2022-02-11
2290,67,Female,CN,2024-02-10
2291,46,Female,AU,2024-06-15
2292,56,Male,CN,2023-05-07
2293,48,Female,AU,2023-03-15
2294,64,Female,NZ,2024-02-22
2295,60,Other,NZ,2022-02-16
2296,67,Female,NZ,2022-03-26
2297,40,Male,AU,2023-11-17
2298,61,Female,AU,2022-02-27
2299,55,Male,UK,2024-09-17
2300,37,Other,CN,2023-12-12
2301,40,Male,CN,2022-07-28
2302,62,Female,UK,2022-09-05
2303,69,Other,UK,2022-07-30
2304,33,Female,NZ,2022-02-08
2305,67,Other,UK,2022-09-09
2306,59,Other,AU,2023-10-05
2307,25,Female,US,2024-07-14
2308,67,Female,AU,2024-03-13
2309,38,Other,UK,2024-02-01
2310,18,Other,CN,2024-08-10
2311,25,Female,AU,2023-02-17
2312,46,Male,CN,2024-08-03
2313,49,Female,AU,2023-03-22
2314,55,Other,CN,2022-02-21
2315,22,Female,AU,2023-01-09
2316,64,Male,CN,2023-06-10
2317,39,Female,US,2024-07-19
2318,64,Other,NZ,2022-06-05
2319,51,Female,AU,2024-08-11
2320,18,Other,US,2023-06-26
2321,43,Other,NZ,2022-03-31
2322,60,Female,AU,2024-06-21
2323,27,Other,US,2023-11-10
2324,47,Other,US,2022-12-17
2325,67,Male,US,2022-03-10
2326,35,Male,UK,2022-06-12
2327,34,Male,CN,2022-08-30
2328,43,Male,NZ,2023-05-10
2329,25,Other,CN,2023-01-18
2330,64,Female,CN,2022-02-21
2331,57,Other,CN,2023-10-16
2332,66,Other,US,2022-03-04
2333,29,Other,CN,2023-05-24
2334,44,Female,UK,2022-10-19
2335,25,Male,AU,2022-04-01
2336,42,Other,US,2023-10-26
2337,63,Other,NZ,2023-02-28
2338,21,Male,AU,2023-10-31
2339,50,Other,AU,2024-03-31
2340,18,Female,AU,2022-12-31
2341,36,Other,CN,2022-05-30
2342,48,Other,CN,2024-04-19
2343,33,Male,US,2022-09-28
2344,31,Other,CN,2024-05-30
2345,65,Other,CN,2023-08-04
2346,22,Female,CN,2022-04-26
2347,58,Male,US,2023-12-05
2348,43,Male,US,2023-05-31
2349,45,Female,UK,2023-08-10
2350,19,Other,UK,2024-07-02
2351,67,Male,UK,2024-03-20
2352,23,Male,UK,2022-08-29
2353,26,Other,AU,2022-01-30
2354,50,Other,AU,2022-05-23
2355,58,Male,UK,2022-11-22
2356,42,Other,UK,2023-11-26
2357,65,Male,NZ,2024-08-06
2358,30,Other,AU,2022-01-16
2359,26,Other,NZ,2022-04-21
2360,30,Female,NZ,2024-05-21
2361,48,Other,CN,2023-12-14
2362,58,Female,US,2022-04-17
2363,28,Other,AU,2023-01-14
2364,21,Male,UK,2022-06-11
2365,51,Male,UK,2022-10-10
2366,55,Other,US,2022-09-26
2367,63,Other,AU,2023-04-29
2368,21,Male,UK,2023-10-29
2369,55,Other,UK,2022-03-14
2370,36,Female,CN,2022-07-16
2371,23,Female,NZ,2022-08-31
2372,51,Female,UK,2023-08-21
2373,35,Female,AU,2024-03-09
2374,30,Female,US,2022-09-16
2375,58,Other,CN,2024-03-08
2376,40,Other,AU,2022-05-29
2377,36,Female,CN,2024-05-16
2378,62,Other,NZ,2023-01-25
2379,28,Other,UK,2024-09-14
2380,18,Female,AU,2023-02-20
2381,41,Other,US,2023-03-02
2382,24,Other,NZ,2024-09-23
2383,42,Other,NZ,2023-12-03
2384,38,Female,CN,2022-08-05
2385,32,Other,NZ,2024-07-16
2386,18,Male,AU,2024-05-16
2387,29,Male,CN,2022-03-27
2388,24,Female,NZ,2022-08-04
2389,32,Male,US,2023-02-27
2390,38,Female,AU,2022-11-16
2391,36,Male,US,2022-04-28
2392,46,Male,US,2024-07-14
2393,42,Male,CN,2024-08-16
2394,50,Female,UK,2024-05-31
2395,66,Female,CN,2024-09-18
2396,49,Other,AU,2023-02-19
2397,66,Female,AU,2023-08-22
2398,52,Male,CN,2022-02-09
2399,61,Male,UK,2022-06-10
2400,55,Female,CN,2023-12-04
2401,43,Female,AU,2023-06-21
2402,28,Female,UK,2023-02-24
2403,52,Other,AU,2023-10-26
2404,25,Male,UK,2022-04-05
2405,63,Other,UK,2023-03-18
2406,31,Other,CN,2024-07-23
2407,27,Male,CN,2023-07-12
2408,19,Male,CN,2024-08-30
2409,63,Female,UK,2023-10-12
2410,26,Female,UK,2024-09-09
2411,20,Other,AU,2023-04-11
2412,38,Female,US,2022-10-15
2413,43,Female,CN,2024-05-14
2414,25,Male,AU,2023-11-07
2415,65,Male,AU,2023-02-16
2416,19,Female,NZ,2023-02-04
2417,23,Male,CN,2023-06-12
2418,45,Female,AU,2022-01-18
2419,46,Male,NZ,2022-05-16
2420,43,Male,CN,2023-04-09
2421,42,Male,UK,2024-01-29
2422,29,Male,NZ,2022-09-05
2423,22,Female,UK,2024-04-22
2424,51,Other,US,2023-12-11
2425,65,Male,US,2022-01-01
2426,54,Female,US,2023-12-03
2427,32,Female,US,2023-01-16
2428,61,Male,AU,2023-05-24
2429,53,Other,US,2023-04-05
2430,32,Male,AU,2023-05-20
2431,60,Female,AU,2024-03-16
2432,65,Other,CN,2023-04-21
2433,40,Female,AU,2023-07-11
2434,23,Male,AU,2024-08-11
2435,63,Other,US,2024-04-28
2436,67,Female,AU,2024-06-15
2437,61,Female,UK,2022-02-01
2438,60,Female,US,2024-06-22
2439,62,Male,NZ,2022-04-28
2440,38,Other,US,2024-03-18
2441,40,Male,AU,2022-07-03
2442,60,Male,UK,2022-07-10
2443,33,Male,US,2024-01-17
2444,64,Other,UK,2024-01-20
2445,32,Male,NZ,2023-12-29
2446,42,Male,NZ,2022-03-15
2447,53,Male,CN,2023-09-15
2448,28,Male,CN,2022-04-13
2449,68,Female,US,2024-05-20
2450,32,Male,CN,2023-08-09
2451,21,Female,UK,2023-02-24
2452,38,Male,CN,2023-04-18
2453,30,Other,UK,2024-02-03
2454,39,Female,CN,2022-04-24
2455,36,Female,CN,2023-01-14
2456,51,Female,CN,2022-11-09
2457,31,Female,AU,2022-11-26
2458,21,Other,AU,2022-12-05
2459,65,Male,CN,2022-08-26
2460,69,Female,UK,2022-06-22
2461,63,Other,US,2022-03-20
2462,44,Female,NZ,2023-04-09
2463,46,Male,AU,2024-06-16
2464,64,Female,CN,2023-08-28
2465,45,Other,NZ,2024-08-21
2466,52,Male,AU,2023-05-16
2467,25,Other,US,2023-07-16
2468,33,Male,UK,2022-10-12
2469,59,Male,CN,2022-08-11
2470,53,Male,US,2023-08-16
2471,47,Female,AU,2022-09-23
2472,35,Other,CN,2023-10-29
2473,19,Other,NZ,2023-01-08
2474,66,Other,UK,2022-08-21
2475,30,Male,AU,2024-06-29
2476,21,Female,UK,2024-04-07
2477,43,Male,CN,2022-08-24
2478,42,Other,US,2023-11-02
2479,47,Female,UK,2024-07-05
2480,28,Female,NZ,2024-04-07
2481,24,Female,AU,2024-02-02
2482,48,Other,NZ,2022-11-10
2483,61,Female,UK,2024-07-25
2484,27,Female,US,2024-07-30
2485,56,Male,US,2024-03-23
2486,30,Male,NZ,2023-01-15
2487,48,Female,CN,2024-03-04
2488,24,Female,CN,2023-09-06
2489,66,Male,US,2023-07-17
2490,59,Male,NZ,2023-02-24
2491,59,Male,NZ,2022-02-21
2492,53,Other,NZ,2023-12-22
2493,37,Other,UK,2024-03-29
2494,21,Male,CN,2023-10-05
2495,24,Female,CN,2023-05-24
2496,18,Male,UK,2024-02-21
2497,61,Other,AU,2024-08-02
2498,62,Female,UK,2022-07-24
2499,59,Other,NZ,2024-01-01
2500,64,Female,UK,2022-09-14
2501,30,Other,NZ,2022-07-04
2502,39,Female,US,2022-05-25
2503,38,Female,NZ,2023-11-21
2504,39,Female,CN,2024-09-20
2505,45,Female,UK,2022-01-14
2506,26,Other,NZ,2022-09-03
2507,43,Other,AU,2022-07-06
2508,26,Female,US,2022-12-03
2509,32,Female,AU,2022-09-16
2510,27,Other,AU,2024-05-15
2511,41,Female,AU,2022-02-09
2512,59,Female,US,2023-08-24
2513,25,Female,US,2023-09-29
2514,41,Male,US,2024-08-19
2515,33,Female,US,2023-02-22
2516,66,Male,AU,2024-09-12
2517,43,Female,CN,2022-12-17
2518,44,Other,CN,2022-01-09
2519,54,Male,US,2022-12-16
2520,21,Male,UK,2022-03-25
2521,67,Female,NZ,2023-06-17
2522,41,Female,UK,2024-09-15
2523,36,Male,UK,2024-03-03
2524,53,Other,UK,2022-12-24
2525,56,Other,CN,2023-01-13
2526,27,Female,NZ,2022-06-21
2527,42,Other,UK,2022-01-25
2528,35,Other,US,2023-01-28
2529,36,Female,CN,2022-04-13
2530,53,Other,US,2023-12-03
2531,27,Female,US,2022-08-24
2532,50,Male,UK,2023-02-14
2533,67,Female,US,2024-04-04
2534,22,Male,NZ,2023-07-03
2535,64,Male,US,2024-02-23
2536,66,Other,UK,2024-03-15
2537,52,Other,US,2022-11-28
2538,61,Other,CN,2023-10-26
2539,51,Female,CN,2024-03-04
2540,50,Other,CN,2023-06-16
2541,38,Male,AU,2023-10-11
2542,34,Other,CN,2024-09-09
2543,39,Other,CN,2024-05-20
2544,65,Female,AU,2022-01-29
2545,54,Female,CN,2023-06-27
2546,32,Male,UK,2022-01-19
2547,52,Female,CN,2022-05-28
2548,45,Other,CN,2023-04-16
2549,24,Female,AU,2023-05-06
2550,49,Male,UK,2022-10-10
2551,28,Other,US,2024-05-11
2552,27,Male,NZ,2024-05-02
2553,26,Female,UK,2024-03-22
2554,31,Female,US,2023-11-06
2555,30,Male,UK,2022-04-23
2556,42,Other,US,2023-03-31
2557,19,Female,US,2023-10-24
2558,52,Female,UK,2022-11-26
2559,24,Other,AU,2022-09-12
2560,38,Female,UK,2023-08-22
2561,35,Male,UK,2023-02-03
2562,20,Female,US,2024-05-11
2563,59,Female,NZ,2023-09-02
2564,56,Other,US,2024-06-27
2565,58,Male,CN,2023-05-23
2566,66,Other,UK,2023-10-06
2567,28,Female,UK,2023-04-11
2568,56,Female,AU,2024-04-03
2569,41,Other,US,2023-02-11
2570,63,Other,AU,2023-09-01
2571,36,Other,UK,2022-04-08
2572,21,Male,US,2022-10-17
2573,43,Female,US,2024-05-17
2574,55,Other,CN,2024-01-09
2575,59,Female,CN,2023-10-19
2576,49,Male,NZ,2022-06-05
2577,56,Male,CN,2024-02-21
2578,62,Male,US,2022-06-11
2579,63,Male,CN,2023-09-16
2580,53,Female,NZ,2024-04-22
2581,57,Male,UK,2023-11-28
2582,54,Male,CN,2023-12-18
2583,50,Other,US,2022-04-07
2584,53,Male,UK,2023-01-12
2585,20,Other,US,2023-07-21
2586,26,Male,UK,2023-03-26
2587,25,Male,US,2024-09-20
2588,50,Other,CN,2022-04-27
2589,23,Male,CN,2023-08-28
2590,58,Female,NZ,2024-03-15
2591,56,Female,UK,2024-08-21
2592,21,Male,NZ,2023-12-17
2593,30,Female,AU,2024-03-04
2594,66,Other,CN,2023-05-21
2595,19,Male,UK,2022-07-08
2596,22,Male,NZ,2023-04-21
2597,61,Other,NZ,2022-11-19
2598,44,Other,AU,2023-08-19
2599,49,Other,NZ,2024-08-27
2600,38,Male,US,2022-06-29
2601,25,Other,CN,2024-02-25
2602,55,Other,NZ,2022-06-30
2603,25,Female,NZ,2024-08-16
2604,67,Female,AU,2023-11-24
2605,20,Male,US,2024-03-05
2606,61,Female,NZ,2022-10-14
2607,20,Female,CN,2023-04-20
2608,39,Other,CN,2023-09-10
2609,23,Other,NZ,2023-10-03
2610,19,Female,US,2022-09-19
2611,40,Female,CN,2023-06-07
2612,61,Female,CN,2022-06-11
2613,19,Male,US,2023-05-02
2614,55,Male,US,2024-09-06
2615,34,Male,NZ,2024-08-16
2616,52,Female,UK,2022-06-30
2617,51,Female,AU,2023-12-26
2618,40,Male,UK,2023-04-14
2619,47,Male,UK,2024-02-25
2620,69,Female,CN,2022-01-21
2621,25,Other,US,2022-10-02
2622,39,Male,CN,2022-09-17
2623,61,Female,AU,2022-11-29
2624,53,Female,NZ,2023-04-11
2625,22,Other,AU,2022-04-26
2626,30,Female,CN,2023-02-17
2627,46,Female,CN,2023-06-21
2628,48,Male,CN,2024-08-09
2629,64,Male,CN,2024-04-24
2630,33,Other,UK,2024-02-05
2631,59,Other,NZ,2024-08-16
2632,47,Female,UK,2024-07-11
2633,33,Male,CN,2024-08-13
2634,29,Other,US,2023-12-24
2635,34,Other,UK,2024-03-27
2636,33,Other,CN,2024-04-12
2637,29,Female,CN,2024-07-22
2638,25,Male,NZ,2024-04-30
2639,37,Other,AU,2024-08-05
2640,20,Male,UK,2022-09-14
2641,33,Other,UK,2022-06-17
2642,47,Other,UK,2024-04-28
2643,62,Male,CN,2023-06-17
2644,40,Male,NZ,2023-08-21
2645,45,Male,CN,2022-01-15
2646,68,Female,CN,2022-02-19
2647,57,Other,US,2024-09-25
2648,22,Female,NZ,2022-10-31
2649,37,Male,UK,2023-05-02
2650,57,Other,AU,2023-02-20
2651,61,Female,UK,2022-11-01
2652,18,Other,CN,2022-07-15
2653,47,Female,NZ,2024-05-25
2654,38,Male,NZ,2024-03-23
2655,37,Female,NZ,2024-03-10
2656,23,Other,US,2023-01-23
2657,39,Other,UK,2024-01-27
2658,35,Other,US,2024-08-18
2659,25,Other,AU,2024-05-14
2660,56,Male,CN,2023-03-31
2661,49,Female,US,2023-12-14
2662,50,Male,US,2023-12-06
2663,33,Male,CN,2024-04-27
2664,29,Male,NZ,2023-10-20
2665,55,Other,CN,2022-11-06
2666,69,Other,UK,2022-05-07
2667,51,Other,CN,2022-06-24
2668,31,Female,NZ,2022-05-14
2669,53,Other,CN,2022-03-07
2670,50,Female,US,2023-01-28
2671,40,Other,AU,2024-08-21
2672,67,Other,US,2022-12-31
2673,62,Male,AU,2022-10-06
2674,19,Male,CN,2024-01-28
2675,58,Male,UK,2022-12-29
2676,38,Female,CN,2024-01-19
2677,19,Female,NZ,2022-06-20
2678,44,Other,CN,2022-02-20
2679,26,Female,AU,2022-11-24
2680,18,Other,US,2024-05-20
2681,28,Female,UK,2023-10-27
2682,20,Female,CN,2023-08-15
2683,69,Female,CN,2024-07-19
2684,40,Male,US,2022-05-25
2685,43,Female,UK,2022-10-01
2686,21,Male,CN,2022-06-04
2687,35,Male,CN,2024-06-29
2688,23,Female,AU,2023-05-23
2689,52,Other,AU,2024-04-28
2690,39,Other,NZ,2022-12-29
2691,60,Other,US,2022-11-21
2692,32,Female,UK,2024-04-27
2693,39,Other,CN,2023-10-17
2694,54,Male,CN,2022-10-25
2695,69,Other,NZ,2023-05-09
2696,59,Female,CN,2023-06-30
2697,29,Other,US,2022-10-31
2698,64,Male,NZ,2023-04-12
2699,66,Female,US,2024-06-22
2700,59,Other,NZ,2022-08-27
2701,55,Female,CN,2023-10-12
2702,35,Female,NZ,2024-02-05
2703,62,Female,AU,2023-06-01
2704,52,Other,UK,2024-06-02
2705,47,Female,CN,2022-06-25
2706,41,Other,UK,2024-06-03
2707,59,Male,CN,2023-02-14
2708,47,Other,UK,2023-12-27
2709,31,Male,AU,2022-12-30
2710,23,Other,UK,2022-01-23
2711,20,Female,NZ,2022-11-14
2712,33,Other,UK,2023-06-09
2713,24,Female,CN,2024-06-23
2714,69,Male,US,2024-01-23
2715,31,Other,UK,2022-10-03
2716,26,Female,UK,2023-08-27
2717,32,Male,UK,2023-09-12
2718,38,Male,CN,2024-08-10
2719,52,Other,UK,2022-08-17
2720,19,Male,CN,2023-10-26
2721,44,Female,CN,2022-04-18
2722,19,Male,US,2024-03-11
2723,52,Male,NZ,2024-07-04
2724,35,Female,CN,2024-08-13
2725,31,Male,AU,2022-06-25
2726,37,Male,UK,2022-11-16
2727,35,Male,AU,2022-10-13
2728,27,Male,UK,2024-05-25
2729,42,Female,US,2022-11-25
2730,19,Male,CN,2024-05-26
2731,42,Female,NZ,2024-01-23
2732,50,Male,CN,2023-10-19
2733,53,Male,UK,2022-12-22
2734,48,Male,NZ,2022-01-14
2735,31,Male,CN,2022-10-02
2736,18,Female,NZ,2022-03-12
2737,63,Female,UK,2024-04-06
2738,33,Female,US,2022-07-14
2739,63,Other,US,2024-05-14
2740,69,Male,CN,2024-03-22
2741,20,Male,AU,2024-07-16
2742,52,Female,UK,2024-05-28
2743,58,Other,CN,2023-06-07
2744,23,Male,CN,2022-04-16
2745,42,Female,US,2024-02-09
2746,30,Male,NZ,2024-09-12
2747,51,Male,UK,2024-06-11
2748,25,Female,NZ,2022-07-15
2749,38,Female,UK,2022-05-25
2750,51,Male,AU,2024-09-03
2751,21,Male,US,2024-01-02
2752,42,Female,AU,2022-12-16
2753,32,Male,CN,2023-02-28
2754,21,Male,US,2023-04-16
2755,62,Female,CN,2023-11-17
2756,29,Male,AU,2022-08-04
2757,49,Male,UK,2022-04-03
2758,49,Other,CN,2022-09-17
2759,45,Female,NZ,2024-07-22
2760,30,Other,UK,2023-07-29
2761,48,Other,UK,2023-06-25
2762,31,Other,AU,2024-02-26
2763,37,Male,AU,2024-05-08
2764,35,Male,US,2022-10-12
2765,46,Other,US,2023-04-29
2766,23,Other,NZ,2024-07-19
2767,49,Other,UK,2023-01-07
2768,46,Male,NZ,2022-03-11
2769,60,Other,NZ,2023-01-14
2770,19,Other,AU,2022-10-06
2771,40,Female,NZ,2024-01-13
2772,36,Female,NZ,2022-10-29
2773,48,Male,CN,2022-09-12
2774,68,Female,US,2023-11-15
2775,22,Female,US,2024-08-01
2776,36,Female,UK,2023-11-23
2777,51,Male,US,2022-09-21
2778,27,Female,UK,2023-11-26
2779,42,Male,CN,2024-04-13
2780,19,Other,US,2023-12-18
2781,28,Female,CN,2023-02-28
2782,67,Male,US,2024-01-31
2783,48,Female,US,2022-08-01
2784,32,Other,CN,2023-11-02
2785,26,Male,NZ,2024-08-01
2786,40,Male,NZ,2022-04-10
2787,36,Male,NZ,2024-04-08
2788,26,Other,NZ,2022-04-22
2789,52,Other,US,2022-11-04
2790,38,Other,AU,2023-11-09
2791,26,Male,CN,2023-04-20
2792,45,Other,AU,2023-07-02
2793,63,Female,AU,2022-04-22
2794,68,Other,UK,2022-03-28
2795,24,Male,NZ,2022-07-02
2796,33,Female,US,2023-08-20
2797,33,Other,NZ,2024-02-20
2798,50,Female,NZ,2022-06-14
2799,21,Female,AU,2024-03-25
2800,21,Male,UK,2022-03-31
2801,56,Female,NZ,2024-09-26
2802,57,Female,CN,2023-03-31
2803,34,Male,CN,2022-08-26
2804,54,Male,NZ,2024-09-25
2805,56,Male,AU,2023-06-18
2806,69,Female,AU,2023-11-10
2807,46,Female,US,2023-12-28
2808,69,Female,UK,2022-02-27
2809,53,Male,AU,2023-06-26
2810,55,Other,US,2024-07-02
2811,56,Female,CN,2023-09-10
2812,67,Other,CN,2023-02-06
2813,54,Male,CN,2024-04-21
2814,69,Female,NZ,2023-11-10
2815,52,Other,UK,2024-05-11
2816,24,Female,US,2023-10-28
2817,44,Female,UK,2024-04-18
2818,45,Female,NZ,2023-06-03
2819,39,Other,US,2022-07-16
2820,31,Male,US,2024-04-12
2821,24,Female,AU,2022-02-15
2822,54,Male,UK,2023-06-14
2823,39,Male,UK,2023-02-01
2824,22,Other,AU,2023-10-27
2825,19,Other,CN,2024-09-26
2826,44,Male,NZ,2024-02-15
2827,38,Female,UK,2022-03-15
2828,55,Other,AU,2023-02-20
2829,32,Female,US,2023-10-19
2830,38,Female,AU,2023-09-06
2831,27,Female,CN,2022-12-01
2832,40,Male,NZ,2024-04-26
2833,56,Female,CN,2023-09-25
2834,22,Male,US,2023-11-19
2835,18,Male,US,2023-07-29
2836,30,Female,US,2022-10-23
2837,38,Female,US,2022-03-25
2838,43,Female,AU,2022-01-15
2839,67,Female,US,2024-05-16
2840,62,Male,US,2022-05-14
2841,38,Female,AU,2023-04-23
2842,35,Female,US,2023-09-25
2843,54,Male,CN,2022-11-15
2844,62,Other,CN,2023-01-27
2845,49,Other,UK,2023-04-24
2846,53,Male,CN,2023-10-02
2847,34,Other,NZ,2023-01-03
2848,52,Male,NZ,2023-01-02
2849,66,Female,NZ,2022-10-15
2850,28,Female,AU,2024-03-23
2851,38,Other,CN,2023-01-13
2852,69,Female,NZ,2023-11-23
2853,43,Other,UK,2023-04-08
2854,21,Other,AU,2023-08-17
2855,51,Female,UK,2022-01-13
2856,69,Female,CN,2023-06-20
2857,65,Other,US,2022-06-17
2858,35,Female,UK,2022-09-27
2859,57,Male,US,2024-09-14
2860,52,Female,AU,2024-08-28
2861,58,Female,UK,2022-03-11
2862,46,Male,UK,2022-11-14
2863,69,Female,AU,2023-01-11
2864,46,Female,AU,2022-03-30
2865,55,Other,NZ,2023-12-02
2866,59,Female,CN,2022-09-14
2867,38,Female,UK,2022-08-05
2868,59,Male,UK,2023-03-26
2869,30,Other,AU,2024-06-12
2870,66,Other,AU,2023-06-28
2871,58,Other,CN,2022-05-21
2872,34,Female,AU,2022-06-10
2873,26,Other,US,2022-02-01
2874,58,Male,US,2024-04-03
2875,18,Other,US,2022-06-01
2876,19,Male,US,2024-05-08
2877,65,Other,CN,2022-09-17
2878,46,Other,UK,2023-12-29
2879,50,Male,US,2022-10-06
2880,27,Other,AU,2022-10-12
2881,67,Other,US,2023-09-02
2882,57,Other,CN,2024-07-05
2883,38,Female,AU,2023-06-26
2884,45,Male,US,2023-08-25
2885,28,Other,UK,2022-05-28
2886,51,Male,AU,2023-10-18
2887,25,Male,AU,2022-03-08
2888,39,Male,UK,2024-08-02
2889,25,Other,AU,2024-05-18
2890,66,Other,US,2023-07-24
2891,32,Male,AU,2024-09-26
2892,34,Female,US,2024-07-28
2893,40,Male,UK,2024-03-03
2894,41,Female,NZ,2022-10-06
2895,62,Male,UK,2024-01-18
2896,36,Male,US,2023-03-19
2897,22,Male,CN,2024-06-15
2898,49,Other,UK,2024-05-14
2899,61,Female,CN,2023-02-03
2900,18,Female,CN,2022-05-08
2901,40,Male,US,2022-12-03
2902,54,Other,US,2023-04-27
2903,25,Other,NZ,2023-12-22
2904,30,Female,AU,2024-08-05
2905,25,Other,UK,2022-07-05
2906,40,Female,US,2022-06-18
2907,60,Female,UK,2023-11-15
2908,18,Female,CN,2022-09-17
2909,62,Other,AU,2023-12-18
2910,68,Female,NZ,2024-08-21
2911,41,Female,UK,2023-10-09
2912,52,Male,AU,2023-07-12
2913,41,Female,NZ,2023-05-22
2914,34,Female,UK,2023-06-05
2915,22,Male,AU,2023-04-16
2916,37,Male,US,2022-06-10
2917,38,Other,UK,2022-10-16
2918,57,Female,AU,2022-12-06
2919,48,Other,NZ,2024-06-18
2920,63,Other,AU,2024-04-12
2921,53,Male,US,2023-05-17
2922,28,Other,UK,2022-04-16
2923,69,Female,UK,2024-03-12
2924,32,Male,UK,2023-04-20
2925,36,Female,US,2024-05-02
2926,24,Female,NZ,2023-08-23
2927,68,Male,UK,2023-04-08
2928,45,Female,NZ,2023-04-28
2929,68,Male,AU,2023-12-05
2930,60,Female,NZ,2022-06-02
2931,22,Male,NZ,2024-04-02
2932,22,Other,UK,2023-10-11
2933,47,Female,CN,2024-02-24
2934,49,Male,CN,2022-05-29
2935,25,Female,US,2022-07-07
2936,27,Female,US,2023-10-15
2937,55,Female,CN,2022-05-11
2938,64,Male,AU,2023-03-28
2939,49,Other,UK,2023-05-31
2940,65,Other,UK,2023-05-06
2941,45,Other,AU,2023-04-21
2942,34,Male,AU,2022-09-20
2943,48,Other,CN,2023-06-22
2944,25,Male,US,2023-04-04
2945,57,Female,AU,2023-06-20
2946,42,Female,US,2024-02-17
2947,26,Other,NZ,2024-01-11
2948,19,Male,UK,2024-02-20
2949,32,Female,CN,2023-09-29
2950,67,Male,UK,2023-11-15
2951,20,Male,CN,2024-01-16
2952,66,Female,NZ,2022-10-22
2953,53,Male,UK,2024-07-03
2954,21,Female,NZ,2023-03-11
2955,31,Female,CN,2022-10-02
2956,58,Female,AU,2023-08-11
2957,58,Male,UK,2022-11-04
2958,42,Female,NZ,2023-12-27
2959,67,Male,UK,2024-07-31
2960,27,Female,UK,2024-09-23
2961,38,Female,UK,2023-01-11
2962,53,Other,US,2022-06-07
2963,29,Other,NZ,2024-03-24
2964,44,Other,NZ,2022-07-23
2965,57,Male,UK,2024-09-15
2966,19,Male,AU,2023-10-23
2967,30,Female,UK,2022-03-16
2968,49,Female,US,2023-01-15
2969,48,Female,CN,2024-01-11
2970,33,Female,US,2022-10-31
2971,49,Male,AU,2022-03-03
2972,49,Female,UK,2023-07-24
2973,51,Female,NZ,2024-02-25
2974,28,Other,UK,2022-04-18
2975,27,Female,AU,2022-07-06
2976,32,Female,NZ,2024-09-13
2977,34,Female,US,2022-08-17
2978,57,Male,CN,2022-02-17
2979,35,Other,CN,2024-04-10
2980,26,Female,UK,2022-09-25
2981,42,Female,US,2023-12-28
2982,57,Other,AU,2024-03-12
2983,31,Female,CN,2022-09-11
2984,42,Male,US,2024-08-14
2985,67,Female,UK,2024-05-19
2986,39,Male,NZ,2022-03-28
2987,69,Male,UK,2022-06-30
2988,47,Female,UK,2022-01-25
2989,37,Other,US,2024-08-15
2990,38,Male,CN,2023-01-23
2991,61,Other,US,2022-08-10
2992,49,Female,NZ,2024-09-16
2993,68,Male,US,2023-02-01
2994,63,Female,AU,2024-07-26
2995,66,Other,UK,2023-05-26
2996,38,Female,CN,2023-07-15
2997,52,Female,NZ,2024-04-25
2998,49,Male,UK,2023-03-16
2999,47,Female,US,2022-06-24
3000,56,Female,AU,2024-06-22
3001,66,Female,US,2022-11-07
3002,29,Male,UK,2024-09-10
3003,58,Other,NZ,2022-10-01
3004,64,Other,CN,2022-02-04
3005,35,Female,UK,2022-08-05
3006,38,Male,NZ,2023-12-22
3007,30,Female,UK,2023-11-03
3008,38,Other,AU,2023-02-12
3009,25,Male,US,2023-06-03
3010,63,Other,CN,2022-09-26
3011,57,Other,NZ,2023-09-30
3012,63,Male,CN,2023-04-20
3013,24,Male,CN,2024-05-29
3014,40,Female,CN,2022-11-21
3015,61,Female,NZ,2022-12-22
3016,49,Other,NZ,2022-03-31
3017,28,Male,CN,2022-02-11
3018,39,Male,US,2022-12-31
3019,39,Female,UK,2023-11-02
3020,60,Other,CN,2022-07-21
3021,42,Other,AU,2023-01-01
3022,39,Female,CN,2024-03-04
3023,45,Male,NZ,2024-09-08
3024,46,Female,UK,2024-04-23
3025,30,Female,AU,2022-10-15
3026,35,Female,UK,2023-08-26
3027,19,Female,UK,2023-04-26
3028,46,Male,AU,2023-09-29
3029,38,Female,CN,2023-05-16
3030,32,Male,CN,2023-09-30
3031,69,Female,CN,2022-02-21
3032,44,Other,US,2024-07-04
3033,67,Male,CN,2022-04-13
3034,48,Other,AU,2022-12-27
3035,32,Female,US,2023-02-28
3036,68,Female,CN,2023-11-30
3037,40,Female,US,2022-07-24
3038,41,Male,AU,2022-01-14
3039,61,Other,CN,2024-07-28
3040,30,Male,NZ,2023-09-08
3041,39,Male,AU,2023-09-21
3042,60,Female,UK,2023-04-15
3043,54,Other,UK,2023-04-11
3044,50,Female,AU,2022-10-31
3045,20,Male,UK,2023-08-28
3046,36,Female,AU,2023-03-03
3047,40,Other,NZ,2023-10-18
3048,46,Female,AU,2022-04-20
3049,47,Other,CN,2023-11-06
3050,56,Other,CN,2023-07-19
3051,61,Female,US,2024-07-18
3052,64,Male,UK,2023-05-30
3053,42,Female,UK,2022-03-09
3054,54,Male,AU,2022-09-03
3055,64,Male,UK,2023-01-24
3056,25,Female,CN,2023-10-12
3057,59,Male,NZ,2022-11-04
3058,33,Male,AU,2024-07-13
3059,25,Female,UK,2022-12-18
3060,18,Female,CN,2024-03-09
3061,61,Female,US,2022-03-07
3062,22,Male,UK,2023-04-05
3063,20,Other,NZ,2022-12-13
3064,18,Male,NZ,2022-11-21
3065,21,Other,UK,2024-07-21
3066,57,Female,UK,2023-10-29
3067,52,Other,CN,2023-08-22
3068,49,Female,UK,2022-02-02
3069,59,Female,US,2022-03-09
3070,51,Other,CN,2022-07-06
3071,60,Female,AU,2022-07-11
3072,42,Other,US,2022-08-01
3073,27,Female,CN,2023-08-23
3074,38,Male,CN,2023-03-04
3075,63,Male,NZ,2022-12-17
3076,56,Female,CN,2022-04-18
3077,44,Female,US,2022-08-28
3078,44,Other,UK,2022-08-04
3079,19,Male,US,2022-06-26
3080,58,Other,AU,2023-07-19
3081,65,Female,CN,2022-11-26
3082,30,Female,CN,2023-07-15
3083,26,Other,CN,2024-05-30
3084,69,Female,CN,2023-09-18
3085,53,Male,NZ,2023-03-26
3086,39,Other,NZ,2023-08-30
3087,59,Male,UK,2023-03-23
3088,43,Male,CN,2023-06-21
3089,29,Male,AU,2023-10-06
3090,34,Other,UK,2022-06-28
3091,31,Female,CN,2023-01-30
3092,31,Male,NZ,2022-05-25
3093,51,Male,AU,2024-05-25
3094,37,Male,UK,2024-08-19
3095,28,Female,AU,2022-07-17
3096,33,Female,CN,2024-08-26
3097,68,Other,US,2024-04-16
3098,48,Female,AU,2022-03-25
3099,23,Other,AU,2023-10-31
3100,36,Other,NZ,2022-03-26
3101,54,Other,CN,2023-04-02
3102,21,Other,AU,2023-04-21
3103,64,Other,CN,2022-09-10
3104,21,Male,NZ,2024-06-05
3105,37,Female,CN,2022-03-13
3106,27,Male,NZ,2022-08-11
3107,41,Other,NZ,2022-10-03
3108,52,Female,UK,2024-03-05
3109,43,Male,CN,2024-02-15
3110,54,Male,US,2022-09-03
3111,55,Other,UK,2022-12-07
3112,38,Male,NZ,2023-07-27
3113,57,Male,US,2024-07-12
3114,56,Male,AU,2023-04-16
3115,38,Male,AU,2023-03-30
3116,27,Male,UK,2024-02-10
3117,55,Other,US,2024-08-22
3118,63,Other,CN,2024-08-26
3119,21,Male,US,2022-01-07
3120,62,Other,UK,2022-07-07
3121,37,Other,CN,2022-01-04
3122,34,Female,CN,2024-01-13
3123,24,Male,AU,2023-10-07
3124,21,Other,US,2024-06-25
3125,46,Other,CN,2022-05-05
3126,31,Male,UK,2022-01-15
3127,20,Female,AU,2024-08-17
3128,41,Male,CN,2024-09-20
3129,54,Female,US,2023-06-09
3130,33,Male,AU,2023-09-22
3131,69,Male,US,2022-08-28
3132,21,Male,US,2024-02-14
3133,41,Male,US,2022-12-26
3134,51,Female,AU,2023-06-02
3135,47,Female,CN,2024-08-09
3136,35,Other,NZ,2022-11-16
3137,36,Male,CN,2022-08-19
3138,48,Female,AU,2024-08-03
3139,36,Female,NZ,2022-01-30
3140,66,Female,NZ,2023-06-18
3141,63,Male,NZ,2024-07-09
3142,36,Other,UK,2022-06-05
3143,39,Female,AU,2023-09-22
3144,41,Male,UK,2024-05-01
3145,62,Female,NZ,2024-07-23
3146,29,Female,UK,2024-08-20
3147,47,Other,UK,2024-06-19
3148,55,Female,AU,2023-12-06
3149,48,Female,US,2023-02-03
3150,53,Male,UK,2022-12-12
3151,36,Male,UK,2022-07-14
3152,65,Other,NZ,2022-06-17
3153,62,Male,NZ,2023-01-12
3154,53,Male,NZ,2023-05-04
3155,47,Other,CN,2024-01-21
3156,66,Female,UK,2022-12-28
3157,50,Other,NZ,2023-04-27
3158,35,Male,AU,2022-09-01
3159,69,Other,CN,2023-08-04
3160,66,Female,US,2023-08-30
3161,45,Other,UK,2023-08-12
3162,64,Male,UK,2022-06-20
3163,28,Male,AU,2023-05-28
3164,62,Other,US,2023-02-10
3165,50,Female,US,2023-07-28
3166,34,Other,CN,2022-07-26
3167,23,Female,UK,2022-06-03
3168,21,Female,NZ,2024-02-25
3169,37,Other,AU,2022-02-17
3170,65,Female,AU,2023-10-11
3171,64,Male,AU,2022-01-01
3172,44,Other,AU,2024-01-17
3173,32,Female,NZ,2024-06-23
3174,23,Male,NZ,2024-02-07
3175,64,Other,CN,2023-02-11
3176,31,Male,UK,2022-04-17
3177,28,Male,NZ,2022-06-22
3178,56,Male,CN,2023-05-21
3179,26,Female,US,2022-05-10
3180,43,Other,UK,2023-02-02
3181,33,Other,NZ,2022-10-21
3182,22,Female,US,2023-07-06
3183,69,Other,CN,2023-03-23
3184,27,Male,NZ,2024-04-29
3185,67,Other,NZ,2022-01-16
3186,20,Female,US,2023-10-01
3187,30,Male,NZ,2024-06-03
3188,60,Female,AU,2022-12-15
3189,66,Male,NZ,2022-07-22
3190,47,Male,UK,2022-05-14
3191,62,Other,US,2024-02-10
3192,23,Male,UK,2023-06-10
3193,34,Female,CN,2023-05-23
3194,62,Other,UK,2022-03-07
3195,68,Female,AU,2023-04-25
3196,36,Male,AU,2024-05-12
3197,59,Female,UK,2023-04-04
3198,52,Female,CN,2022-12-08
3199,63,Male,NZ,2023-12-08
3200,43,Other,AU,2023-09-18
3201,68,Female,UK,2022-06-08
3202,22,Male,UK,2022-06-10
3203,46,Other,UK,2022-09-11
3204,54,Other,NZ,2024-09-10
3205,37,Other,US,2024-06-15
3206,66,Female,CN,2024-07-28
3207,38,Female,US,2023-06-11
3208,27,Female,CN,2023-07-03
3209,22,Other,CN,2022-06-04
3210,53,Female,UK,2023-05-01
3211,23,Male,AU,2023-03-08
3212,43,Female,UK,2022-01-27
3213,21,Female,NZ,2022-01-12
3214,56,Other,CN,2022-03-08
3215,56,Female,AU,2023-06-26
3216,67,Male,CN,2022-04-06
3217,52,Other,CN,2022-08-03
3218,18,Male,UK,2022-07-13
3219,41,Other,AU,2023-10-09
3220,53,Other,AU,2022-10-17
3221,23,Female,CN,2023-06-28
3222,58,Male,AU,2024-06-03
3223,63,Other,AU,2022-02-08
3224,61,Female,UK,2024-05-13
3225,48,Other,US,2024-07-27
3226,37,Other,NZ,2024-07-27
3227,41,Other,US,2022-07-25
3228,42,Other,AU,2024-06-17
3229,53,Other,CN,2024-07-30
3230,38,Other,NZ,2024-07-16
3231,47,Female,NZ,2023-07-09
3232,41,Other,CN,2023-04-29
3233,61,Male,NZ,2022-12-03
3234,59,Female,CN,2023-05-11
3235,47,Male,NZ,2024-02-10
3236,39,Other,US,2022-09-06
3237,45,Male,NZ,2022-03-15
3238,24,Other,UK,2023-01-08
3239,52,Other,CN,2024-04-10
3240,45,Female,NZ,2024-05-28
3241,31,Female,CN,2024-03-18
3242,27,Other,UK,2024-02-25
3243,33,Female,NZ,2024-04-14
3244,33,Male,NZ,2024-05-20
3245,48,Female,UK,2023-12-03
3246,59,Female,UK,2022-05-18
3247,42,Male,UK,2024-08-05
3248,30,Female,CN,2023-04-02
3249,23,Other,UK,2024-03-24
3250,61,Male,CN,2024-04-02
3251,26,Other,US,2024-07-30
3252,62,Male,NZ,2024-04-22
3253,53,Other,NZ,2023-03-20
3254,60,Other,AU,2022-12-19
3255,37,Female,US,2024-09-22
3256,35,Other,UK,2024-03-04
3257,60,Female,UK,2023-02-15
3258,38,Male,US,2023-11-09
3259,21,Other,UK,2024-02-29
3260,67,Other,AU,2023-06-22
3261,50,Male,CN,2024-09-08
3262,44,Male,NZ,2023-03-29
3263,24,Other,US,2023-02-23
3264,23,Male,NZ,2023-03-26
3265,32,Female,CN,2024-09-21
3266,35,Male,US,2023-08-08
3267,49,Male,CN,2022-04-25
3268,28,Other,UK,2022-02-20
3269,37,Female,UK,2023-01-04
3270,41,Male,UK,2024-07-02
3271,32,Female,CN,2023-11-14
3272,65,Female,CN,2024-02-19
3273,24,Female,CN,2023-05-30
3274,38,Other,NZ,2022-07-29
3275,59,Male,CN,2024-06-06
3276,43,Other,UK,2024-09-24
3277,61,Male,AU,2024-06-21
3278,31,Male,CN,2024-09-19
3279,54,Other,AU,2024-06-20
3280,38,Female,UK,2024-04-29
3281,35,Female,CN,2024-03-23
3282,22,Male,NZ,2024-06-13
3283,20,Other,NZ,2024-05-03
3284,40,Female,AU,2023-09-19
3285,43,Female,NZ,2023-11-10
3286,54,Male,NZ,2023-03-11
3287,41,Male,NZ,2024-02-16
3288,66,Other,UK,2022-08-15
3289,36,Male,NZ,2023-10-25
3290,68,Female,US,2022-09-25
3291,42,Female,CN,2022-04-26
3292,38,Female,NZ,2023-08-23
3293,29,Female,NZ,2024-04-09
3294,58,Other,NZ,2024-01-24
3295,50,Other,US,2022-12-26
3296,67,Male,NZ,2022-11-25
3297,21,Male,NZ,2024-04-24
3298,59,Male,CN,2022-02-09
3299,24,Other,US,2022-07-01
3300,39,Female,US,2023-05-05
3301,50,Male,NZ,2022-07-28
3302,34,Female,US,2024-06-21
3303,41,Male,AU,2022-09-30
3304,51,Male,US,2022-04-29
3305,45,Male,US,2023-01-17
3306,60,Male,US,2024-08-03
3307,58,Male,UK,2023-06-20
3308,56,Female,UK,2022-09-15
3309,39,Male,UK,2023-04-28
3310,66,Female,US,2023-05-24
3311,34,Other,AU,2022-04-02
3312,51,Male,US,2024-09-05
3313,23,Female,NZ,2022-06-10
3314,63,Other,AU,2022-05-29
3315,23,Other,UK,2022-04-27
3316,51,Other,CN,2023-04-03
3317,18,Female,AU,2023-07-19
3318,27,Male,UK,2024-03-24
3319,38,Male,AU,2022-02-14
3320,22,Female,AU,2024-02-16
3321,19,Male,US,2024-09-24
3322,39,Female,NZ,2024-02-13
3323,65,Male,CN,2024-03-29
3324,19,Other,UK,2022-08-22
3325,27,Male,AU,2023-01-10
3326,51,Female,CN,2023-07-01
3327,33,Female,AU,2024-04-29
3328,65,Other,NZ,2024-08-06
3329,68,Female,CN,2024-07-03
3330,56,Male,UK,2022-07-16
3331,39,Male,AU,2022-01-25
3332,29,Other,NZ,2023-01-30
3333,41,Female,CN,2023-12-15
3334,64,Other,AU,2024-02-24
3335,57,Male,AU,2022-02-05
3336,55,Other,UK,2023-04-19
3337,27,Female,NZ,2022-08-11
3338,52,Other,US,2024-05-13
3339,68,Female,AU,2024-02-28
3340,66,Female,CN,2023-06-14
3341,49,Male,UK,2022-07-07
3342,24,Male,UK,2023-02-06
3343,38,Male,AU,2022-09-14
3344,37,Female,AU,2023-10-16
3345,43,Other,AU,2022-05-16
3346,21,Female,US,2024-08-19
3347,63,Male,AU,2024-03-29
3348,69,Male,NZ,2023-08-14
3349,39,Other,CN,2023-03-20
3350,32,Male,AU,2023-02-22
3351,57,Male,US,2022-10-19
3352,38,Male,CN,2023-07-28
3353,32,Other,UK,2022-05-09
3354,39,Female,AU,2022-12-07
3355,69,Male,CN,2024-03-20
3356,45,Other,UK,2022-09-14
3357,31,Male,US,2024-09-18
3358,44,Other,NZ,2023-12-25
3359,58,Male,AU,2023-07-20
3360,57,Other,NZ,2023-11-18
3361,45,Male,US,2022-04-10
3362,43,Female,CN,2022-02-08
3363,66,Male,CN,2024-07-14
3364,19,Other,US,2022-09-20
3365,42,Male,US,2022-05-30
3366,20,Female,AU,2023-09-25
3367,25,Male,UK,2023-11-21
3368,61,Other,NZ,2024-03-23
3369,50,Other,NZ,2022-11-26
3370,59,Female,CN,2022-04-30
3371,69,Other,CN,2023-08-07
3372,52,Male,AU,2022-08-07
3373,23,Male,US,2024-06-24
3374,56,Male,NZ,2024-06-28
3375,69,Other,AU,2024-03-24
3376,40,Male,CN,2022-05-03
3377,42,Male,CN,2022-09-01
3378,67,Male,NZ,2024-06-04
3379,60,Female,CN,2023-08-10
3380,36,Other,CN,2023-06-02
3381,22,Other,UK,2022-01-21
3382,68,Other,US,2022-07-09
3383,28,Female,CN,2022-08-13
3384,29,Other,UK,2024-07-03
3385,27,Female,AU,2023-09-07
3386,25,Female,CN,2024-05-05
3387,41,Other,AU,2023-04-11
3388,45,Male,CN,2022-04-09
3389,58,Male,NZ,2024-04-09
3390,53,Other,UK,2022-12-29
3391,54,Other,UK,2024-09-23
3392,38,Female,NZ,2022-03-24
3393,25,Other,US,2023-11-24
3394,26,Female,UK,2023-10-26
3395,64,Other,AU,2022-02-25
3396,32,Male,UK,2023-12-03
3397,65,Male,US,2024-07-18
3398,63,Other,AU,2022-01-22
3399,57,Female,AU,2023-08-03
3400,35,Male,NZ,2022-07-04
3401,59,Female,CN,2023-06-06
3402,37,Other,NZ,2023-08-01
3403,23,Other,CN,2022-09-21
3404,29,Male,NZ,2022-08-13
3405,19,Other,CN,2023-09-27
3406,24,Male,UK,2022-02-07
3407,33,Female,AU,2022-05-03
3408,20,Male,CN,2024-04-09
3409,62,Male,UK,2022-06-05
3410,20,Female,US,2024-06-24
3411,44,Male,NZ,2022-10-28
3412,67,Male,US,2024-04-12
3413,60,Other,UK,2024-09-20
3414,57,Female,US,2022-03-08
3415,55,Male,US,2024-06-23
3416,50,Female,UK,2023-10-07
3417,45,Female,AU,2024-05-23
3418,18,Male,CN,2023-01-29
3419,25,Other,NZ,2023-10-14
3420,54,Female,CN,2023-08-17
3421,49,Male,NZ,2023-07-24
3422,65,Female,CN,2023-10-23
3423,60,Other,US,2023-02-09
3424,54,Other,AU,2023-03-25
3425,21,Other,US,2022-05-11
3426,47,Male,AU,2022-03-10
3427,23,Male,UK,2022-12-11
3428,63,Other,NZ,2024-02-01
3429,36,Male,NZ,2022-11-16
3430,49,Other,UK,2022-06-26
3431,26,Male,CN,2023-08-07
3432,29,Other,UK,2023-06-13
3433,28,Female,UK,2024-04-20
3434,63,Other,AU,2022-06-09
3435,33,Other,UK,2023-08-05
3436,18,Male,NZ,2023-09-17
3437,62,Male,US,2024-01-14
3438,38,Male,AU,2023-06-17
3439,47,Male,AU,2022-05-15
3440,30,Male,CN,2024-02-14
3441,51,Male,US,2022-04-21
3442,21,Female,AU,2024-09-25
3443,45,Other,UK,2024-01-28
3444,55,Other,AU,2022-10-10
3445,48,Other,AU,2023-06-04
3446,44,Female,AU,2024-08-26
3447,22,Other,CN,2024-03-06
3448,42,Female,AU,2023-12-20
3449,20,Female,AU,2022-07-13
3450,50,Female,CN,2024-08-24
3451,21,Other,US,2022-02-16
3452,42,Female,NZ,2024-09-04
3453,37,Other,CN,2022-12-08
3454,51,Other,CN,2022-08-30
3455,43,Male,AU,2023-06-06
3456,22,Male,AU,2023-01-05
3457,52,Female,NZ,2024-03-11
3458,45,Female,AU,2024-06-21
3459,46,Other,UK,2022-05-11
3460,26,Female,AU,2022-09-27
3461,69,Female,AU,2024-07-28
3462,55,Other,UK,2024-03-24
3463,67,Female,NZ,2022-03-02
3464,23,Female,UK,2022-06-13
3465,36,Other,CN,2023-06-09
3466,61,Other,UK,2022-09-29
3467,28,Male,US,2023-12-21
3468,19,Other,CN,2024-01-28
3469,64,Male,AU,2022-05-13
3470,61,Female,CN,2022-09-01
3471,61,Other,NZ,2024-09-11
3472,26,Other,NZ,2024-03-16
3473,38,Other,UK,2024-09-24
3474,41,Female,CN,2023-03-10
3475,51,Male,AU,2022-02-07
3476,39,Female,NZ,2024-05-20
3477,20,Female,AU,2023-07-22
3478,29,Other,US,2022-11-15
3479,45,Male,NZ,2023-05-25
3480,47,Female,UK,2023-01-11
3481,43,Other,US,2023-07-14
3482,65,Female,CN,2023-09-09
3483,38,Female,AU,2023-04-19
3484,45,Other,NZ,2022-02-28
3485,43,Other,US,2023-08-12
3486,50,Male,US,2024-07-28
3487,38,Female,NZ,2023-05-14
3488,52,Other,CN,2022-08-06
3489,69,Other,CN,2024-06-13
3490,51,Male,UK,2023-07-21
3491,58,Male,CN,2023-07-21
3492,68,Other,UK,2022-05-09
3493,64,Male,US,2024-06-22
3494,35,Other,NZ,2023-01-18
3495,28,Female,CN,2023-01-23
3496,40,Male,UK,2022-03-26
3497,65,Female,US,2023-05-25
3498,39,Female,CN,2023-12-27
3499,34,Female,AU,2023-09-19
3500,22,Other,US,2023-03-13
3501,61,Female,CN,2024-04-05
3502,28,Female,US,2022-10-20
3503,47,Female,NZ,2022-02-18
3504,32,Other,NZ,2022-03-08
3505,44,Female,NZ,2024-02-26
3506,52,Female,AU,2022-05-09
3507,50,Male,NZ,2022-01-29
3508,37,Other,AU,2022-12-09
3509,33,Female,NZ,2023-06-29
3510,51,Male,US,2022-04-29
3511,19,Other,CN,2023-11-23
3512,52,Other,CN,2024-07-25
3513,57,Other,NZ,2023-10-25
3514,45,Other,CN,2022-05-13
3515,64,Other,NZ,2022-11-23
3516,56,Other,NZ,2022-07-04
3517,23,Female,UK,2023-05-21
3518,26,Female,UK,2023-10-08
3519,37,Female,UK,2023-11-20
3520,18,Female,AU,2023-06-18
3521,25,Male,UK,2022-08-29
3522,40,Female,NZ,2023-08-12
3523,20,Other,US,2023-12-17
3524,21,Female,UK,2023-05-31
3525,42,Female,UK,2024-04-19
3526,64,Other,US,2024-08-17
3527,55,Female,NZ,2022-06-14
3528,32,Female,AU,2024-07-15
3529,38,Female,UK,2024-07-21
3530,52,Male,US,2023-10-02
3531,63,Female,NZ,2023-07-11
3532,69,Other,CN,2022-08-06
3533,31,Other,AU,2024-01-17
3534,53,Female,US,2023-10-10
3535,29,Female,US,2023-11-11
3536,34,Female,US,2024-09-19
3537,56,Other,UK,2024-01-19
3538,26,Other,CN,2023-08-28
3539,52,Male,AU,2022-01-05
3540,30,Male,NZ,2023-10-30
3541,32,Male,NZ,2024-01-27
3542,35,Other,CN,2024-05-21
3543,68,Male,US,2022-03-22
3544,50,Female,US,2022-09-04
3545,23,Female,US,2024-05-04
3546,44,Other,US,2023-05-08
3547,40,Male,US,2023-10-11
3548,44,Female,CN,2023-01-21
3549,51,Other,UK,2023-07-29
3550,63,Male,AU,2024-09-18
3551,55,Female,US,2022-11-03
3552,31,Male,UK,2023-09-20
3553,53,Other,NZ,2023-09-17
3554,25,Male,CN,2023-06-27
3555,52,Other,UK,2022-01-07
3556,36,Male,US,2024-07-14
3557,47,Female,US,2024-08-11
3558,31,Other,US,2023-05-30
3559,37,Other,UK,2024-03-29
3560,66,Other,US,2024-01-25
3561,42,Male,UK,2023-07-22
3562,57,Male,US,2022-03-14
3563,41,Female,NZ,2022-01-10
3564,31,Other,NZ,2023-07-27
3565,43,Other,AU,2023-07-16
3566,55,Male,US,2022-05-02
3567,40,Male,US,2023-11-18
3568,39,Female,UK,2024-09-12
3569,65,Female,UK,2023-05-28
3570,36,Male,US,2024-09-16
3571,63,Other,AU,2023-03-17
3572,68,Female,US,2022-02-07
3573,20,Male,UK,2023-12-03
3574,59,Male,US,2023-08-14
3575,36,Other,UK,2022-12-11
3576,26,Male,US,2024-08-23
3577,45,Male,CN,2022-12-04
3578,37,Female,UK,2024-08-18
3579,62,Male,AU,2023-12-03
3580,24,Male,CN,2022-07-03
3581,31,Female,US,2022-03-08
3582,26,Other,UK,2022-01-17
3583,36,Other,CN,2023-01-18
3584,64,Female,AU,2023-01-03
3585,69,Female,UK,2024-06-22
3586,31,Other,CN,2022-11-12
3587,55,Other,CN,2023-05-12
3588,53,Other,CN,2024-03-18
3589,57,Other,NZ,2023-12-22
3590,34,Other,US,2022-12-11
3591,47,Female,UK,2024-08-15
3592,26,Male,UK,2023-07-07
3593,50,Other,UK,2024-06-26
3594,69,Other,CN,2024-09-15
3595,42,Male,US,2023-04-18
3596,31,Male,AU,2022-04-25
3597,28,Male,UK,2022-04-10
3598,52,Male,US,2024-06-03
3599,58,Male,US,2023-03-14
3600,31,Male,NZ,2022-12-11
3601,47,Female,UK,2022-12-15
3602,58,Male,CN,2022-05-19
3603,21,Male,US,2024-04-07
3604,21,Female,US,2022-11-20
3605,45,Male,AU,2024-04-25
3606,25,Other,NZ,2022-10-29
3607,19,Other,US,2022-10-21
3608,58,Male,US,2024-08-14
3609,63,Female,CN,2023-06-13
3610,39,Other,CN,2024-04-13
3611,58,Female,AU,2024-08-25
3612,33,Other,AU,2022-10-19
3613,46,Male,AU,2022-03-15
3614,66,Female,CN,2024-02-14
3615,65,Female,CN,2023-04-29
3616,47,Female,NZ,2022-01-16
3617,29,Other,UK,2023-06-10
3618,52,Other,UK,2022-12-02
3619,28,Other,NZ,2024-03-03
3620,63,Male,UK,2024-05-22
3621,67,Other,CN,2023-05-31
3622,38,Male,UK,2024-07-13
3623,38,Female,CN,2022-05-07
3624,22,Female,NZ,2024-04-03
3625,65,Male,AU,2023-06-02
3626,37,Other,NZ,2022-05-09
3627,54,Male,UK,2023-05-26
3628,20,Female,CN,2023-02-27
3629,61,Female,UK,2023-01-20
3630,50,Male,UK,2024-06-01
3631,26,Other,AU,2022-08-20
3632,26,Other,UK,2024-08-16
3633,21,Male,AU,2024-04-04
3634,52,Male,CN,2022-07-14
3635,34,Other,CN,2022-03-06
3636,51,Female,AU,2024-04-12
3637,41,Male,NZ,2023-09-07
3638,49,Other,CN,2022-10-04
3639,18,Other,NZ,2023-11-01
3640,25,Female,CN,2022-08-12
3641,62,Female,CN,2024-03-11
3642,40,Female,US,2024-08-01
3643,64,Female,UK,2022-10-05
3644,57,Female,UK,2024-09-16
3645,29,Male,NZ,2023-11-25
3646,29,Other,UK,2023-01-01
3647,63,Male,NZ,2023-05-31
3648,64,Male,CN,2022-08-03
3649,32,Male,US,2023-03-15
3650,58,Male,US,2023-03-04
3651,36,Male,CN,2023-12-30
3652,43,Female,AU,2023-01-31
3653,69,Female,AU,2022-07-28
3654,46,Other,UK,2023-05-16
3655,39,Male,NZ,2023-04-08
3656,57,Other,US,2023-08-09
3657,38,Female,UK,2022-08-15
3658,68,Female,CN,2023-01-10
3659,55,Female,US,2023-05-15
3660,37,Male,NZ,2024-08-05
3661,46,Male,NZ,2022-04-03
3662,68,Female,AU,2023-04-05
3663,21,Other,UK,2023-07-31
3664,24,Other,CN,2022-11-17
3665,45,Female,US,2022-01-10
3666,45,Other,NZ,2024-07-02
3667,21,Female,US,2022-10-30
3668,39,Other,CN,2022-11-18
3669,29,Female,US,2024-03-27
3670,62,Other,UK,2023-04-01
3671,20,Male,AU,2022-10-05
3672,39,Female,US,2023-08-21
3673,61,Female,AU,2023-06-22
3674,19,Other,CN,2023-12-31
3675,41,Female,AU,2023-01-28
3676,51,Female,US,2024-07-05
3677,44,Female,US,2022-04-05
3678,58,Male,NZ,2024-01-26
3679,18,Male,US,2024-08-16
3680,25,Other,AU,2022-04-17
3681,40,Male,NZ,2023-01-25
3682,55,Other,US,2024-01-30
3683,23,Male,US,2023-06-10
3684,39,Other,CN,2023-11-04
3685,42,Male,NZ,2022-03-12
3686,35,Male,CN,2023-10-26
3687,34,Other,CN,2024-08-26
3688,29,Female,CN,2023-08-10
3689,23,Female,UK,2023-01-11
3690,43,Male,CN,2023-12-28
3691,44,Other,AU,2023-01-03
3692,25,Female,US,2022-02-20
3693,36,Other,UK,2024-06-16
3694,59,Female,CN,2022-05-23
3695,18,Other,US,2023-02-23
3696,46,Male,NZ,2023-07-02
3697,62,Other,NZ,2023-05-15
3698,66,Female,US,2024-06-04
3699,52,Male,AU,2024-09-14
3700,57,Other,US,2022-06-16
3701,31,Female,US,2024-01-18
3702,52,Male,UK,2022-09-17
3703,65,Other,NZ,2022-07-11
3704,62,Female,NZ,2022-07-21
3705,37,Other,CN,2024-02-13
3706,66,Other,US,2022-07-04
3707,30,Male,US,2022-06-07
3708,55,Male,AU,2024-01-28
3709,66,Female,NZ,2023-09-14
3710,63,Male,AU,2022-04-09
3711,66,Female,UK,2022-08-29
3712,25,Other,CN,2023-05-06
3713,60,Other,AU,2022-07-21
3714,37,Female,NZ,2023-09-26
3715,50,Other,UK,2023-05-24
3716,43,Male,US,2023-09-21
3717,56,Other,UK,2022-04-06
3718,38,Male,AU,2024-01-16
3719,66,Female,NZ,2023-05-05
3720,59,Female,AU,2023-08-02
3721,60,Other,US,2024-06-06
3722,58,Other,US,2022-08-06
3723,26,Male,NZ,2023-06-11
3724,41,Male,CN,2022-09-30
3725,54,Other,UK,2022-08-07
3726,66,Other,UK,2024-02-25
3727,58,Female,US,2024-06-01
3728,34,Female,AU,2023-10-21
3729,41,Female,AU,2022-11-28
3730,38,Other,CN,2024-05-05
3731,68,Other,AU,2023-03-29
3732,56,Other,UK,2022-06-01
3733,58,Female,AU,2022-12-13
3734,56,Other,CN,2024-03-26
3735,30,Male,UK,2023-02-18
3736,28,Other,AU,2023-06-11
3737,63,Other,UK,2023-03-07
3738,36,Other,US,2023-01-14
3739,28,Other,US,2024-09-24
3740,30,Other,US,2024-06-13
3741,63,Male,AU,2023-03-04
3742,62,Male,CN,2024-05-15
3743,18,Other,UK,2024-07-11
3744,57,Female,NZ,2022-03-25
3745,61,Other,US,2022-07-11
3746,36,Other,US,2022-02-10
3747,29,Other,NZ,2024-05-13
3748,25,Female,NZ,2024-04-15
3749,25,Female,AU,2024-02-12
3750,62,Female,UK,2022-11-05
3751,29,Male,US,2023-01-13
3752,65,Female,CN,2022-05-16
3753,50,Male,AU,2024-02-29
3754,62,Male,AU,2022-04-16
3755,43,Female,CN,2023-06-03
3756,56,Female,CN,2024-07-06
3757,45,Female,CN,2024-03-24
3758,22,Male,NZ,2023-06-26
3759,25,Other,US,2022-05-06
3760,42,Female,NZ,2022-12-23
3761,44,Female,US,2023-02-04
3762,63,Female,NZ,2022-03-20
3763,40,Male,UK,2023-01-24
3764,47,Male,US,2023-08-02
3765,62,Other,AU,2023-06-19
3766,64,Female,US,2023-12-02
3767,40,Male,US,2022-03-15
3768,66,Other,US,2022-01-05
3769,64,Female,UK,2024-07-07
3770,37,Male,NZ,2023-04-08
3771,35,Female,AU,2022-03-23
3772,35,Female,NZ,2023-06-21
3773,19,Male,NZ,2024-02-15
3774,21,Male,CN,2024-09-17
3775,47,Male,UK,2023-02-09
3776,50,Female,CN,2023-05-29
3777,53,Female,UK,2022-10-05
3778,35,Other,NZ,2024-04-19
3779,54,Female,NZ,2024-05-04
3780,36,Male,UK,2022-08-12
3781,64,Female,NZ,2023-08-07
3782,45,Other,NZ,2022-03-09
3783,57,Other,AU,2022-11-16
3784,37,Male,CN,2023-08-29
3785,66,Male,CN,2022-01-19
3786,50,Other,CN,2023-10-02
3787,29,Other,US,2022-12-09
3788,68,Other,AU,2023-08-17
3789,32,Male,CN,2024-02-05
3790,58,Other,CN,2024-08-06
3791,56,Other,AU,2024-01-03
3792,19,Male,NZ,2022-12-09
3793,46,Female,CN,2022-04-07
3794,58,Female,NZ,2022-02-21
3795,27,Other,CN,2022-06-24
3796,19,Female,UK,2022-12-04
3797,68,Female,US,2023-11-25
3798,28,Female,CN,2024-07-28
3799,30,Female,UK,2022-12-19
3800,27,Other,AU,2023-01-26
3801,31,Female,UK,2022-04-25
3802,35,Female,AU,2022-12-14
3803,68,Male,CN,2022-01-01
3804,26,Other,AU,2022-03-04
3805,56,Male,UK,2024-01-30
3806,45,Male,US,2024-01-13
3807,20,Other,NZ,2022-08-14
3808,37,Female,NZ,2023-02-27
3809,23,Male,US,2022-01-19
3810,44,Other,NZ,2022-01-31
3811,19,Female,CN,2024-04-24
3812,46,Other,CN,2023-09-25
3813,55,Male,UK,2022-01-24
3814,20,Female,UK,2024-04-16
3815,33,Female,AU,2024-09-09
3816,47,Other,UK,2022-07-30
3817,57,Female,CN,2024-08-18
3818,19,Male,UK,2022-06-10
3819,34,Male,NZ,2022-09-12
3820,58,Male,AU,2023-07-25
3821,29,Other,AU,2022-04-24
3822,52,Female,CN,2023-05-19
3823,60,Female,UK,2024-07-17
3824,18,Female,NZ,2023-11-03
3825,62,Male,UK,2024-08-12
3826,32,Female,US,2022-08-08
3827,43,Male,UK,2022-12-23
3828,54,Female,CN,2022-06-18
3829,38,Male,UK,2023-06-08
3830,66,Female,AU,2024-08-26
3831,48,Other,NZ,2022-08-30
3832,42,Other,CN,2023-01-10
3833,40,Male,US,2022-05-19
3834,41,Male,NZ,2022-04-07
3835,55,Female,NZ,2022-05-27
3836,45,Female,AU,2022-07-01
3837,38,Other,AU,2022-02-26
3838,60,Female,AU,2022-02-11
3839,35,Male,CN,2024-05-15
3840,53,Male,UK,2023-12-12
3841,52,Male,NZ,2023-06-27
3842,62,Male,UK,2023-11-23
3843,26,Male,UK,2022-01-02
3844,55,Other,AU,2024-09-05
3845,47,Other,UK,2024-07-22
3846,61,Male,NZ,2022-10-15
3847,51,Female,NZ,2022-05-18
3848,49,Male,US,2023-09-09
3849,20,Other,CN,2023-05-27
3850,20,Male,UK,2024-06-22
3851,45,Other,CN,2023-12-31
3852,61,Other,CN,2022-08-10
3853,32,Male,CN,2022-11-27
3854,58,Male,CN,2023-09-09
3855,40,Female,NZ,2023-02-08
3856,57,Other,UK,2023-05-23
3857,28,Female,US,2024-07-04
3858,65,Male,CN,2022-05-07
3859,49,Other,US,2022-09-22
3860,53,Female,NZ,2023-12-13
3861,50,Female,NZ,2024-02-03
3862,41,Female,AU,2022-01-15
3863,56,Male,CN,2022-08-14
3864,51,Male,AU,2024-09-10
3865,45,Male,US,2024-05-14
3866,54,Other,UK,2022-04-15
3867,24,Male,AU,2024-01-15
3868,21,Other,NZ,2023-05-08
3869,54,Female,CN,2022-11-15
3870,18,Female,US,2024-09-26
3871,18,Male,NZ,2022-08-07
3872,64,Female,UK,2022-10-04
3873,37,Male,CN,2024-02-12
3874,36,Other,UK,2024-06-11
3875,46,Female,UK,2024-07-19
3876,27,Male,CN,2022-12-07
3877,35,Female,CN,2023-03-28
3878,45,Female,UK,2023-01-04
3879,52,Male,US,2024-08-01
3880,60,Female,CN,2024-04-27
3881,64,Female,NZ,2024-09-17
3882,48,Female,AU,2023-04-19
3883,44,Female,US,2022-07-09
3884,28,Other,CN,2024-06-02
3885,66,Female,CN,2023-02-23
3886,66,Female,US,2023-12-11
3887,55,Male,AU,2024-05-14
3888,22,Other,UK,2024-02-28
3889,25,Male,NZ,2024-04-27
3890,51,Male,CN,2023-05-10
3891,65,Male,AU,2022-02-08
3892,69,Other,NZ,2022-06-11
3893,29,Male,US,2022-05-01
3894,55,Male,CN,2024-06-10
3895,18,Male,UK,2023-02-03
3896,48,Female,US,2022-09-19
3897,21,Male,CN,2024-08-19
3898,66,Other,AU,2023-12-29
3899,62,Other,NZ,2024-04-03
3900,67,Female,NZ,2023-07-15
3901,22,Other,CN,2023-08-27
3902,47,Other,US,2022-05-09
3903,41,Female,UK,2024-04-12
3904,20,Male,AU,2023-06-24
3905,28,Female,CN,2022-12-22
3906,62,Male,AU,2023-10-22
3907,21,Male,NZ,2023-03-08
3908,43,Other,UK,2024-04-19
3909,44,Female,AU,2022-03-06
3910,63,Other,CN,2022-08-06
3911,60,Other,UK,2023-07-17
3912,44,Male,US,2023-03-03
3913,59,Other,CN,2024-03-27
3914,68,Female,AU,2024-07-09
3915,67,Other,UK,2022-03-15
3916,23,Other,CN,2023-04-05
3917,32,Male,UK,2023-03-01
3918,47,Female,UK,2023-12-12
3919,59,Other,UK,2022-07-11
3920,54,Male,AU,2022-07-08
3921,54,Other,CN,2022-01-12
3922,59,Female,NZ,2022-08-27
3923,54,Other,NZ,2024-05-21
3924,52,Other,AU,2023-08-16
3925,40,Male,AU,2023-03-29
3926,23,Other,UK,2023-01-18
3927,21,Male,CN,2024-02-21
3928,35,Female,CN,2024-03-12
3929,26,Other,US,2022-02-17
3930,66,Female,US,2022-11-13
3931,46,Female,NZ,2022-07-28
3932,30,Other,US,2023-07-01
3933,64,Male,US,2022-04-29
3934,69,Female,NZ,2023-07-31
3935,34,Female,NZ,2022-11-11
3936,62,Other,US,2024-01-24
3937,49,Other,CN,2022-02-05
3938,65,Other,US,2023-04-08
3939,39,Other,UK,2024-02-03
3940,21,Other,UK,2024-07-03
3941,22,Other,UK,2024-01-25
3942,54,Male,AU,2023-07-08
3943,58,Female,UK,2023-08-04
3944,66,Male,CN,2023-02-07
3945,30,Male,AU,2022-04-17
3946,51,Other,AU,2022-02-08
3947,62,Female,UK,2023-08-04
3948,39,Male,US,2022-06-29
3949,40,Other,NZ,2022-01-12
3950,68,Other,US,2022-12-05
3951,20,Female,US,2024-07-31
3952,59,Male,AU,2023-12-17
3953,51,Male,AU,2023-07-02
3954,49,Male,AU,2022-05-06
3955,62,Other,CN,2022-03-04
3956,68,Female,CN,2024-04-23
3957,66,Female,NZ,2022-03-23
3958,38,Male,AU,2024-03-29
3959,63,Other,UK,2022-10-26
3960,61,Male,AU,2022-02-03
3961,38,Female,CN,2024-01-22
3962,61,Other,AU,2023-09-01
3963,28,Male,CN,2022-02-18
3964,56,Male,AU,2023-10-20
3965,21,Other,UK,2023-09-29
3966,68,Female,NZ,2023-12-02
3967,18,Other,UK,2022-02-26
3968,45,Male,CN,2024-05-10
3969,41,Male,US,2022-04-19
3970,52,Male,UK,2023-06-01
3971,30,Male,AU,2024-09-11
3972,64,Female,NZ,2022-01-24
3973,51,Female,AU,2022-08-09
3974,28,Male,AU,2024-08-17
3975,53,Female,UK,2022-11-11
3976,68,Female,NZ,2022-10-21
3977,34,Female,US,2024-07-17
3978,52,Male,AU,2022-01-10
3979,35,Other,NZ,2023-11-08
3980,57,Other,US,2023-04-26
3981,39,Other,AU,2023-12-28
3982,41,Male,NZ,2023-09-30
3983,36,Female,UK,2022-09-24
3984,54,Female,AU,2024-03-02
3985,56,Male,AU,2022-03-29
3986,38,Male,NZ,2023-03-31
3987,25,Other,AU,2023-09-18
3988,45,Other,US,2023-06-17
3989,22,Male,AU,2022-05-28
3990,34,Other,CN,2024-01-27
3991,54,Female,US,2024-02-17
3992,53,Male,NZ,2023-12-30
3993,36,Male,US,2023-03-07
3994,44,Female,CN,2024-09-22
3995,51,Female,CN,2024-01-22
3996,28,Female,AU,2024-07-31
3997,62,Other,AU,2024-06-29
3998,64,Male,UK,2024-07-28
3999,29,Other,US,2024-01-14
4000,38,Female,UK,2024-01-14
4001,28,Other,CN,2022-08-30
4002,56,Female,AU,2023-12-03
4003,45,Other,AU,2024-06-20
4004,22,Other,AU,2024-01-11
4005,34,Female,NZ,2022-03-07
4006,37,Other,CN,2024-08-29
4007,58,Male,AU,2023-01-13
4008,63,Other,CN,2023-01-23
4009,29,Other,AU,2024-03-01
4010,23,Male,US,2024-02-20
4011,34,Female,CN,2022-07-28
4012,68,Male,UK,2023-02-19
4013,36,Other,NZ,2022-01-16
4014,43,Female,UK,2022-10-24
4015,65,Other,CN,2024-09-12
4016,61,Other,AU,2022-08-08
4017,61,Male,CN,2024-02-08
4018,69,Male,NZ,2023-01-02
4019,49,Female,CN,2024-02-19
4020,23,Female,AU,2022-08-17
4021,53,Female,UK,2023-09-23
4022,55,Other,US,2023-03-16
4023,28,Male,UK,2023-11-21
4024,50,Male,AU,2023-06-16
4025,41,Male,AU,2023-03-26
4026,40,Female,NZ,2022-02-05
4027,32,Male,CN,2024-04-26
4028,44,Male,CN,2023-02-26
4029,28,Male,UK,2024-07-06
4030,68,Female,US,2023-09-12
4031,67,Male,US,2022-07-08
4032,34,Female,NZ,2022-06-27
4033,68,Male,AU,2023-08-31
4034,31,Male,NZ,2022-11-11
4035,44,Male,CN,2022-01-20
4036,35,Female,AU,2023-11-07
4037,45,Female,NZ,2023-01-17
4038,68,Male,UK,2023-09-01
4039,64,Other,CN,2022-05-23
4040,64,Female,US,2022-03-03
4041,21,Female,NZ,2022-08-30
4042,24,Male,CN,2022-08-26
4043,62,Other,CN,2022-05-11
4044,52,Male,US,2023-08-28
4045,65,Female,US,2023-08-26
4046,26,Female,US,2023-10-07
4047,25,Male,NZ,2022-05-03
4048,69,Male,US,2023-03-16
4049,62,Other,UK,2024-07-15
4050,34,Other,CN,2022-12-08
4051,34,Female,US,2023-02-23
4052,66,Other,CN,2023-09-22
4053,50,Other,AU,2023-03-31
4054,49,Female,AU,2022-07-17
4055,25,Female,US,2022-10-09
4056,36,Female,CN,2024-06-04
4057,55,Female,AU,2022-01-01
4058,20,Male,US,2023-12-24
4059,22,Female,CN,2024-02-14
4060,30,Female,US,2024-07-20
4061,64,Female,CN,2022-11-28
4062,63,Other,AU,2022-07-31
4063,48,Female,US,2022-03-28
4064,33,Male,AU,2023-10-27
4065,67,Male,US,2024-05-11
4066,49,Female,NZ,2023-11-30
4067,39,Male,AU,2022-03-02
4068,46,Other,AU,2024-03-07
4069,39,Female,UK,2022-04-05
4070,60,Male,AU,2024-02-25
4071,20,Male,CN,2023-07-07
4072,27,Female,US,2022-05-27
4073,59,Male,NZ,2022-09-03
4074,38,Female,CN,2023-10-06
4075,33,Male,CN,2024-08-18
4076,29,Other,CN,2022-10-24
4077,19,Male,CN,2022-05-03
4078,58,Male,NZ,2023-10-17
4079,41,Female,UK,2023-11-25
4080,52,Male,AU,2023-12-05
4081,47,Female,CN,2023-04-01
4082,47,Other,AU,2023-02-03
4083,64,Female,AU,2023-12-20
4084,52,Female,CN,2024-08-03
4085,36,Male,UK,2022-08-19
4086,67,Other,AU,2023-06-18
4087,25,Female,US,2023-02-06
4088,43,Male,AU,2023-08-15
4089,66,Male,CN,2022-05-10
4090,57,Female,NZ,2022-10-19
4091,24,Male,AU,2022-10-03
4092,47,Female,UK,2024-06-30
4093,24,Female,US,2024-04-14
4094,20,Female,US,2023-01-11
4095,18,Other,NZ,2024-07-14
4096,53,Female,NZ,2022-02-24
4097,42,Male,AU,2023-08-01
4098,54,Other,CN,2024-01-09
4099,18,Male,UK,2022-01-26
4100,32,Other,US,2023-03-17
4101,54,Other,NZ,2024-02-04
4102,30,Other,UK,2022-07-16
4103,57,Other,CN,2023-10-04
4104,25,Male,US,2022-08-31
4105,22,Female,US,2024-04-03
4106,26,Male,CN,2023-12-25
4107,18,Female,US,2022-07-09
4108,53,Male,CN,2024-03-12
4109,52,Other,US,2024-01-08
4110,19,Other,AU,2024-01-28
4111,57,Female,CN,2023-07-22
4112,40,Female,UK,2023-07-21
4113,26,Male,AU,2022-10-03
4114,51,Female,UK,2024-03-28
4115,63,Male,US,2023-02-13
4116,31,Female,UK,2022-12-06
4117,21,Female,AU,2022-06-02
4118,47,Female,CN,2023-07-19
4119,48,Other,NZ,2023-02-02
4120,55,Other,UK,2023-03-20
4121,28,Male,NZ,2023-09-15
4122,52,Female,UK,2023-03-03
4123,25,Male,UK,2024-08-15
4124,20,Female,CN,2023-05-02
4125,31,Other,US,2022-07-23
4126,30,Other,AU,2022-04-22
4127,62,Female,AU,2022-11-21
4128,49,Female,AU,2024-08-16
4129,51,Other,US,2022-09-15
4130,62,Other,NZ,2024-08-07
4131,36,Male,AU,2023-06-12
4132,55,Other,NZ,2024-08-08
4133,33,Female,US,2022-12-16
4134,19,Male,US,2024-07-27
4135,57,Female,CN,2024-08-14
4136,34,Male,AU,2023-11-09
4137,51,Female,CN,2024-03-23
4138,59,Other,AU,2024-06-12
4139,33,Female,US,2023-03-11
4140,55,Male,US,2023-03-02
4141,19,Female,UK,2022-10-07
4142,19,Male,UK,2023-01-06
4143,43,Female,US,2023-11-01
4144,30,Other,US,2024-07-21
4145,64,Other,NZ,2022-09-06
4146,48,Female,NZ,2024-06-09
4147,51,Female,CN,2022-06-30
4148,56,Female,UK,2023-12-04
4149,20,Male,UK,2024-09-25
4150,25,Female,US,2023-10-13
4151,40,Female,US,2022-03-19
4152,31,Male,CN,2024-07-07
4153,44,Other,UK,2024-06-03
4154,46,Female,NZ,2022-12-02
4155,56,Female,AU,2022-02-19
4156,56,Other,CN,2022-03-26
4157,18,Other,AU,2023-11-26
4158,34,Male,NZ,2023-11-26
4159,58,Female,NZ,2022-01-04
4160,47,Female,AU,2024-09-19
4161,30,Male,CN,2024-08-07
4162,38,Other,AU,2022-11-13
4163,36,Male,CN,2022-04-21
4164,36,Other,CN,2022-11-30
4165,42,Male,US,2024-04-30
4166,39,Other,UK,2024-02-02
4167,48,Male,UK,2022-05-13
4168,34,Other,NZ,2023-09-04
4169,40,Other,US,2024-09-17
4170,49,Other,UK,2024-07-02
4171,27,Other,CN,2023-11-15
4172,27,Other,CN,2024-03-09
4173,53,Female,AU,2022-04-29
4174,25,Other,AU,2022-12-16
4175,69,Female,CN,2024-07-05
4176,37,Other,CN,2023-11-18
4177,49,Female,AU,2023-06-26
4178,67,Female,UK,2022-02-24
4179,31,Male,NZ,2022-12-27
4180,67,Other,AU,2023-12-09
4181,45,Male,UK,2023-03-29
4182,63,Male,UK,2023-07-07
4183,69,Other,UK,2023-11-16
4184,41,Male,US,2022-11-26
4185,32,Other,US,2022-08-07
4186,39,Male,UK,2022-07-27
4187,47,Other,CN,2023-11-01
4188,21,Other,US,2024-04-24
4189,30,Other,AU,2024-01-10
4190,40,Female,US,2022-03-26
4191,25,Male,CN,2023-11-16
4192,35,Female,NZ,2022-09-02
4193,29,Male,US,2024-05-21
4194,48,Male,UK,2023-11-16
4195,31,Male,UK,2022-12-01
4196,51,Female,UK,2022-07-31
4197,35,Male,NZ,2023-08-19
4198,51,Female,CN,2023-11-16
4199,28,Other,AU,2022-07-02
4200,58,Male,CN,2024-08-12
4201,29,Male,NZ,2022-05-13
4202,66,Other,UK,2024-06-10
4203,32,Other,CN,2024-03-10
4204,48,Male,AU,2024-02-13
4205,66,Other,UK,2022-12-16
4206,46,Female,AU,2022-10-09
4207,43,Female,US,2022-10-20
4208,35,Male,AU,2022-09-26
4209,49,Female,UK,2024-05-10
4210,39,Female,US,2022-07-16
4211,55,Male,UK,2023-06-21
4212,34,Other,UK,2023-10-15
4213,40,Male,US,2024-09-10
4214,41,Female,AU,2024-01-05
4215,67,Male,NZ,2022-01-20
4216,25,Male,NZ,2024-01-29
4217,58,Female,NZ,2024-04-19
4218,23,Female,NZ,2024-08-13
4219,22,Male,CN,2023-12-14
4220,61,Female,NZ,2023-02-09
4221,46,Female,US,2022-04-25
4222,45,Female,NZ,2024-06-13
4223,28,Female,UK,2023-12-02
4224,18,Female,NZ,2024-09-06
4225,60,Female,AU,2024-09-01
4226,36,Other,US,2022-01-26
4227,26,Male,US,2023-07-20
4228,44,Female,CN,2023-11-13
4229,51,Male,UK,2023-01-30
4230,61,Other,US,2024-07-21
4231,21,Female,AU,2023-01-16
4232,53,Male,NZ,2023-06-07
4233,35,Female,US,2023-06-23
4234,32,Female,AU,2024-05-11
4235,68,Female,NZ,2022-03-24
4236,30,Female,CN,2024-03-12
4237,36,Female,US,2023-07-04
4238,66,Female,US,2023-03-21
4239,23,Female,AU,2022-03-28
4240,65,Other,UK,2024-08-06
4241,29,Other,CN,2024-04-12
4242,68,Female,UK,2023-01-22
4243,54,Female,US,2024-08-20
4244,34,Other,UK,2023-10-30
4245,40,Other,NZ,2023-02-02
4246,43,Other,CN,2024-03-30
4247,46,Female,UK,2022-10-13
4248,50,Male,NZ,2023-11-29
4249,44,Male,AU,2023-11-25
4250,42,Male,UK,2024-08-22
4251,27,Male,CN,2023-01-04
4252,64,Female,NZ,2023-10-17
4253,40,Male,UK,2023-02-26
4254,38,Other,AU,2023-12-19
4255,38,Other,UK,2023-10-16
4256,60,Male,NZ,2023-11-28
4257,30,Other,UK,2023-03-19
4258,54,Female,CN,2024-01-23
4259,50,Male,US,2023-06-04
4260,41,Male,NZ,2023-08-07
4261,61,Female,NZ,2024-07-03
4262,28,Other,NZ,2022-10-15
4263,34,Female,NZ,2022-04-05
4264,21,Female,UK,2023-10-31
4265,64,Other,CN,2022-02-10
4266,42,Female,AU,2022-11-27
4267,47,Other,CN,2024-03-23
4268,26,Other,NZ,2024-02-20
4269,38,Female,UK,2022-06-04
4270,37,Other,UK,2023-05-19
4271,36,Female,NZ,2022-10-02
4272,36,Other,UK,2023-10-28
4273,29,Male,NZ,2023-07-19
4274,54,Other,CN,2022-06-28
4275,59,Other,US,2024-07-21
4276,34,Female,UK,2024-01-22
4277,54,Other,NZ,2022-05-17
4278,65,Male,NZ,2024-02-06
4279,56,Male,UK,2024-09-14
4280,45,Other,AU,2024-01-06
4281,58,Other,NZ,2022-06-29
4282,52,Male,UK,2022-07-01
4283,64,Female,NZ,2022-09-16
4284,65,Male,AU,2022-08-31
4285,35,Male,US,2022-04-06
4286,31,Other,AU,2022-07-16
4287,52,Other,CN,2024-06-22
4288,61,Male,UK,2023-06-10
4289,58,Female,AU,2023-09-24
4290,24,Male,US,2023-01-22
4291,58,Male,NZ,2023-02-12
4292,30,Female,UK,2022-09-26
4293,35,Male,AU,2022-06-20
4294,54,Male,US,2024-07-13
4295,30,Other,AU,2023-08-07
4296,53,Female,CN,2023-11-22
4297,48,Other,UK,2022-06-19
4298,19,Other,NZ,2022-06-08
4299,33,Female,US,2023-05-24
4300,26,Female,AU,2023-03-23
4301,26,Male,UK,2023-10-28
4302,55,Other,AU,2024-07-02
4303,28,Female,UK,2022-03-23
4304,39,Other,CN,2022-02-26
4305,50,Other,AU,2023-06-03
4306,53,Female,CN,2022-04-22
4307,62,Male,US,2024-09-24
4308,40,Other,CN,2022-02-17
4309,62,Female,UK,2023-08-15
4310,62,Male,US,2024-06-05
4311,51,Other,AU,2023-01-11
4312,26,Female,AU,2024-04-07
4313,41,Other,UK,2022-02-02
4314,25,Female,NZ,2023-05-19
4315,24,Female,NZ,2023-09-19
4316,53,Other,AU,2024-06-14
4317,35,Other,UK,2022-01-03
4318,20,Female,NZ,2023-05-01
4319,45,Male,CN,2023-05-31
4320,23,Other,AU,2024-05-17
4321,61,Female,CN,2024-02-11
4322,61,Female,UK,2022-02-11
4323,38,Male,CN,2022-01-09
4324,45,Male,NZ,2024-09-26
4325,57,Male,NZ,2024-03-29
4326,18,Other,US,2023-10-19
4327,53,Female,AU,2024-07-01
4328,38,Female,UK,2023-09-01
4329,60,Female,AU,2024-02-27
4330,52,Male,CN,2022-05-22
4331,30,Female,UK,2024-02-29
4332,66,Other,UK,2023-03-12
4333,27,Male,NZ,2022-01-27
4334,61,Male,CN,2022-02-12
4335,64,Male,NZ,2022-05-11
4336,27,Male,NZ,2022-08-04
4337,63,Other,US,2023-08-29
4338,30,Female,NZ,2023-06-04
4339,54,Other,AU,2023-08-21
4340,55,Female,UK,2022-12-11
4341,41,Other,NZ,2023-05-23
4342,19,Male,AU,2023-10-12
4343,39,Male,CN,2024-05-30
4344,34,Other,UK,2023-02-17
4345,53,Other,CN,2024-07-24
4346,31,Female,AU,2022-09-03
4347,27,Other,CN,2023-03-25
4348,52,Other,CN,2022-01-21
4349,42,Female,CN,2024-09-25
4350,20,Female,NZ,2023-02-12
4351,64,Female,NZ,2023-04-02
4352,55,Other,NZ,2023-03-20
4353,34,Female,UK,2024-07-10
4354,29,Male,AU,2022-09-22
4355,69,Male,NZ,2023-10-22
4356,41,Male,CN,2022-07-03
4357,46,Other,CN,2022-08-15
4358,60,Male,CN,2024-03-14
4359,42,Other,CN,2023-07-02
4360,53,Other,US,2022-09-03
4361,43,Male,UK,2022-03-14
4362,55,Female,AU,2022-05-30
4363,18,Other,AU,2023-05-28
4364,37,Male,NZ,2022-03-10
4365,45,Other,US,2024-08-26
4366,33,Female,AU,2024-03-15
4367,64,Female,UK,2022-08-18
4368,34,Male,CN,2023-12-24
4369,57,Other,NZ,2022-03-13
4370,45,Other,UK,2024-05-24
4371,29,Other,AU,2023-08-31
4372,44,Other,US,2023-02-01
4373,59,Male,NZ,2022-03-25
4374,64,Female,AU,2024-01-10
4375,47,Male,NZ,2022-10-26
4376,58,Other,AU,2024-01-18
4377,51,Other,CN,2022-10-20
4378,54,Female,US,2024-01-04
4379,23,Other,CN,2024-08-27
4380,24,Male,AU,2022-08-11
4381,49,Male,UK,2024-03-03
4382,49,Female,CN,2024-01-03
4383,42,Male,UK,2022-08-04
4384,50,Male,AU,2022-08-19
4385,24,Male,US,2023-02-09
4386,69,Male,UK,2022-06-18
4387,29,Other,AU,2022-11-25
4388,33,Male,UK,2023-03-02
4389,33,Female,CN,2023-07-08
4390,60,Female,AU,2024-02-09
4391,53,Male,CN,2022-07-15
4392,30,Female,NZ,2024-06-22
4393,24,Male,AU,2023-08-31
4394,53,Female,UK,2024-04-08
4395,64,Female,NZ,2023-06-10
4396,68,Male,CN,2023-09-17
4397,26,Male,CN,2022-03-18
4398,49,Other,UK,2022-10-04
4399,28,Male,NZ,2024-07-08
4400,25,Male,US,2024-08-03
4401,50,Other,UK,2023-04-11
4402,40,Male,CN,2024-07-29
4403,42,Male,AU,2023-03-24
4404,25,Other,NZ,2022-11-16
4405,62,Male,US,2024-09-26
4406,39,Male,AU,2024-07-10
4407,21,Other,NZ,2022-06-09
4408,57,Other,UK,2023-05-07
4409,20,Female,UK,2022-11-09
4410,46,Male,NZ,2023-09-23
4411,58,Female,US,2024-08-06
4412,46,Female,NZ,2022-06-10
4413,51,Other,AU,2022-11-04
4414,51,Male,AU,2024-05-12
4415,45,Male,UK,2022-05-26
4416,30,Other,NZ,2023-11-06
4417,32,Female,UK,2023-01-31
4418,40,Other,US,2023-11-22
4419,61,Male,AU,2022-03-30
4420,43,Other,CN,2024-01-05
4421,21,Male,CN,2024-02-17
4422,43,Female,NZ,2024-01-21
4423,57,Male,NZ,2022-11-04
4424,26,Female,CN,2023-06-30
4425,22,Female,NZ,2023-01-06
4426,49,Male,AU,2023-03-27
4427,37,Male,US,2022-06-16
4428,67,Female,US,2023-01-27
4429,28,Other,UK,2023-09-29
4430,32,Male,AU,2024-01-06
4431,49,Female,NZ,2023-05-06
4432,45,Female,NZ,2024-07-13
4433,39,Other,UK,2022-05-30
4434,58,Male,UK,2023-04-13
4435,34,Female,NZ,2024-08-23
4436,43,Other,NZ,2023-12-02
4437,61,Female,AU,2022-02-12
4438,24,Male,UK,2024-08-02
4439,59,Other,AU,2022-01-29
4440,43,Female,NZ,2024-05-23
4441,42,Other,CN,2023-09-24
4442,27,Male,CN,2024-04-28
4443,62,Other,NZ,2022-01-31
4444,36,Male,UK,2023-11-24
4445,28,Female,CN,2023-11-05
4446,30,Male,UK,2022-05-08
4447,25,Female,CN,2024-02-06
4448,57,Female,UK,2022-10-21
4449,21,Male,CN,2023-03-17
4450,64,Female,UK,2024-05-18
4451,48,Other,AU,2023-01-23
4452,45,Female,UK,2024-02-05
4453,28,Male,AU,2023-10-04
4454,60,Other,AU,2023-06-08
4455,18,Other,NZ,2023-07-01
4456,66,Female,AU,2023-12-11
4457,64,Female,US,2024-01-30
4458,69,Male,AU,2022-04-20
4459,55,Other,UK,2022-11-24
4460,41,Male,AU,2023-02-09
4461,64,Female,UK,2022-09-02
4462,48,Other,UK,2024-02-01
4463,58,Male,US,2024-05-27
4464,63,Male,AU,2024-04-08
4465,67,Male,AU,2022-06-12
4466,43,Male,CN,2023-07-14
4467,66,Male,CN,2023-02-03
4468,67,Other,NZ,2023-08-06
4469,22,Male,UK,2023-02-03
4470,37,Other,US,2023-05-08
4471,69,Male,CN,2023-10-08
4472,58,Female,AU,2022-08-27
4473,28,Female,NZ,2023-04-10
4474,50,Male,US,2023-08-03
4475,67,Female,AU,2024-02-29
4476,55,Other,AU,2022-02-01
4477,44,Male,UK,2022-05-03
4478,51,Other,UK,2023-06-18
4479,32,Male,CN,2023-10-29
4480,49,Female,CN,2022-04-20
4481,38,Other,AU,2022-09-28
4482,63,Female,AU,2023-01-15
4483,22,Female,CN,2022-10-27
4484,23,Male,CN,2023-09-19
4485,55,Other,AU,2024-09-08
4486,39,Female,US,2024-01-02
4487,35,Male,AU,2024-01-12
4488,31,Male,US,2024-02-03
4489,27,Male,US,2022-09-06
4490,63,Female,AU,2023-06-05
4491,30,Male,NZ,2022-02-03
4492,48,Other,CN,2022-08-16
4493,47,Other,UK,2023-08-08
4494,20,Female,AU,2023-02-03
4495,47,Other,US,2024-08-15
4496,23,Male,AU,2024-03-23
4497,46,Female,CN,2023-12-25
4498,25,Male,US,2023-08-07
4499,61,Female,UK,2023-07-24
4500,62,Female,UK,2022-08-08
4501,60,Male,UK,2023-01-06
4502,61,Other,NZ,2024-02-26
4503,50,Other,US,2024-01-31
4504,34,Female,US,2023-06-12
4505,65,Male,NZ,2022-03-16
4506,28,Male,US,2023-09-10
4507,30,Female,NZ,2022-05-16
4508,67,Other,AU,2024-07-17
4509,28,Male,CN,2022-03-15
4510,48,Other,UK,2022-09-11
4511,45,Other,NZ,2022-01-18
4512,61,Female,NZ,2024-07-19
4513,23,Female,NZ,2022-02-12
4514,58,Other,AU,2022-02-19
4515,33,Male,NZ,2023-05-30
4516,21,Male,CN,2024-01-14
4517,52,Female,CN,2024-01-01
4518,65,Other,UK,2023-07-25
4519,43,Male,AU,2024-03-06
4520,29,Male,CN,2024-03-24
4521,28,Female,US,2023-07-30
4522,54,Other,US,2023-08-05
4523,42,Male,US,2022-10-30
4524,35,Female,NZ,2022-05-22
4525,36,Male,NZ,2024-06-21
4526,40,Male,US,2022-07-21
4527,55,Male,UK,2022-07-26
4528,35,Female,UK,2023-02-19
4529,43,Other,NZ,2022-08-09
4530,23,Female,US,2022-12-28
4531,21,Other,UK,2024-01-28
4532,61,Male,NZ,2022-03-22
4533,68,Other,US,2024-02-02
4534,46,Male,AU,2023-07-17
4535,51,Male,US,2022-10-12
4536,34,Female,US,2023-01-04
4537,60,Male,CN,2023-05-07
4538,60,Female,CN,2024-06-29
4539,33,Other,AU,2024-06-14
4540,19,Other,AU,2022-12-12
4541,51,Male,US,2022-07-23
4542,25,Female,UK,2022-01-25
4543,30,Male,AU,2024-08-14
4544,59,Female,US,2023-07-07
4545,25,Female,NZ,2022-03-10
4546,47,Female,CN,2023-05-31
4547,49,Other,UK,2023-05-07
4548,53,Female,US,2022-08-28
4549,64,Other,NZ,2022-12-27
4550,47,Female,CN,2023-03-17
4551,18,Other,NZ,2022-01-31
4552,60,Other,US,2024-06-17
4553,56,Other,AU,2023-09-21
4554,34,Male,CN,2023-12-08
4555,37,Female,NZ,2023-08-25
4556,41,Male,AU,2023-11-21
4557,67,Female,UK,2023-10-19
4558,39,Female,US,2024-08-13
4559,46,Male,US,2023-12-15
4560,39,Other,CN,2022-11-18
4561,61,Female,NZ,2022-12-10
4562,26,Other,UK,2023-12-16
4563,54,Male,CN,2023-06-20
4564,27,Other,CN,2022-12-21
4565,53,Female,NZ,2023-04-16
4566,54,Female,UK,2024-07-16
4567,45,Female,NZ,2024-09-09
4568,45,Male,US,2024-09-20
4569,59,Female,AU,2022-04-15
4570,60,Male,US,2024-02-26
4571,38,Other,US,2022-11-18
4572,41,Female,CN,2023-07-26
4573,59,Female,US,2024-06-01
4574,57,Female,UK,2024-08-19
4575,19,Other,US,2023-06-11
4576,25,Female,UK,2023-05-19
4577,65,Male,NZ,2022-03-26
4578,44,Other,CN,2024-07-19
4579,39,Other,UK,2023-12-10
4580,54,Other,US,2022-08-23
4581,44,Other,CN,2024-07-11
4582,46,Other,CN,2024-05-05
4583,20,Male,UK,2022-09-20
4584,61,Other,UK,2022-01-06
4585,30,Female,AU,2023-05-09
4586,62,Other,AU,2024-06-11
4587,27,Other,CN,2022-10-16
4588,53,Other,AU,2023-07-24
4589,26,Other,US,2024-08-02
4590,44,Other,NZ,2023-10-19
4591,51,Male,CN,2024-05-27
4592,68,Male,NZ,2023-07-08
4593,18,Other,AU,2022-12-16
4594,49,Male,UK,2022-07-19
4595,42,Female,CN,2024-07-24
4596,46,Other,AU,2023-11-17
4597,24,Female,US,2024-08-24
4598,66,Female,CN,2024-08-23
4599,20,Other,CN,2024-08-21
4600,37,Female,UK,2024-06-15
4601,37,Female,CN,2022-12-01
4602,47,Female,UK,2023-08-30
4603,52,Other,AU,2022-08-05
4604,52,Other,US,2023-09-15
4605,66,Female,US,2022-12-19
4606,56,Other,CN,2023-11-23
4607,44,Other,CN,2023-11-06
4608,43,Female,AU,2023-09-23
4609,31,Other,UK,2022-11-21
4610,34,Male,US,2024-06-19
4611,35,Other,UK,2022-08-16
4612,62,Male,AU,2022-05-25
4613,69,Female,US,2024-08-06
4614,46,Other,US,2022-11-04
4615,37,Female,NZ,2023-10-16
4616,44,Female,AU,2023-09-26
4617,35,Female,AU,2022-10-12
4618,21,Female,NZ,2023-01-27
4619,18,Female,UK,2024-01-08
4620,67,Other,NZ,2022-12-26
4621,18,Male,AU,2024-02-08
4622,43,Other,UK,2024-03-07
4623,62,Other,US,2024-07-20
4624,37,Other,NZ,2024-08-04
4625,69,Other,UK,2022-06-14
4626,40,Male,UK,2024-01-03
4627,27,Other,UK,2023-08-04
4628,28,Female,NZ,2024-03-31
4629,58,Other,US,2022-08-12
4630,58,Other,UK,2022-05-04
4631,22,Male,NZ,2024-08-05
4632,18,Male,AU,2022-12-10
4633,34,Female,NZ,2024-04-30
4634,39,Other,NZ,2023-06-08
4635,51,Other,NZ,2022-02-21
4636,62,Other,UK,2022-05-09
4637,58,Female,NZ,2022-05-15
4638,46,Male,AU,2023-10-19
4639,21,Female,UK,2022-05-07
4640,22,Other,AU,2024-01-08
4641,28,Male,CN,2024-07-27
4642,68,Male,NZ,2022-03-12
4643,38,Female,UK,2022-09-30
4644,52,Male,UK,2022-07-06
4645,29,Male,NZ,2022-01-03
4646,43,Other,US,2022-10-12
4647,68,Other,US,2022-01-22
4648,36,Male,AU,2022-06-15
4649,62,Male,NZ,2022-11-06
4650,24,Female,NZ,2024-05-24
4651,64,Female,CN,2023-04-22
4652,24,Male,US,2023-05-13
4653,43,Other,US,2023-03-10
4654,57,Male,NZ,2024-01-28
4655,22,Male,AU,2022-08-22
4656,38,Other,NZ,2024-04-16
4657,31,Other,AU,2023-11-01
4658,21,Female,US,2023-10-25
4659,40,Female,CN,2023-12-26
4660,59,Female,UK,2023-01-11
4661,37,Female,US,2023-12-31
4662,32,Other,AU,2022-09-03
4663,67,Male,NZ,2022-10-30
4664,69,Female,US,2023-02-09
4665,62,Female,CN,2024-02-27
4666,46,Other,AU,2023-10-25
4667,25,Other,NZ,2023-12-09
4668,58,Male,UK,2024-07-05
4669,65,Male,AU,2022-01-21
4670,36,Other,NZ,2022-09-14
4671,65,Female,UK,2023-02-03
4672,56,Female,NZ,2023-06-13
4673,63,Female,UK,2022-02-20
4674,45,Male,UK,2023-03-23
4675,63,Female,UK,2022-09-27
4676,44,Female,NZ,2024-04-06
4677,21,Other,UK,2023-08-18
4678,32,Female,AU,2024-03-28
4679,52,Other,CN,2023-09-28
4680,54,Female,CN,2024-03-12
4681,18,Male,UK,2022-09-19
4682,20,Female,CN,2022-12-31
4683,64,Female,CN,2022-02-18
4684,41,Other,UK,2023-06-02
4685,44,Other,UK,2023-09-21
4686,57,Other,AU,2022-04-28
4687,53,Female,US,2023-03-29
4688,51,Female,NZ,2024-02-14
4689,46,Male,UK,2024-05-14
4690,41,Female,UK,2024-08-30
4691,41,Male,CN,2024-08-04
4692,59,Other,AU,2024-06-04
4693,21,Other,CN,2023-10-03
4694,20,Other,UK,2023-02-01
4695,51,Male,UK,2023-11-14
4696,66,Female,CN,2022-01-27
4697,40,Other,UK,2023-12-12
4698,69,Female,US,2023-01-07
4699,40,Female,NZ,2024-06-17
4700,62,Other,NZ,2024-04-05
4701,22,Male,NZ,2024-05-06
4702,48,Female,US,2022-04-07
4703,58,Other,UK,2024-09-26
4704,23,Female,CN,2023-06-13
4705,54,Female,AU,2023-11-16
4706,27,Female,UK,2024-08-31
4707,57,Female,US,2023-09-05
4708,24,Female,US,2022-07-05
4709,56,Male,NZ,2023-11-27
4710,55,Male,UK,2024-08-07
4711,38,Other,NZ,2022-08-03
4712,37,Male,AU,2022-09-08
4713,20,Male,NZ,2022-08-04
4714,68,Male,AU,2022-01-29
4715,39,Female,US,2022-04-12
4716,64,Female,NZ,2022-05-03
4717,21,Other,NZ,2022-02-23
4718,45,Other,CN,2022-10-10
4719,29,Other,US,2023-09-06
4720,55,Female,CN,2022-04-27
4721,68,Male,AU,2023-09-08
4722,53,Male,AU,2023-07-11
4723,64,Female,US,2022-04-24
4724,58,Other,AU,2024-05-04
4725,22,Other,US,2023-06-27
4726,30,Other,AU,2023-11-07
4727,40,Female,UK,2024-09-03
4728,67,Other,NZ,2023-12-02
4729,47,Other,UK,2022-10-20
4730,54,Female,US,2022-07-14
4731,42,Male,US,2022-10-19
4732,65,Female,UK,2024-06-05
4733,44,Female,NZ,2022-09-18
4734,68,Female,NZ,2024-07-30
4735,31,Female,CN,2022-07-26
4736,65,Male,AU,2023-07-18
4737,64,Other,CN,2022-02-18
4738,53,Female,NZ,2022-01-06
4739,56,Male,UK,2023-01-14
4740,33,Other,AU,2023-01-29
4741,39,Other,UK,2024-06-04
4742,38,Other,CN,2022-08-12
4743,38,Female,US,2022-01-23
4744,25,Female,UK,2023-10-19
4745,66,Other,CN,2022-04-20
4746,33,Other,CN,2023-12-25
4747,48,Other,CN,2024-03-22
4748,59,Other,US,2023-07-07
4749,27,Other,US,2023-02-03
4750,49,Other,US,2022-06-21
4751,51,Male,AU,2023-11-29
4752,26,Other,US,2023-12-27
4753,34,Female,US,2022-11-02
4754,28,Female,US,2023-07-18
4755,49,Female,UK,2023-08-05
4756,27,Other,US,2023-12-09
4757,39,Female,AU,2024-08-16
4758,34,Male,CN,2024-08-11
4759,21,Other,UK,2022-05-31
4760,65,Female,NZ,2023-03-04
4761,69,Male,US,2023-09-13
4762,64,Male,CN,2023-04-12
4763,42,Female,CN,2023-09-22
4764,38,Male,UK,2024-05-26
4765,54,Female,NZ,2023-08-30
4766,55,Male,AU,2024-02-07
4767,66,Other,CN,2023-07-10
4768,18,Other,CN,2024-08-05
4769,42,Other,CN,2022-03-08
4770,68,Other,CN,2022-06-05
4771,53,Other,UK,2024-04-14
4772,34,Female,NZ,2022-07-25
4773,58,Other,CN,2024-02-25
4774,41,Other,AU,2022-06-04
4775,19,Other,AU,2023-11-22
4776,57,Other,US,2023-05-24
4777,32,Male,CN,2023-07-26
4778,49,Other,CN,2022-03-15
4779,56,Other,CN,2022-02-18
4780,23,Female,CN,2024-02-22
4781,18,Male,CN,2023-04-12
4782,64,Female,AU,2023-08-08
4783,40,Other,NZ,2023-12-09
4784,56,Female,NZ,2024-06-29
4785,34,Female,US,2022-06-28
4786,51,Other,AU,2022-02-17
4787,58,Male,CN,2022-03-13
4788,46,Male,NZ,2022-04-23
4789,26,Female,UK,2024-01-27
4790,30,Other,UK,2024-06-15
4791,23,Female,UK,2024-06-21
4792,23,Female,CN,2024-03-31
4793,37,Female,CN,2022-06-08
4794,69,Other,US,2024-02-25
4795,20,Other,US,2024-02-19
4796,34,Male,US,2024-03-26
4797,66,Other,UK,2022-01-30
4798,29,Female,CN,2022-04-07
4799,65,Female,UK,2022-09-08
4800,64,Male,US,2023-06-03
4801,62,Other,CN,2022-04-02
4802,18,Female,AU,2022-04-23
4803,34,Male,NZ,2022-09-16
4804,20,Male,NZ,2022-04-17
4805,43,Female,US,2023-07-29
4806,32,Female,UK,2023-01-25
4807,53,Other,AU,2024-09-17
4808,49,Male,CN,2022-12-24
4809,49,Female,UK,2024-02-22
4810,21,Male,US,2022-07-18
4811,35,Other,UK,2023-03-03
4812,66,Female,US,2023-04-23
4813,36,Other,NZ,2024-05-08
4814,60,Male,NZ,2024-04-28
4815,69,Other,UK,2023-05-18
4816,52,Other,AU,2023-10-20
4817,57,Male,CN,2024-07-06
4818,31,Other,US,2023-07-27
4819,50,Male,CN,2022-04-30
4820,31,Female,NZ,2023-07-27
4821,51,Male,AU,2022-11-05
4822,21,Male,AU,2023-06-22
4823,41,Female,CN,2023-09-19
4824,46,Male,NZ,2023-04-20
4825,36,Female,CN,2023-07-06
4826,23,Female,UK,2022-12-10
4827,50,Male,AU,2023-09-20
4828,66,Other,AU,2022-05-16
4829,57,Other,UK,2022-10-04
4830,36,Female,NZ,2024-09-15
4831,18,Other,AU,2024-03-21
4832,22,Other,US,2023-06-17
4833,44,Male,US,2024-06-17
4834,33,Female,NZ,2022-01-31
4835,23,Female,UK,2022-09-04
4836,57,Male,CN,2023-02-15
4837,30,Other,NZ,2022-01-27
4838,65,Female,CN,2022-03-14
4839,52,Other,NZ,2024-08-10
4840,36,Female,US,2022-04-07
4841,29,Female,UK,2023-11-04
4842,33,Female,US,2022-12-12
4843,60,Female,UK,2023-04-21
4844,27,Other,CN,2022-10-27
4845,42,Other,NZ,2022-10-26
4846,37,Other,AU,2022-10-14
4847,48,Other,AU,2024-06-03
4848,21,Male,UK,2023-03-25
4849,61,Female,UK,2022-07-31
4850,40,Female,US,2022-03-17
4851,19,Female,AU,2023-02-05
4852,39,Male,US,2023-10-17
4853,68,Other,CN,2022-02-03
4854,54,Female,AU,2023-05-13
4855,25,Other,CN,2024-04-27
4856,24,Other,NZ,2023-05-31
4857,31,Male,US,2022-11-24
4858,20,Male,UK,2022-04-08
4859,67,Other,AU,2023-01-01
4860,33,Female,US,2023-12-30
4861,36,Female,UK,2023-04-08
4862,68,Male,NZ,2022-01-28
4863,35,Male,AU,2023-12-14
4864,69,Male,CN,2023-01-21
4865,33,Male,NZ,2022-09-30
4866,25,Male,UK,2024-04-05
4867,50,Male,AU,2022-05-07
4868,66,Male,AU,2022-07-21
4869,29,Female,NZ,2023-06-05
4870,28,Male,AU,2022-10-14
4871,22,Male,UK,2023-03-26
4872,44,Female,NZ,2022-03-29
4873,29,Female,CN,2022-11-14
4874,34,Other,NZ,2022-01-19
4875,23,Male,NZ,2023-08-16
4876,50,Male,CN,2022-04-17
4877,22,Male,UK,2023-04-03
4878,45,Male,US,2022-11-07
4879,31,Other,US,2023-02-16
4880,22,Female,CN,2024-01-12
4881,50,Female,UK,2023-09-16
4882,67,Male,AU,2024-01-02
4883,65,Male,CN,2023-09-27
4884,58,Male,US,2023-05-13
4885,36,Other,UK,2022-09-01
4886,39,Other,NZ,2023-11-21
4887,22,Female,UK,2023-07-31
4888,19,Male,UK,2023-01-15
4889,47,Male,US,2023-05-30
4890,64,Male,US,2022-07-26
4891,56,Male,AU,2024-08-05
4892,21,Other,AU,2023-01-29
4893,50,Female,CN,2022-01-21
4894,30,Female,NZ,2024-03-15
4895,37,Other,AU,2023-06-11
4896,24,Male,US,2022-12-09
4897,32,Female,UK,2023-12-19
4898,40,Female,CN,2024-09-01
4899,31,Other,AU,2022-07-21
4900,40,Male,UK,2022-04-30
4901,36,Female,UK,2023-10-11
4902,46,Male,AU,2024-03-22
4903,37,Female,NZ,2024-03-17
4904,46,Other,NZ,2023-01-24
4905,41,Male,CN,2023-06-21
4906,35,Other,NZ,2024-04-03
4907,27,Female,CN,2022-08-22
4908,58,Other,US,2023-09-25
4909,25,Other,AU,2023-08-25
4910,43,Other,UK,2022-11-16
4911,46,Female,CN,2023-12-13
4912,27,Male,NZ,2024-09-08
4913,34,Other,CN,2022-06-29
4914,19,Male,CN,2024-05-06
4915,23,Female,NZ,2023-01-03
4916,22,Male,NZ,2022-03-17
4917,45,Other,AU,2023-10-11
4918,58,Other,UK,2023-10-12
4919,22,Other,AU,2023-05-11
4920,35,Other,AU,2023-06-06
4921,43,Other,NZ,2022-07-20
4922,37,Other,NZ,2024-04-09
4923,58,Female,UK,2022-12-12
4924,66,Female,CN,2023-04-28
4925,44,Female,AU,2022-08-07
4926,66,Male,UK,2022-03-01
4927,29,Male,AU,2024-09-17
4928,24,Female,CN,2023-10-21
4929,20,Male,AU,2023-09-11
4930,27,Male,US,2023-07-04
4931,51,Other,UK,2023-10-08
4932,42,Other,NZ,2024-06-29
4933,52,Male,AU,2022-08-09
4934,33,Male,UK,2024-03-25
4935,19,Female,UK,2024-07-29
4936,41,Male,AU,2023-05-17
4937,27,Other,NZ,2022-05-13
4938,55,Male,NZ,2024-04-25
4939,39,Female,AU,2022-02-22
4940,43,Other,UK,2023-03-26
4941,60,Other,NZ,2022-03-03
4942,56,Other,AU,2022-01-23
4943,44,Other,AU,2022-02-13
4944,46,Male,AU,2024-03-30
4945,64,Female,UK,2023-07-12
4946,55,Male,NZ,2023-10-21
4947,37,Male,UK,2023-12-29
4948,44,Other,US,2024-05-01
4949,58,Female,NZ,2022-02-16
4950,37,Other,UK,2024-05-08
4951,61,Male,NZ,2024-03-30
4952,36,Male,US,2022-01-24
4953,37,Other,CN,2023-10-19
4954,52,Male,AU,2022-03-30
4955,64,Male,UK,2022-06-23
4956,19,Other,US,2023-07-30
4957,47,Male,US,2022-04-29
4958,51,Female,NZ,2024-01-05
4959,39,Other,NZ,2023-10-30
4960,20,Female,AU,2022-06-27
4961,23,Male,NZ,2024-04-11
4962,32,Male,UK,2024-07-12
4963,44,Other,UK,2022-12-08
4964,27,Male,UK,2023-07-22
4965,26,Other,CN,2022-02-28
4966,50,Other,UK,2024-06-19
4967,49,Other,NZ,2023-03-14
4968,65,Other,NZ,2023-03-04
4969,23,Other,UK,2023-03-02
4970,58,Female,US,2024-08-25
4971,53,Other,US,2023-01-16
4972,19,Female,US,2023-05-01
4973,46,Male,AU,2024-01-02
4974,21,Other,CN,2022-07-04
4975,18,Male,UK,2023-07-13
4976,36,Other,AU,2023-04-05
4977,43,Female,US,2024-06-07
4978,42,Female,UK,2024-07-09
4979,27,Female,AU,2022-04-12
4980,32,Male,NZ,2023-07-10
4981,39,Other,US,2022-01-15
4982,68,Male,AU,2024-01-18
4983,65,Female,NZ,2024-05-22
4984,38,Male,US,2022-02-20
4985,39,Female,CN,2022-11-05
4986,53,Female,US,2022-02-03
4987,51,Female,CN,2023-09-28
4988,47,Other,CN,2023-08-12
4989,42,Other,CN,2024-06-22
4990,62,Female,UK,2023-09-27
4991,45,Male,UK,2022-07-24
4992,18,Male,CN,2024-01-10
4993,66,Other,NZ,2022-03-11
4994,62,Female,CN,2022-08-18
4995,21,Male,AU,2023-04-25
4996,24,Female,CN,2023-06-17
4997,66,Male,UK,2022-04-18
4998,26,Other,UK,2024-05-25
4999,53,Female,AU,2022-08-29
5000,36,Female,AU,2022-09-08
